PurchaseOrderID,PODate,SupplierID,ProductID,Quantity,UnitCost,Status,ExpectedDeliveryDate
PO0000001,2024-02-20,SUP009,SKU0042,4889,13.83,Approved,2024-03-12
PO0000002,2023-12-03,SUP029,SKU0022,3917,368.87,Approved,2024-01-06
PO0000003,2025-01-03,SUP050,SKU0101,1800,479.64,Received,2025-01-22
PO0000004,2024-06-26,SUP008,SKU0091,840,182.45,Delayed,2024-07-23
PO0000005,2024-09-15,SUP046,SKU0106,430,459.47,Received,2024-10-26
PO0000006,2023-10-31,SUP006,SKU0099,2133,540.11,Received,2023-11-16
PO0000007,2025-11-17,SUP004,SKU0092,2548,140.74,Ordered,2025-11-27
PO0000008,2023-03-05,SUP026,SKU0114,3804,296.29,In Transit,2023-04-12
PO0000009,2024-05-26,SUP007,SKU0120,3885,220.13,Ordered,2024-06-08
PO0000010,2023-09-06,SUP001,SKU0036,605,453.27,Ordered,2023-09-20
PO0000011,2023-09-25,SUP013,SKU0012,3381,28.28,Delayed,2023-11-05
PO0000012,2023-06-22,SUP038,SKU0065,4901,303.2,Approved,2023-07-16
PO0000013,2023-02-14,SUP005,SKU0050,1719,583.22,Received,2023-03-30
PO0000014,2023-09-21,SUP006,SKU0087,2816,498.68,Received,2023-10-07
PO0000015,2023-04-14,SUP011,SKU0077,4801,310.11,Delayed,2023-04-20
PO0000016,2025-03-19,SUP032,SKU0113,341,471.95,Received,2025-04-30
PO0000017,2023-12-20,SUP023,SKU0005,1858,447.78,Received,2024-01-20
PO0000018,2024-07-27,SUP029,SKU0114,1317,265.74,In Transit,2024-08-30
PO0000019,2024-05-18,SUP042,SKU0066,2517,452.27,In Transit,2024-06-25
PO0000020,2025-09-08,SUP004,SKU0091,818,187.23,Ordered,2025-09-18
PO0000021,2025-05-08,SUP013,SKU0071,4407,137.5,In Transit,2025-06-18
PO0000022,2023-02-09,SUP025,SKU0072,3041,17.18,Received,2023-03-18
PO0000023,2024-12-05,SUP037,SKU0074,4215,431.04,Received,2024-12-10
PO0000024,2024-01-04,SUP002,SKU0005,2712,422.01,Approved,2024-02-15
PO0000025,2024-07-29,SUP004,SKU0096,3964,417.21,In Transit,2024-08-08
PO0000026,2024-04-21,SUP011,SKU0040,920,67.32,Ordered,2024-04-27
PO0000027,2024-06-29,SUP035,SKU0004,558,516.91,Ordered,2024-07-30
PO0000028,2025-03-06,SUP023,SKU0095,1523,179.47,In Transit,2025-04-06
PO0000029,2024-10-13,SUP048,SKU0071,3039,156.75,Approved,2024-11-07
PO0000030,2024-12-21,SUP037,SKU0119,4717,413.03,Ordered,2024-12-26
PO0000031,2025-10-05,SUP035,SKU0087,2631,504.4,Approved,2025-11-05
PO0000032,2023-07-04,SUP004,SKU0049,2005,316.94,Approved,2023-07-14
PO0000033,2025-12-14,SUP031,SKU0005,105,400.04,In Transit,2026-01-27
PO0000034,2024-02-17,SUP009,SKU0039,2891,54.04,Received,2024-03-09
PO0000035,2023-05-02,SUP002,SKU0017,1310,597.79,Ordered,2023-06-13
PO0000036,2023-08-16,SUP034,SKU0060,3089,419.62,Received,2023-09-05
PO0000037,2025-03-21,SUP038,SKU0102,927,455.38,Received,2025-04-14
PO0000038,2023-10-07,SUP011,SKU0037,3678,381.3,Received,2023-10-13
PO0000039,2024-10-11,SUP012,SKU0075,4703,571.66,In Transit,2024-11-02
PO0000040,2024-12-31,SUP015,SKU0055,4924,175.05,Received,2025-02-10
PO0000041,2024-09-20,SUP047,SKU0032,2512,385.25,Delayed,2024-10-03
PO0000042,2023-01-04,SUP045,SKU0040,4792,69.35,In Transit,2023-01-17
PO0000043,2023-03-08,SUP012,SKU0038,2706,230.62,In Transit,2023-03-30
PO0000044,2024-03-28,SUP041,SKU0037,4732,331.74,Received,2024-04-07
PO0000045,2023-10-16,SUP022,SKU0013,737,254.95,Received,2023-11-16
PO0000046,2023-12-10,SUP041,SKU0117,826,343.11,Delayed,2023-12-20
PO0000047,2024-11-18,SUP029,SKU0096,193,395.29,Ordered,2024-12-22
PO0000048,2023-05-19,SUP023,SKU0017,2202,621.34,Delayed,2023-06-19
PO0000049,2023-01-03,SUP004,SKU0044,3261,510.99,Received,2023-01-13
PO0000050,2023-12-07,SUP027,SKU0041,4139,527.3,Received,2023-12-16
PO0000051,2025-02-07,SUP007,SKU0029,4027,313.46,In Transit,2025-02-20
PO0000052,2024-04-06,SUP011,SKU0064,3796,83.2,Approved,2024-04-12
PO0000053,2024-08-26,SUP002,SKU0016,2710,206.61,Approved,2024-10-07
PO0000054,2023-06-01,SUP022,SKU0049,1493,334.72,Ordered,2023-07-02
PO0000055,2023-06-03,SUP036,SKU0114,862,283.51,In Transit,2023-06-30
PO0000056,2025-09-15,SUP046,SKU0062,353,262.69,Delayed,2025-10-26
PO0000057,2023-12-04,SUP039,SKU0059,3656,544.73,Approved,2023-12-24
PO0000058,2024-11-09,SUP014,SKU0062,1656,261.52,In Transit,2024-12-16
PO0000059,2024-06-27,SUP043,SKU0071,2406,138.89,Approved,2024-07-25
PO0000060,2023-04-12,SUP026,SKU0072,4783,17.42,Received,2023-05-20
PO0000061,2023-11-11,SUP004,SKU0016,3055,195.45,Approved,2023-11-21
PO0000062,2024-08-26,SUP043,SKU0010,4034,32.47,Approved,2024-09-23
PO0000063,2024-02-28,SUP011,SKU0087,2490,590.86,Received,2024-03-05
PO0000064,2023-08-25,SUP020,SKU0051,3356,302.98,Delayed,2023-09-22
PO0000065,2024-06-26,SUP006,SKU0066,4557,442.19,Received,2024-07-12
PO0000066,2025-02-20,SUP024,SKU0111,1628,331.28,Received,2025-03-01
PO0000067,2025-06-19,SUP030,SKU0113,2257,456.82,Received,2025-07-12
PO0000068,2023-05-07,SUP010,SKU0107,892,509.23,Received,2023-05-29
PO0000069,2025-04-27,SUP049,SKU0054,4931,434.94,Approved,2025-05-22
PO0000070,2025-03-03,SUP034,SKU0100,3529,369.49,Delayed,2025-03-23
PO0000071,2025-08-30,SUP037,SKU0027,2030,262.24,Approved,2025-09-04
PO0000072,2025-03-19,SUP046,SKU0015,384,373.69,In Transit,2025-04-29
PO0000073,2023-10-29,SUP008,SKU0082,3778,92.36,Ordered,2023-11-25
PO0000074,2024-03-09,SUP013,SKU0032,1133,378.2,Approved,2024-04-19
PO0000075,2025-06-10,SUP013,SKU0082,1311,105.43,Received,2025-07-21
PO0000076,2024-10-16,SUP047,SKU0032,648,381.89,In Transit,2024-10-29
PO0000077,2025-03-24,SUP036,SKU0060,2771,411.64,In Transit,2025-04-20
PO0000078,2025-07-27,SUP001,SKU0097,4913,517.71,Received,2025-08-10
PO0000079,2023-08-19,SUP027,SKU0042,1325,13.94,In Transit,2023-08-28
PO0000080,2023-07-25,SUP007,SKU0111,4709,353.63,Received,2023-08-07
PO0000081,2026-01-01,SUP023,SKU0115,3466,190.33,Delayed,2026-02-01
PO0000082,2025-09-21,SUP037,SKU0095,3975,174.15,Received,2025-09-26
PO0000083,2025-04-05,SUP010,SKU0095,3390,174.2,Received,2025-04-27
PO0000084,2024-05-01,SUP004,SKU0011,3992,282.79,Received,2024-05-11
PO0000085,2023-02-11,SUP022,SKU0069,2582,214.06,Received,2023-03-14
PO0000086,2023-07-21,SUP015,SKU0006,1200,329.87,Delayed,2023-08-31
PO0000087,2025-06-26,SUP050,SKU0089,2728,368.16,Received,2025-07-15
PO0000088,2023-07-02,SUP013,SKU0017,3718,553.69,Received,2023-08-12
PO0000089,2025-09-19,SUP049,SKU0036,4331,456.4,Approved,2025-10-14
PO0000090,2025-11-21,SUP011,SKU0025,637,11.03,In Transit,2025-11-27
PO0000091,2025-04-06,SUP009,SKU0092,4394,159.05,Approved,2025-04-27
PO0000092,2023-12-22,SUP013,SKU0003,1744,44.44,Ordered,2024-02-01
PO0000093,2023-03-09,SUP030,SKU0079,514,15.93,Delayed,2023-04-01
PO0000094,2024-02-12,SUP018,SKU0025,3117,12.2,In Transit,2024-02-17
PO0000095,2025-03-23,SUP041,SKU0010,1114,35.8,Ordered,2025-04-02
PO0000096,2025-02-01,SUP032,SKU0114,4966,289.85,Received,2025-03-15
PO0000097,2024-12-17,SUP023,SKU0105,1439,417.54,Received,2025-01-17
PO0000098,2023-07-05,SUP019,SKU0042,324,14.66,Ordered,2023-07-10
PO0000099,2024-03-14,SUP015,SKU0037,1944,373.07,Received,2024-04-24
PO0000100,2025-04-18,SUP033,SKU0098,264,235.93,Delayed,2025-05-05
PO0000101,2023-01-19,SUP031,SKU0055,1183,169.54,In Transit,2023-03-04
PO0000102,2023-01-18,SUP015,SKU0051,2167,311.35,Received,2023-02-28
PO0000103,2024-07-17,SUP028,SKU0018,3184,552.53,Received,2024-08-10
PO0000104,2024-05-31,SUP014,SKU0076,3923,220.86,In Transit,2024-07-07
PO0000105,2025-03-24,SUP038,SKU0024,938,378.51,Delayed,2025-04-17
PO0000106,2025-02-05,SUP036,SKU0065,4964,325.52,Received,2025-03-04
PO0000107,2023-08-10,SUP031,SKU0047,622,352.08,Received,2023-09-23
PO0000108,2024-10-27,SUP018,SKU0033,2239,543.65,Delayed,2024-11-01
PO0000109,2024-09-03,SUP013,SKU0098,1328,220.65,Ordered,2024-10-14
PO0000110,2023-04-27,SUP039,SKU0044,3410,533.99,Delayed,2023-05-17
PO0000111,2023-10-14,SUP047,SKU0057,308,437.25,Received,2023-10-27
PO0000112,2024-06-15,SUP027,SKU0112,3414,251.6,Approved,2024-06-24
PO0000113,2024-01-24,SUP022,SKU0032,1921,431.78,Delayed,2024-02-24
PO0000114,2025-09-01,SUP043,SKU0006,3036,344.08,Ordered,2025-09-29
PO0000115,2024-01-06,SUP019,SKU0079,899,14.61,Delayed,2024-01-11
PO0000116,2024-06-13,SUP047,SKU0095,4679,201.99,Ordered,2024-06-26
PO0000117,2024-11-18,SUP042,SKU0090,831,251.83,Ordered,2024-12-26
PO0000118,2024-09-20,SUP027,SKU0024,2814,409.1,In Transit,2024-09-29
PO0000119,2024-08-25,SUP030,SKU0008,1064,459.17,Delayed,2024-09-17
PO0000120,2023-05-26,SUP031,SKU0118,1693,397.59,Delayed,2023-07-09
PO0000121,2025-02-20,SUP034,SKU0102,2544,462.59,Ordered,2025-03-12
PO0000122,2023-10-09,SUP013,SKU0088,2907,275.4,In Transit,2023-11-19
PO0000123,2025-07-26,SUP010,SKU0081,2691,322.9,Ordered,2025-08-17
PO0000124,2023-06-15,SUP032,SKU0063,2824,413.55,Ordered,2023-07-27
PO0000125,2024-10-03,SUP041,SKU0104,575,496.67,Received,2024-10-13
PO0000126,2024-03-04,SUP049,SKU0109,1481,174.87,Ordered,2024-03-29
PO0000127,2025-09-29,SUP049,SKU0052,821,15.85,Received,2025-10-24
PO0000128,2025-05-29,SUP026,SKU0079,3614,16.07,Received,2025-07-06
PO0000129,2023-01-10,SUP003,SKU0013,4472,252.88,Received,2023-02-11
PO0000130,2023-01-29,SUP021,SKU0078,4450,488.72,Delayed,2023-02-14
PO0000131,2023-01-09,SUP041,SKU0085,2138,557.74,Received,2023-01-19
PO0000132,2024-10-01,SUP009,SKU0016,941,211.93,In Transit,2024-10-22
PO0000133,2024-09-18,SUP011,SKU0117,634,343.25,Received,2024-09-24
PO0000134,2024-08-18,SUP030,SKU0027,4362,268.57,Received,2024-09-10
PO0000135,2025-06-07,SUP044,SKU0055,1196,159.51,Received,2025-06-17
PO0000136,2025-01-05,SUP049,SKU0064,1643,84.85,Received,2025-01-30
PO0000137,2023-02-09,SUP015,SKU0070,1937,167.81,Ordered,2023-03-22
PO0000138,2024-03-08,SUP047,SKU0079,279,14.96,Ordered,2024-03-21
PO0000139,2023-09-10,SUP024,SKU0025,406,11.17,Delayed,2023-09-19
PO0000140,2024-06-07,SUP050,SKU0006,4480,352.04,In Transit,2024-06-26
PO0000141,2023-04-09,SUP043,SKU0108,985,425.79,Approved,2023-05-07
PO0000142,2023-04-09,SUP045,SKU0024,1048,412.89,Received,2023-04-22
PO0000143,2023-09-11,SUP036,SKU0091,2170,194.86,Ordered,2023-10-08
PO0000144,2024-02-25,SUP045,SKU0048,176,24.8,Delayed,2024-03-09
PO0000145,2023-07-26,SUP043,SKU0094,4362,238.35,In Transit,2023-08-23
PO0000146,2023-10-08,SUP027,SKU0064,959,91.16,In Transit,2023-10-17
PO0000147,2023-08-30,SUP019,SKU0086,1033,99.35,Received,2023-09-04
PO0000148,2024-02-11,SUP039,SKU0120,1736,252.47,In Transit,2024-03-02
PO0000149,2024-02-18,SUP023,SKU0116,3456,133.52,Approved,2024-03-20
PO0000150,2025-10-13,SUP014,SKU0082,4037,95.48,Approved,2025-11-19
PO0000151,2023-01-27,SUP043,SKU0049,829,335.9,In Transit,2023-02-24
PO0000152,2025-10-08,SUP010,SKU0015,837,394.41,Approved,2025-10-30
PO0000153,2023-07-27,SUP017,SKU0003,1993,41.27,Received,2023-08-08
PO0000154,2024-06-24,SUP030,SKU0046,510,85.1,Ordered,2024-07-17
PO0000155,2023-03-22,SUP019,SKU0030,3050,500.99,Received,2023-03-27
PO0000156,2025-05-22,SUP048,SKU0062,1049,244.78,Approved,2025-06-16
PO0000157,2023-01-20,SUP009,SKU0027,1496,254.46,Received,2023-02-10
PO0000158,2024-07-03,SUP047,SKU0115,861,194.66,Received,2024-07-16
PO0000159,2024-01-10,SUP008,SKU0045,3383,350.71,Received,2024-02-06
PO0000160,2024-07-10,SUP025,SKU0024,4017,445.06,Delayed,2024-08-16
PO0000161,2023-12-08,SUP008,SKU0021,1185,518.37,Approved,2024-01-04
PO0000162,2023-11-23,SUP007,SKU0085,3508,638.57,Received,2023-12-06
PO0000163,2025-06-16,SUP012,SKU0026,3210,233.71,In Transit,2025-07-08
PO0000164,2023-03-01,SUP044,SKU0035,1170,189.61,Received,2023-03-11
PO0000165,2023-08-20,SUP027,SKU0048,3710,23.48,Received,2023-08-29
PO0000166,2024-10-05,SUP001,SKU0119,4399,468.67,In Transit,2024-10-19
PO0000167,2024-04-03,SUP043,SKU0072,2871,17.32,Delayed,2024-05-01
PO0000168,2023-07-15,SUP028,SKU0097,2136,513.52,Delayed,2023-08-08
PO0000169,2025-02-27,SUP010,SKU0050,4673,582.09,In Transit,2025-03-21
PO0000170,2023-04-22,SUP001,SKU0077,1385,314.66,Received,2023-05-06
PO0000171,2025-10-12,SUP011,SKU0078,713,547.16,Received,2025-10-18
PO0000172,2024-05-08,SUP022,SKU0066,2378,411.69,Ordered,2024-06-08
PO0000173,2025-02-14,SUP026,SKU0066,2025,414.27,Received,2025-03-24
PO0000174,2025-07-06,SUP006,SKU0037,4183,356.46,Approved,2025-07-22
PO0000175,2025-10-15,SUP048,SKU0045,245,329.41,Received,2025-11-09
PO0000176,2023-03-15,SUP036,SKU0058,4598,156.34,Approved,2023-04-11
PO0000177,2024-09-15,SUP033,SKU0042,4706,14.12,Delayed,2024-10-02
PO0000178,2025-07-23,SUP022,SKU0041,3076,521.76,Ordered,2025-08-23
PO0000179,2025-07-19,SUP022,SKU0069,4688,234.37,In Transit,2025-08-19
PO0000180,2025-08-26,SUP046,SKU0077,3076,327.88,Approved,2025-10-06
PO0000181,2023-07-19,SUP049,SKU0065,1916,286.85,Received,2023-08-13
PO0000182,2024-08-20,SUP036,SKU0078,4376,507.82,Approved,2024-09-16
PO0000183,2023-04-04,SUP011,SKU0086,4133,87.24,Delayed,2023-04-10
PO0000184,2025-04-18,SUP007,SKU0073,2183,100.73,Ordered,2025-05-01
PO0000185,2023-09-05,SUP026,SKU0022,1866,379.83,Ordered,2023-10-13
PO0000186,2024-11-23,SUP007,SKU0099,3495,449.06,Delayed,2024-12-06
PO0000187,2023-09-10,SUP050,SKU0028,3790,175.81,In Transit,2023-09-29
PO0000188,2025-10-29,SUP009,SKU0024,4186,378.26,Delayed,2025-11-19
PO0000189,2023-04-10,SUP036,SKU0089,3645,412.11,Received,2023-05-07
PO0000190,2025-11-07,SUP050,SKU0086,1551,97.61,Ordered,2025-11-26
PO0000191,2023-09-20,SUP007,SKU0089,3273,398.12,In Transit,2023-10-03
PO0000192,2024-10-21,SUP033,SKU0104,3251,542.31,In Transit,2024-11-07
PO0000193,2024-05-23,SUP018,SKU0034,3359,439.34,Received,2024-05-28
PO0000194,2025-07-16,SUP009,SKU0082,1231,97.11,Delayed,2025-08-06
PO0000195,2025-11-15,SUP020,SKU0061,4587,472.47,Delayed,2025-12-13
PO0000196,2024-03-21,SUP013,SKU0010,1817,35.41,Received,2024-05-01
PO0000197,2024-12-08,SUP044,SKU0033,1186,577.94,Delayed,2024-12-18
PO0000198,2023-12-31,SUP033,SKU0075,4544,571.74,Received,2024-01-17
PO0000199,2023-08-25,SUP049,SKU0102,2985,476.63,In Transit,2023-09-19
PO0000200,2025-05-04,SUP044,SKU0060,4473,367.78,Received,2025-05-14
PO0000201,2023-01-27,SUP034,SKU0071,972,131.02,Ordered,2023-02-16
PO0000202,2023-04-19,SUP043,SKU0111,563,314.81,Ordered,2023-05-17
PO0000203,2024-08-09,SUP044,SKU0118,2152,369.44,Approved,2024-08-19
PO0000204,2024-08-27,SUP014,SKU0096,4533,375.97,Received,2024-10-03
PO0000205,2023-07-29,SUP040,SKU0034,4702,431.4,Delayed,2023-08-06
PO0000206,2025-03-07,SUP016,SKU0017,4285,621.02,Delayed,2025-03-28
PO0000207,2024-08-12,SUP045,SKU0012,484,31.5,Received,2024-08-25
PO0000208,2025-05-03,SUP044,SKU0019,2661,517.68,Approved,2025-05-13
PO0000209,2023-01-27,SUP048,SKU0019,2158,445.44,Received,2023-02-21
PO0000210,2024-04-06,SUP041,SKU0120,3112,251.37,In Transit,2024-04-16
PO0000211,2024-02-07,SUP050,SKU0086,1685,90.13,Ordered,2024-02-26
PO0000212,2023-06-02,SUP012,SKU0108,1523,432.52,Approved,2023-06-24
PO0000213,2025-02-11,SUP003,SKU0102,3610,449.97,Received,2025-03-15
PO0000214,2023-09-24,SUP011,SKU0108,4884,441.69,Approved,2023-09-30
PO0000215,2024-11-07,SUP030,SKU0018,1368,468.73,Received,2024-11-30
PO0000216,2023-04-15,SUP050,SKU0037,2567,359.59,In Transit,2023-05-04
PO0000217,2025-01-03,SUP005,SKU0069,2703,223.6,Ordered,2025-02-16
PO0000218,2025-12-02,SUP005,SKU0030,4238,440.3,In Transit,2026-01-15
PO0000219,2025-04-06,SUP006,SKU0055,2962,155.51,Ordered,2025-04-22
PO0000220,2024-11-10,SUP022,SKU0080,3055,427.92,In Transit,2024-12-11
PO0000221,2025-12-22,SUP031,SKU0105,4698,416.45,Delayed,2026-02-04
PO0000222,2023-01-19,SUP008,SKU0085,2934,583.63,Delayed,2023-02-15
PO0000223,2024-05-14,SUP003,SKU0047,2729,355.36,Approved,2024-06-15
PO0000224,2025-03-01,SUP017,SKU0017,4525,613.93,Approved,2025-03-13
PO0000225,2025-11-24,SUP050,SKU0112,3171,258.09,In Transit,2025-12-13
PO0000226,2025-07-01,SUP032,SKU0003,459,39.94,Delayed,2025-08-12
PO0000227,2024-01-30,SUP021,SKU0092,4309,135.48,Approved,2024-02-15
PO0000228,2023-12-09,SUP050,SKU0026,4507,222.82,Delayed,2023-12-28
PO0000229,2023-05-15,SUP014,SKU0025,1846,12.3,Received,2023-06-21
PO0000230,2023-08-01,SUP014,SKU0076,4505,245.08,Delayed,2023-09-07
PO0000231,2025-06-10,SUP042,SKU0038,690,223.21,Ordered,2025-07-18
PO0000232,2023-02-18,SUP030,SKU0043,2817,123.16,Approved,2023-03-13
PO0000233,2023-04-22,SUP012,SKU0070,2163,162.38,In Transit,2023-05-14
PO0000234,2024-04-11,SUP017,SKU0115,3439,195.28,Delayed,2024-04-23
PO0000235,2025-04-08,SUP028,SKU0090,2691,240.88,Delayed,2025-05-02
PO0000236,2023-08-31,SUP035,SKU0105,148,402.19,In Transit,2023-10-01
PO0000237,2023-05-10,SUP049,SKU0089,4897,350.88,Approved,2023-06-04
PO0000238,2025-01-02,SUP033,SKU0051,969,291.94,Delayed,2025-01-19
PO0000239,2024-09-09,SUP039,SKU0071,808,138.43,Received,2024-09-29
PO0000240,2025-02-20,SUP026,SKU0046,352,92.02,In Transit,2025-03-30
PO0000241,2024-03-26,SUP009,SKU0098,3303,232.94,In Transit,2024-04-16
PO0000242,2024-08-27,SUP041,SKU0076,1280,220.67,Delayed,2024-09-06
PO0000243,2025-02-03,SUP001,SKU0054,4634,494.49,Ordered,2025-02-17
PO0000244,2023-09-10,SUP003,SKU0119,141,451.34,Received,2023-10-12
PO0000245,2023-06-24,SUP020,SKU0116,1820,146.13,Delayed,2023-07-22
PO0000246,2024-12-05,SUP014,SKU0119,3480,480.96,In Transit,2025-01-11
PO0000247,2023-10-19,SUP011,SKU0057,1607,400.39,Received,2023-10-25
PO0000248,2024-02-02,SUP008,SKU0055,1585,170.32,In Transit,2024-02-29
PO0000249,2023-04-22,SUP049,SKU0001,4596,324.52,In Transit,2023-05-17
PO0000250,2023-05-30,SUP019,SKU0078,651,494.98,Ordered,2023-06-04
PO0000251,2025-09-24,SUP022,SKU0025,3025,10.61,Delayed,2025-10-25
PO0000252,2024-04-25,SUP007,SKU0075,2435,563.51,Ordered,2024-05-08
PO0000253,2024-10-12,SUP032,SKU0022,3791,369.97,Delayed,2024-11-23
PO0000254,2024-09-18,SUP045,SKU0109,4885,160.27,In Transit,2024-10-01
PO0000255,2025-01-16,SUP021,SKU0084,3608,371.45,Received,2025-02-01
PO0000256,2024-05-19,SUP015,SKU0100,3672,322.91,Received,2024-06-29
PO0000257,2023-10-03,SUP044,SKU0073,2816,106.0,Received,2023-10-13
PO0000258,2025-07-01,SUP023,SKU0007,2602,326.34,Approved,2025-08-01
PO0000259,2023-12-26,SUP042,SKU0002,771,192.74,Ordered,2024-02-02
PO0000260,2024-02-07,SUP017,SKU0117,726,337.03,Approved,2024-02-19
PO0000261,2025-11-04,SUP041,SKU0108,355,438.93,In Transit,2025-11-14
PO0000262,2025-04-09,SUP050,SKU0071,4933,136.44,Approved,2025-04-28
PO0000263,2024-06-17,SUP035,SKU0057,4521,421.7,Ordered,2024-07-18
PO0000264,2025-01-19,SUP026,SKU0104,1929,594.44,In Transit,2025-02-26
PO0000265,2024-08-18,SUP009,SKU0018,3906,516.35,Approved,2024-09-08
PO0000266,2025-03-23,SUP024,SKU0079,4213,13.26,Ordered,2025-04-01
PO0000267,2023-12-06,SUP049,SKU0065,4311,295.66,Ordered,2023-12-31
PO0000268,2024-01-02,SUP037,SKU0051,4735,314.47,Ordered,2024-01-07
PO0000269,2025-09-17,SUP023,SKU0028,431,167.35,Received,2025-10-18
PO0000270,2024-04-19,SUP005,SKU0095,2265,186.89,Approved,2024-06-02
PO0000271,2024-02-28,SUP034,SKU0052,3059,16.74,Received,2024-03-19
PO0000272,2023-04-06,SUP003,SKU0088,2754,258.23,In Transit,2023-05-08
PO0000273,2024-07-14,SUP048,SKU0044,2257,525.52,In Transit,2024-08-08
PO0000274,2023-12-23,SUP025,SKU0029,3200,288.37,Delayed,2024-01-29
PO0000275,2023-06-09,SUP034,SKU0117,2160,314.4,Ordered,2023-06-29
PO0000276,2025-11-23,SUP026,SKU0110,2990,397.75,Received,2025-12-31
PO0000277,2025-09-24,SUP031,SKU0036,154,425.34,Ordered,2025-11-07
PO0000278,2025-06-19,SUP011,SKU0063,1984,368.9,Delayed,2025-06-25
PO0000279,2024-07-29,SUP014,SKU0073,1330,92.38,Received,2024-09-04
PO0000280,2023-08-31,SUP043,SKU0046,1986,90.92,Received,2023-09-28
PO0000281,2023-08-21,SUP031,SKU0024,4022,418.12,In Transit,2023-10-04
PO0000282,2023-11-27,SUP042,SKU0115,3466,180.67,Approved,2024-01-04
PO0000283,2023-09-19,SUP037,SKU0106,4952,454.22,Delayed,2023-09-24
PO0000284,2025-11-15,SUP003,SKU0017,4788,546.11,Ordered,2025-12-17
PO0000285,2024-06-12,SUP012,SKU0036,4332,464.15,In Transit,2024-07-04
PO0000286,2023-02-08,SUP047,SKU0072,2422,18.79,Ordered,2023-02-21
PO0000287,2025-07-08,SUP039,SKU0100,3961,362.84,Ordered,2025-07-28
PO0000288,2024-03-25,SUP027,SKU0058,1269,183.95,Ordered,2024-04-03
PO0000289,2025-11-12,SUP017,SKU0047,1473,380.32,Received,2025-11-24
PO0000290,2025-07-17,SUP039,SKU0064,4938,83.11,Received,2025-08-06
PO0000291,2025-02-28,SUP009,SKU0025,989,10.35,In Transit,2025-03-21
PO0000292,2025-10-29,SUP044,SKU0101,3538,515.93,In Transit,2025-11-08
PO0000293,2023-07-17,SUP012,SKU0070,3998,173.41,In Transit,2023-08-08
PO0000294,2023-03-21,SUP035,SKU0060,4223,403.62,Approved,2023-04-21
PO0000295,2025-09-14,SUP043,SKU0074,1167,482.93,In Transit,2025-10-12
PO0000296,2023-01-03,SUP050,SKU0081,3634,302.41,Received,2023-01-22
PO0000297,2023-03-30,SUP045,SKU0047,4440,358.83,Received,2023-04-12
PO0000298,2025-02-19,SUP023,SKU0066,4925,479.93,Delayed,2025-03-22
PO0000299,2023-07-20,SUP028,SKU0010,1196,32.85,Ordered,2023-08-13
PO0000300,2023-06-21,SUP019,SKU0112,4554,252.65,Ordered,2023-06-26
PO0000301,2023-01-12,SUP046,SKU0071,158,147.02,Approved,2023-02-22
PO0000302,2025-11-30,SUP001,SKU0012,3172,29.92,Delayed,2025-12-14
PO0000303,2024-10-08,SUP027,SKU0022,3067,352.97,Received,2024-10-17
PO0000304,2024-06-03,SUP017,SKU0112,4491,253.42,Received,2024-06-15
PO0000305,2024-07-18,SUP044,SKU0026,3355,232.64,Received,2024-07-28
PO0000306,2025-09-15,SUP012,SKU0097,3132,521.47,Received,2025-10-07
PO0000307,2024-06-03,SUP020,SKU0040,4832,68.68,Delayed,2024-07-01
PO0000308,2025-03-26,SUP048,SKU0077,1231,336.63,Delayed,2025-04-20
PO0000309,2023-09-01,SUP048,SKU0046,1982,91.51,Delayed,2023-09-26
PO0000310,2023-11-28,SUP007,SKU0072,1856,17.28,Received,2023-12-11
PO0000311,2023-04-17,SUP011,SKU0103,3287,250.95,Approved,2023-04-23
PO0000312,2023-07-06,SUP010,SKU0061,3963,478.21,Received,2023-07-28
PO0000313,2023-06-30,SUP005,SKU0025,2255,10.82,Approved,2023-08-13
PO0000314,2023-03-19,SUP047,SKU0099,3248,536.39,Received,2023-04-01
PO0000315,2025-12-03,SUP019,SKU0067,4994,189.28,Ordered,2025-12-08
PO0000316,2025-10-09,SUP029,SKU0044,187,486.51,Delayed,2025-11-12
PO0000317,2025-11-27,SUP019,SKU0109,1695,156.17,In Transit,2025-12-02
PO0000318,2025-11-11,SUP034,SKU0001,1997,334.58,Delayed,2025-12-01
PO0000319,2023-03-15,SUP024,SKU0018,2059,532.24,Ordered,2023-03-24
PO0000320,2023-06-27,SUP018,SKU0021,3372,484.15,Received,2023-07-02
PO0000321,2025-04-10,SUP038,SKU0052,1740,17.18,Delayed,2025-05-04
PO0000322,2023-05-21,SUP006,SKU0037,4602,344.74,In Transit,2023-06-06
PO0000323,2024-12-13,SUP023,SKU0097,2365,487.17,Ordered,2025-01-13
PO0000324,2025-07-20,SUP026,SKU0070,4809,144.62,Ordered,2025-08-27
PO0000325,2025-04-13,SUP033,SKU0106,972,492.95,In Transit,2025-04-30
PO0000326,2024-08-25,SUP022,SKU0042,1058,15.91,Received,2024-09-25
PO0000327,2024-05-27,SUP045,SKU0045,3727,391.21,In Transit,2024-06-09
PO0000328,2025-09-17,SUP050,SKU0059,2092,614.96,Received,2025-10-06
PO0000329,2025-08-01,SUP038,SKU0104,324,549.29,Received,2025-08-25
PO0000330,2023-05-19,SUP025,SKU0061,1905,456.27,Ordered,2023-06-25
PO0000331,2024-10-08,SUP027,SKU0057,2992,425.47,Approved,2024-10-17
PO0000332,2024-06-23,SUP016,SKU0013,2453,247.15,Delayed,2024-07-14
PO0000333,2024-12-01,SUP005,SKU0114,4642,318.29,Received,2025-01-14
PO0000334,2024-10-04,SUP023,SKU0011,1890,281.41,Received,2024-11-04
PO0000335,2024-01-10,SUP048,SKU0096,1657,414.69,Ordered,2024-02-04
PO0000336,2024-04-25,SUP048,SKU0100,2082,363.21,Ordered,2024-05-20
PO0000337,2024-04-14,SUP013,SKU0061,2145,470.32,Received,2024-05-25
PO0000338,2023-11-16,SUP050,SKU0100,973,312.31,Approved,2023-12-05
PO0000339,2025-10-05,SUP040,SKU0027,154,277.42,In Transit,2025-10-13
PO0000340,2023-03-28,SUP031,SKU0104,3140,564.58,Received,2023-05-11
PO0000341,2024-07-16,SUP032,SKU0067,1598,227.78,In Transit,2024-08-27
PO0000342,2024-07-27,SUP026,SKU0076,1919,241.47,Ordered,2024-09-03
PO0000343,2023-04-21,SUP034,SKU0090,3566,265.48,In Transit,2023-05-11
PO0000344,2023-03-08,SUP033,SKU0120,2944,234.09,Delayed,2023-03-25
PO0000345,2023-12-24,SUP030,SKU0100,1086,351.41,Received,2024-01-16
PO0000346,2024-10-08,SUP045,SKU0095,168,173.16,Ordered,2024-10-21
PO0000347,2025-02-16,SUP038,SKU0005,925,399.52,In Transit,2025-03-12
PO0000348,2024-06-15,SUP012,SKU0030,4593,450.08,Received,2024-07-07
PO0000349,2025-08-23,SUP040,SKU0072,2910,16.79,Received,2025-08-31
PO0000350,2025-05-18,SUP014,SKU0058,3533,180.68,Received,2025-06-24
PO0000351,2025-01-17,SUP026,SKU0064,2390,90.05,In Transit,2025-02-24
PO0000352,2023-09-26,SUP037,SKU0006,1972,365.17,Delayed,2023-10-01
PO0000353,2024-07-06,SUP016,SKU0056,4649,176.6,Received,2024-07-27
PO0000354,2024-02-06,SUP010,SKU0105,1325,389.02,Approved,2024-02-28
PO0000355,2023-12-28,SUP027,SKU0077,4192,291.33,Delayed,2024-01-06
PO0000356,2025-11-24,SUP035,SKU0012,2686,30.68,Received,2025-12-25
PO0000357,2024-05-28,SUP036,SKU0099,4751,449.18,Approved,2024-06-24
PO0000358,2023-12-01,SUP004,SKU0079,1865,15.62,Received,2023-12-11
PO0000359,2023-07-17,SUP029,SKU0049,2841,295.7,Received,2023-08-20
PO0000360,2024-06-11,SUP023,SKU0066,262,444.39,Received,2024-07-12
PO0000361,2024-02-12,SUP037,SKU0001,4817,336.85,In Transit,2024-02-17
PO0000362,2023-12-24,SUP050,SKU0031,2431,100.22,Delayed,2024-01-12
PO0000363,2025-11-11,SUP032,SKU0114,3761,315.84,Received,2025-12-23
PO0000364,2024-08-09,SUP030,SKU0035,1286,204.26,Delayed,2024-09-01
PO0000365,2024-11-21,SUP027,SKU0104,4782,540.78,Approved,2024-11-30
PO0000366,2023-06-12,SUP011,SKU0109,2914,162.88,Received,2023-06-18
PO0000367,2024-08-19,SUP046,SKU0023,2291,391.93,Received,2024-09-29
PO0000368,2024-07-09,SUP029,SKU0073,3075,103.44,In Transit,2024-08-12
PO0000369,2025-07-11,SUP027,SKU0042,1470,14.05,Approved,2025-07-20
PO0000370,2023-09-14,SUP047,SKU0006,2022,354.71,Delayed,2023-09-27
PO0000371,2023-06-13,SUP014,SKU0024,1467,411.23,Approved,2023-07-20
PO0000372,2023-05-11,SUP031,SKU0076,4592,209.44,Received,2023-06-24
PO0000373,2025-12-09,SUP049,SKU0031,781,95.03,In Transit,2026-01-03
PO0000374,2023-11-15,SUP006,SKU0114,3293,281.84,Ordered,2023-12-01
PO0000375,2024-08-04,SUP029,SKU0086,1135,87.07,Ordered,2024-09-07
PO0000376,2023-02-28,SUP003,SKU0071,3023,155.19,Received,2023-04-01
PO0000377,2025-09-02,SUP030,SKU0015,4528,406.02,In Transit,2025-09-25
PO0000378,2025-06-30,SUP009,SKU0106,4517,455.77,In Transit,2025-07-21
PO0000379,2025-07-24,SUP041,SKU0104,4720,544.11,Delayed,2025-08-03
PO0000380,2025-12-29,SUP020,SKU0035,2944,189.55,Ordered,2026-01-26
PO0000381,2023-07-03,SUP029,SKU0100,2622,328.94,Received,2023-08-06
PO0000382,2023-11-15,SUP020,SKU0030,186,425.25,Ordered,2023-12-13
PO0000383,2024-12-05,SUP019,SKU0117,3943,324.63,Delayed,2024-12-10
PO0000384,2025-10-04,SUP049,SKU0032,4008,399.59,Received,2025-10-29
PO0000385,2024-08-22,SUP039,SKU0073,1994,104.4,In Transit,2024-09-11
PO0000386,2025-02-04,SUP013,SKU0037,3472,387.81,Received,2025-03-17
PO0000387,2025-03-19,SUP016,SKU0099,1437,515.08,Delayed,2025-04-09
PO0000388,2025-03-09,SUP025,SKU0101,1907,461.34,Received,2025-04-15
PO0000389,2024-05-05,SUP034,SKU0074,2327,427.74,Delayed,2024-05-25
PO0000390,2025-12-25,SUP018,SKU0024,3482,393.68,Approved,2025-12-30
PO0000391,2024-01-09,SUP009,SKU0081,2472,277.62,Received,2024-01-30
PO0000392,2025-07-16,SUP018,SKU0104,4130,516.86,Approved,2025-07-21
PO0000393,2023-11-08,SUP004,SKU0038,4482,192.38,Approved,2023-11-18
PO0000394,2024-07-31,SUP018,SKU0019,1124,493.94,Delayed,2024-08-05
PO0000395,2023-01-17,SUP015,SKU0057,838,394.44,Received,2023-02-27
PO0000396,2024-03-20,SUP022,SKU0066,3542,435.32,Received,2024-04-20
PO0000397,2025-01-30,SUP030,SKU0026,359,213.84,Ordered,2025-02-22
PO0000398,2023-04-25,SUP018,SKU0029,3314,270.95,Received,2023-04-30
PO0000399,2024-01-07,SUP013,SKU0058,2148,184.73,Approved,2024-02-17
PO0000400,2023-09-07,SUP050,SKU0012,2139,28.35,Received,2023-09-26
PO0000401,2024-05-21,SUP048,SKU0097,374,484.37,Delayed,2024-06-15
PO0000402,2023-07-12,SUP034,SKU0110,1807,371.99,Delayed,2023-08-01
PO0000403,2024-10-01,SUP021,SKU0057,1399,435.02,Approved,2024-10-17
PO0000404,2025-12-02,SUP008,SKU0041,2175,488.05,Received,2025-12-29
PO0000405,2024-02-11,SUP024,SKU0092,526,158.58,Ordered,2024-02-20
PO0000406,2023-08-20,SUP016,SKU0066,3656,436.49,Ordered,2023-09-10
PO0000407,2024-07-19,SUP038,SKU0086,1080,92.04,Ordered,2024-08-12
PO0000408,2023-01-19,SUP003,SKU0083,4860,407.05,Received,2023-02-20
PO0000409,2023-11-14,SUP024,SKU0105,833,371.47,Received,2023-11-23
PO0000410,2023-07-07,SUP044,SKU0073,2872,107.04,Delayed,2023-07-17
PO0000411,2023-05-03,SUP004,SKU0078,3012,536.02,Delayed,2023-05-13
PO0000412,2023-08-08,SUP009,SKU0019,4096,448.24,In Transit,2023-08-29
PO0000413,2024-12-12,SUP029,SKU0043,1680,122.71,Received,2025-01-15
PO0000414,2025-01-03,SUP047,SKU0072,1203,16.39,Approved,2025-01-16
PO0000415,2025-09-20,SUP046,SKU0090,3684,269.79,In Transit,2025-10-31
PO0000416,2025-09-30,SUP013,SKU0063,4742,377.73,Received,2025-11-10
PO0000417,2024-10-24,SUP047,SKU0084,3937,379.93,In Transit,2024-11-06
PO0000418,2023-11-25,SUP005,SKU0033,4451,490.82,Received,2024-01-08
PO0000419,2024-06-23,SUP035,SKU0079,3107,14.56,Delayed,2024-07-24
PO0000420,2025-11-02,SUP025,SKU0012,1619,31.24,In Transit,2025-12-09
PO0000421,2025-01-15,SUP050,SKU0100,2056,325.89,Approved,2025-02-03
PO0000422,2025-03-04,SUP013,SKU0116,4393,144.32,In Transit,2025-04-14
PO0000423,2023-11-12,SUP040,SKU0094,2419,240.98,Delayed,2023-11-20
PO0000424,2024-10-21,SUP008,SKU0086,888,94.44,Approved,2024-11-17
PO0000425,2023-03-31,SUP009,SKU0108,1563,443.96,Ordered,2023-04-21
PO0000426,2023-08-08,SUP032,SKU0075,1669,506.18,In Transit,2023-09-19
PO0000427,2025-03-06,SUP043,SKU0109,4113,173.13,Delayed,2025-04-03
PO0000428,2024-06-08,SUP004,SKU0061,3101,416.07,Delayed,2024-06-18
PO0000429,2023-05-26,SUP001,SKU0105,1809,403.31,Approved,2023-06-09
PO0000430,2025-08-16,SUP041,SKU0099,597,480.11,Delayed,2025-08-26
PO0000431,2025-05-01,SUP024,SKU0059,577,622.7,Received,2025-05-10
PO0000432,2025-12-19,SUP003,SKU0039,676,55.25,Approved,2026-01-20
PO0000433,2024-03-18,SUP034,SKU0075,895,506.46,Ordered,2024-04-07
PO0000434,2025-12-24,SUP025,SKU0017,1652,551.54,Delayed,2026-01-30
PO0000435,2024-05-24,SUP037,SKU0034,1565,406.76,In Transit,2024-05-29
PO0000436,2025-04-30,SUP048,SKU0120,964,251.91,In Transit,2025-05-25
PO0000437,2025-01-03,SUP044,SKU0052,3857,17.81,Received,2025-01-13
PO0000438,2023-08-02,SUP011,SKU0111,1577,338.26,In Transit,2023-08-08
PO0000439,2024-11-22,SUP043,SKU0053,1395,508.41,In Transit,2024-12-20
PO0000440,2025-06-26,SUP023,SKU0061,2681,445.09,Received,2025-07-27
PO0000441,2025-01-31,SUP027,SKU0120,3627,254.77,Received,2025-02-09
PO0000442,2024-05-07,SUP037,SKU0002,4569,170.09,In Transit,2024-05-12
PO0000443,2024-06-04,SUP024,SKU0041,3806,484.75,Received,2024-06-13
PO0000444,2023-01-01,SUP047,SKU0012,383,31.82,In Transit,2023-01-14
PO0000445,2023-02-03,SUP034,SKU0020,1206,465.67,Received,2023-02-23
PO0000446,2023-01-14,SUP020,SKU0014,1917,336.53,Received,2023-02-11
PO0000447,2023-02-14,SUP050,SKU0111,2360,362.98,In Transit,2023-03-05
PO0000448,2023-11-13,SUP007,SKU0078,409,516.83,Ordered,2023-11-26
PO0000449,2023-10-11,SUP017,SKU0092,3107,159.35,Ordered,2023-10-23
PO0000450,2024-04-22,SUP017,SKU0055,2560,151.25,Received,2024-05-04
PO0000451,2024-03-21,SUP047,SKU0105,732,408.62,Received,2024-04-03
PO0000452,2023-12-21,SUP032,SKU0007,4820,348.1,Approved,2024-02-01
PO0000453,2024-09-07,SUP003,SKU0004,4820,479.35,Approved,2024-10-09
PO0000454,2024-11-15,SUP023,SKU0018,3657,507.61,Approved,2024-12-16
PO0000455,2024-04-09,SUP048,SKU0113,193,496.22,Delayed,2024-05-04
PO0000456,2025-02-22,SUP004,SKU0037,2596,362.03,Received,2025-03-04
PO0000457,2023-11-03,SUP021,SKU0051,4215,316.8,Ordered,2023-11-19
PO0000458,2023-04-14,SUP044,SKU0087,3318,590.22,In Transit,2023-04-24
PO0000459,2025-10-30,SUP006,SKU0074,1919,440.91,Received,2025-11-15
PO0000460,2023-10-31,SUP009,SKU0117,2853,295.46,In Transit,2023-11-21
PO0000461,2023-04-11,SUP036,SKU0013,3370,256.27,Received,2023-05-08
PO0000462,2025-10-24,SUP028,SKU0013,1168,283.15,Received,2025-11-17
PO0000463,2024-02-10,SUP032,SKU0015,3338,384.9,Ordered,2024-03-23
PO0000464,2025-12-09,SUP016,SKU0016,2085,198.39,Received,2025-12-30
PO0000465,2024-10-24,SUP044,SKU0084,4818,365.16,Delayed,2024-11-03
PO0000466,2025-04-27,SUP028,SKU0095,3092,186.08,Received,2025-05-21
PO0000467,2024-12-06,SUP039,SKU0088,298,295.62,Ordered,2024-12-26
PO0000468,2024-12-17,SUP040,SKU0065,3722,326.42,Received,2024-12-25
PO0000469,2023-04-02,SUP015,SKU0063,1735,417.93,Ordered,2023-05-13
PO0000470,2023-06-25,SUP008,SKU0062,546,252.66,In Transit,2023-07-22
PO0000471,2023-10-30,SUP019,SKU0111,212,324.41,Approved,2023-11-04
PO0000472,2024-09-16,SUP029,SKU0073,3959,89.14,Ordered,2024-10-20
PO0000473,2024-03-09,SUP014,SKU0104,4576,553.85,Received,2024-04-15
PO0000474,2025-09-16,SUP040,SKU0084,1257,413.33,Delayed,2025-09-24
PO0000475,2023-02-07,SUP025,SKU0031,4875,111.59,In Transit,2023-03-16
PO0000476,2023-03-31,SUP017,SKU0048,1495,23.56,Ordered,2023-04-12
PO0000477,2024-07-09,SUP004,SKU0012,3908,29.92,Approved,2024-07-19
PO0000478,2023-05-17,SUP025,SKU0073,2322,101.76,Delayed,2023-06-23
PO0000479,2025-01-07,SUP007,SKU0113,256,463.22,Delayed,2025-01-20
PO0000480,2025-03-02,SUP015,SKU0081,3218,301.59,Delayed,2025-04-12
PO0000481,2023-07-23,SUP021,SKU0109,4070,184.87,In Transit,2023-08-08
PO0000482,2023-06-30,SUP012,SKU0026,1729,221.38,Received,2023-07-22
PO0000483,2023-02-14,SUP003,SKU0074,2126,484.74,Received,2023-03-18
PO0000484,2024-11-14,SUP032,SKU0078,3322,546.42,Approved,2024-12-26
PO0000485,2024-12-11,SUP044,SKU0047,2982,353.47,Received,2024-12-21
PO0000486,2024-04-28,SUP033,SKU0066,2359,480.59,Delayed,2024-05-15
PO0000487,2024-06-11,SUP025,SKU0113,341,526.21,Received,2024-07-18
PO0000488,2024-04-06,SUP010,SKU0067,2899,224.16,Delayed,2024-04-28
PO0000489,2023-10-09,SUP006,SKU0039,3231,52.0,Delayed,2023-10-25
PO0000490,2024-04-10,SUP027,SKU0008,2069,468.62,Received,2024-04-19
PO0000491,2024-10-01,SUP039,SKU0112,2797,254.73,Ordered,2024-10-21
PO0000492,2024-02-28,SUP042,SKU0094,1235,253.89,Delayed,2024-04-06
PO0000493,2024-02-19,SUP009,SKU0070,2631,166.57,In Transit,2024-03-11
PO0000494,2023-10-04,SUP028,SKU0026,1289,228.27,In Transit,2023-10-28
PO0000495,2023-11-20,SUP021,SKU0107,655,561.61,Delayed,2023-12-06
PO0000496,2023-08-31,SUP012,SKU0057,2701,452.87,Ordered,2023-09-22
PO0000497,2023-03-02,SUP049,SKU0092,2710,159.07,Received,2023-03-27
PO0000498,2025-04-22,SUP020,SKU0039,3729,54.33,Delayed,2025-05-20
PO0000499,2024-07-14,SUP010,SKU0074,1639,411.84,Ordered,2024-08-05
PO0000500,2023-02-23,SUP049,SKU0015,2286,381.42,In Transit,2023-03-20
PO0000501,2024-04-17,SUP039,SKU0033,2002,498.82,Approved,2024-05-07
PO0000502,2025-01-05,SUP006,SKU0039,4004,48.0,In Transit,2025-01-21
PO0000503,2025-08-18,SUP046,SKU0035,3163,178.23,Received,2025-09-28
PO0000504,2025-10-03,SUP031,SKU0096,1226,386.88,Ordered,2025-11-16
PO0000505,2023-03-08,SUP027,SKU0051,222,330.68,Received,2023-03-17
PO0000506,2024-03-31,SUP048,SKU0016,1761,228.17,Approved,2024-04-25
PO0000507,2023-12-29,SUP029,SKU0062,4113,276.36,Received,2024-02-01
PO0000508,2024-05-20,SUP028,SKU0061,3416,465.02,In Transit,2024-06-13
PO0000509,2025-02-18,SUP047,SKU0049,2663,304.04,Delayed,2025-03-03
PO0000510,2025-12-11,SUP042,SKU0012,415,29.14,Received,2026-01-18
PO0000511,2025-07-24,SUP003,SKU0093,2112,74.57,Received,2025-08-25
PO0000512,2023-03-22,SUP036,SKU0040,3273,71.12,Delayed,2023-04-18
PO0000513,2023-04-11,SUP013,SKU0080,2485,440.95,Received,2023-05-22
PO0000514,2024-08-08,SUP030,SKU0077,1463,309.44,In Transit,2024-08-31
PO0000515,2023-04-22,SUP045,SKU0029,4335,320.28,Received,2023-05-05
PO0000516,2025-07-14,SUP006,SKU0103,4201,211.86,In Transit,2025-07-30
PO0000517,2023-10-05,SUP026,SKU0102,3487,454.15,Approved,2023-11-12
PO0000518,2024-01-02,SUP030,SKU0024,4935,453.19,Ordered,2024-01-25
PO0000519,2025-07-20,SUP006,SKU0102,2148,454.21,Delayed,2025-08-05
PO0000520,2023-12-02,SUP046,SKU0086,1112,86.31,Delayed,2024-01-12
PO0000521,2025-07-09,SUP041,SKU0012,3073,26.61,Delayed,2025-07-19
PO0000522,2025-02-25,SUP047,SKU0013,4291,275.08,Ordered,2025-03-10
PO0000523,2025-02-14,SUP036,SKU0053,3217,458.93,Ordered,2025-03-13
PO0000524,2024-11-17,SUP037,SKU0063,1329,375.76,Ordered,2024-11-22
PO0000525,2024-01-02,SUP050,SKU0093,520,73.1,Received,2024-01-21
PO0000526,2025-07-02,SUP019,SKU0021,1580,460.65,Ordered,2025-07-07
PO0000527,2024-02-20,SUP001,SKU0061,2173,397.69,Received,2024-03-05
PO0000528,2025-10-18,SUP035,SKU0096,147,423.73,Received,2025-11-18
PO0000529,2024-05-02,SUP014,SKU0094,4923,257.81,Received,2024-06-08
PO0000530,2025-04-19,SUP029,SKU0031,750,105.3,Approved,2025-05-23
PO0000531,2024-05-16,SUP036,SKU0116,2378,142.55,In Transit,2024-06-12
PO0000532,2024-03-01,SUP004,SKU0081,1614,279.9,Delayed,2024-03-11
PO0000533,2024-12-15,SUP003,SKU0091,1290,209.72,Delayed,2025-01-16
PO0000534,2024-09-03,SUP022,SKU0055,818,149.84,Received,2024-10-04
PO0000535,2024-01-01,SUP011,SKU0044,2429,528.88,Delayed,2024-01-07
PO0000536,2023-12-30,SUP030,SKU0001,4842,317.9,Approved,2024-01-22
PO0000537,2023-07-10,SUP050,SKU0029,2551,285.85,Received,2023-07-29
PO0000538,2023-05-19,SUP049,SKU0056,3600,191.32,Approved,2023-06-13
PO0000539,2024-08-22,SUP031,SKU0013,1202,248.71,Received,2024-10-05
PO0000540,2024-11-05,SUP034,SKU0048,3489,25.96,Delayed,2024-11-25
PO0000541,2024-03-04,SUP040,SKU0073,576,90.85,Delayed,2024-03-12
PO0000542,2025-12-19,SUP006,SKU0055,4062,172.07,In Transit,2026-01-04
PO0000543,2024-08-11,SUP028,SKU0027,2692,250.82,In Transit,2024-09-04
PO0000544,2024-12-25,SUP009,SKU0094,4709,249.66,Delayed,2025-01-15
PO0000545,2025-10-16,SUP032,SKU0067,1573,223.59,Ordered,2025-11-27
PO0000546,2024-08-17,SUP013,SKU0061,112,407.03,Received,2024-09-27
PO0000547,2023-08-30,SUP048,SKU0019,1798,501.93,Received,2023-09-24
PO0000548,2025-04-27,SUP003,SKU0010,2834,33.51,Delayed,2025-05-29
PO0000549,2024-03-10,SUP001,SKU0092,1748,153.45,Received,2024-03-24
PO0000550,2023-05-19,SUP020,SKU0100,2559,338.46,Received,2023-06-16
PO0000551,2023-01-13,SUP008,SKU0051,2830,295.08,Delayed,2023-02-09
PO0000552,2023-03-01,SUP012,SKU0013,1689,259.93,Received,2023-03-23
PO0000553,2025-09-08,SUP031,SKU0066,391,465.55,Received,2025-10-22
PO0000554,2023-11-15,SUP041,SKU0008,3873,498.11,In Transit,2023-11-25
PO0000555,2024-11-17,SUP030,SKU0042,3491,16.28,Approved,2024-12-10
PO0000556,2025-12-03,SUP020,SKU0099,4728,516.07,Received,2025-12-31
PO0000557,2023-02-08,SUP014,SKU0112,4830,266.9,Received,2023-03-17
PO0000558,2023-05-16,SUP010,SKU0119,2397,475.19,Received,2023-06-07
PO0000559,2025-02-07,SUP041,SKU0055,4476,175.97,In Transit,2025-02-17
PO0000560,2025-03-08,SUP012,SKU0095,4975,177.19,Received,2025-03-30
PO0000561,2024-10-06,SUP046,SKU0119,359,424.54,Approved,2024-11-16
PO0000562,2025-10-14,SUP016,SKU0048,3144,25.58,Received,2025-11-04
PO0000563,2024-03-18,SUP034,SKU0004,2576,459.07,Received,2024-04-07
PO0000564,2023-03-18,SUP050,SKU0117,1755,349.02,Received,2023-04-06
PO0000565,2025-11-02,SUP002,SKU0053,4053,545.89,Ordered,2025-12-14
PO0000566,2024-01-25,SUP022,SKU0067,4060,217.31,In Transit,2024-02-25
PO0000567,2024-09-27,SUP050,SKU0102,2781,437.18,Approved,2024-10-16
PO0000568,2025-11-23,SUP044,SKU0009,1187,158.14,Approved,2025-12-03
PO0000569,2025-07-29,SUP025,SKU0031,4379,95.28,Received,2025-09-04
PO0000570,2023-04-01,SUP044,SKU0025,4968,12.31,Received,2023-04-11
PO0000571,2025-08-14,SUP003,SKU0094,944,250.87,Delayed,2025-09-15
PO0000572,2024-10-01,SUP002,SKU0016,4831,228.2,Delayed,2024-11-12
PO0000573,2024-03-05,SUP021,SKU0049,1742,291.52,Received,2024-03-21
PO0000574,2025-12-26,SUP021,SKU0113,3713,499.82,Received,2026-01-11
PO0000575,2023-11-02,SUP011,SKU0019,2341,437.04,In Transit,2023-11-08
PO0000576,2025-11-18,SUP007,SKU0037,1792,363.33,In Transit,2025-12-01
PO0000577,2024-10-14,SUP018,SKU0111,1259,364.6,Received,2024-10-19
PO0000578,2024-05-16,SUP011,SKU0013,683,258.9,Received,2024-05-22
PO0000579,2025-06-27,SUP004,SKU0065,1165,288.56,Delayed,2025-07-07
PO0000580,2023-04-14,SUP007,SKU0111,3242,305.02,Received,2023-04-27
PO0000581,2025-03-13,SUP012,SKU0054,4983,496.01,Delayed,2025-04-04
PO0000582,2025-07-02,SUP040,SKU0079,3013,14.15,Ordered,2025-07-10
PO0000583,2025-12-28,SUP006,SKU0013,3914,272.7,Approved,2026-01-13
PO0000584,2025-08-17,SUP007,SKU0107,3832,534.18,Delayed,2025-08-30
PO0000585,2025-08-11,SUP031,SKU0067,1998,226.24,Ordered,2025-09-24
PO0000586,2024-06-12,SUP024,SKU0103,3311,215.08,Delayed,2024-06-21
PO0000587,2024-11-07,SUP021,SKU0055,3813,164.28,Approved,2024-11-23
PO0000588,2025-08-31,SUP008,SKU0029,2979,295.08,Ordered,2025-09-27
PO0000589,2024-08-01,SUP050,SKU0010,2955,35.27,Ordered,2024-08-20
PO0000590,2025-11-06,SUP007,SKU0023,3423,408.22,Approved,2025-11-19
PO0000591,2024-10-29,SUP036,SKU0078,681,551.43,In Transit,2024-11-25
PO0000592,2025-08-02,SUP026,SKU0090,4937,262.02,In Transit,2025-09-09
PO0000593,2024-05-14,SUP036,SKU0106,1402,533.42,Received,2024-06-10
PO0000594,2023-05-16,SUP022,SKU0008,1805,490.89,In Transit,2023-06-16
PO0000595,2025-06-01,SUP028,SKU0016,4746,229.45,In Transit,2025-06-25
PO0000596,2024-04-28,SUP012,SKU0028,738,185.81,Delayed,2024-05-20
PO0000597,2025-09-23,SUP008,SKU0041,4951,499.3,Received,2025-10-20
PO0000598,2023-07-19,SUP029,SKU0030,1543,454.35,Received,2023-08-22
PO0000599,2023-05-23,SUP039,SKU0029,990,307.35,In Transit,2023-06-12
PO0000600,2025-02-15,SUP021,SKU0020,4149,436.13,Approved,2025-03-03
PO0000601,2023-07-05,SUP014,SKU0092,1238,159.28,Delayed,2023-08-11
PO0000602,2023-01-01,SUP049,SKU0109,1301,177.78,Received,2023-01-26
PO0000603,2025-12-24,SUP019,SKU0092,3294,151.25,Received,2025-12-29
PO0000604,2024-02-05,SUP014,SKU0039,2693,49.72,Delayed,2024-03-13
PO0000605,2024-09-15,SUP028,SKU0030,2920,518.82,In Transit,2024-10-09
PO0000606,2023-01-17,SUP040,SKU0116,4281,136.55,Ordered,2023-01-25
PO0000607,2024-08-25,SUP004,SKU0051,3124,329.2,Approved,2024-09-04
PO0000608,2023-01-02,SUP046,SKU0116,4687,148.15,Received,2023-02-12
PO0000609,2023-08-13,SUP019,SKU0037,355,341.19,Delayed,2023-08-18
PO0000610,2025-03-18,SUP041,SKU0050,2706,562.63,Received,2025-03-28
PO0000611,2025-02-20,SUP028,SKU0115,4565,188.21,Ordered,2025-03-16
PO0000612,2025-08-30,SUP009,SKU0021,1641,504.33,Received,2025-09-20
PO0000613,2025-05-04,SUP010,SKU0045,2463,393.45,Delayed,2025-05-26
PO0000614,2023-09-15,SUP009,SKU0015,195,341.54,Approved,2023-10-06
PO0000615,2023-10-22,SUP047,SKU0083,4087,397.38,Ordered,2023-11-04
PO0000616,2023-06-23,SUP009,SKU0102,3506,504.68,Delayed,2023-07-14
PO0000617,2025-05-21,SUP040,SKU0032,1572,412.47,Received,2025-05-29
PO0000618,2025-07-10,SUP025,SKU0055,3010,155.66,Received,2025-08-16
PO0000619,2023-01-16,SUP037,SKU0029,4180,316.91,Ordered,2023-01-21
PO0000620,2025-10-24,SUP018,SKU0032,3465,451.78,In Transit,2025-10-29
PO0000621,2025-01-21,SUP003,SKU0089,410,391.22,Delayed,2025-02-22
PO0000622,2025-01-24,SUP008,SKU0066,4853,450.7,Delayed,2025-02-20
PO0000623,2023-06-13,SUP010,SKU0120,4412,262.3,Received,2023-07-05
PO0000624,2025-08-10,SUP034,SKU0099,740,496.16,In Transit,2025-08-30
PO0000625,2023-07-01,SUP016,SKU0097,3970,528.85,Delayed,2023-07-22
PO0000626,2023-06-09,SUP044,SKU0046,4517,98.01,Received,2023-06-19
PO0000627,2023-04-19,SUP022,SKU0096,4482,437.87,Received,2023-05-20
PO0000628,2025-07-18,SUP033,SKU0042,3943,15.22,Received,2025-08-04
PO0000629,2025-05-12,SUP023,SKU0035,2513,182.23,Approved,2025-06-12
PO0000630,2024-09-14,SUP047,SKU0093,4717,70.73,Delayed,2024-09-27
PO0000631,2025-08-27,SUP038,SKU0040,1485,71.92,Delayed,2025-09-20
PO0000632,2024-08-20,SUP048,SKU0118,323,380.6,Approved,2024-09-14
PO0000633,2023-09-17,SUP033,SKU0044,729,553.75,Received,2023-10-04
PO0000634,2024-05-31,SUP009,SKU0034,2401,383.98,Received,2024-06-21
PO0000635,2023-01-30,SUP048,SKU0005,1013,422.57,In Transit,2023-02-24
PO0000636,2023-11-06,SUP043,SKU0110,3758,364.28,Ordered,2023-12-04
PO0000637,2024-06-19,SUP045,SKU0044,2034,515.82,In Transit,2024-07-02
PO0000638,2023-03-09,SUP022,SKU0094,791,273.19,In Transit,2023-04-09
PO0000639,2023-11-12,SUP032,SKU0056,3482,188.71,Ordered,2023-12-24
PO0000640,2025-06-20,SUP047,SKU0085,1470,555.92,Delayed,2025-07-03
PO0000641,2024-12-07,SUP004,SKU0053,2265,530.79,Approved,2024-12-17
PO0000642,2023-04-18,SUP011,SKU0052,3901,16.77,Received,2023-04-24
PO0000643,2025-09-02,SUP048,SKU0049,4462,294.07,Delayed,2025-09-27
PO0000644,2025-03-09,SUP031,SKU0005,2251,384.59,Received,2025-04-22
PO0000645,2023-01-25,SUP019,SKU0107,3776,542.14,Received,2023-01-30
PO0000646,2025-12-21,SUP044,SKU0100,436,310.79,In Transit,2025-12-31
PO0000647,2024-12-25,SUP028,SKU0093,2333,71.84,Received,2025-01-18
PO0000648,2023-07-21,SUP017,SKU0029,4885,289.9,Delayed,2023-08-02
PO0000649,2024-05-10,SUP047,SKU0019,4922,499.18,In Transit,2024-05-23
PO0000650,2024-11-22,SUP044,SKU0030,1573,454.84,Approved,2024-12-02
PO0000651,2023-01-18,SUP005,SKU0037,197,353.88,In Transit,2023-03-03
PO0000652,2023-08-01,SUP044,SKU0096,3753,402.45,Delayed,2023-08-11
PO0000653,2024-08-03,SUP017,SKU0089,1681,349.99,In Transit,2024-08-15
PO0000654,2023-07-08,SUP004,SKU0017,4967,606.01,Ordered,2023-07-18
PO0000655,2023-09-07,SUP046,SKU0101,1082,444.24,In Transit,2023-10-18
PO0000656,2023-09-24,SUP025,SKU0089,4737,409.36,Ordered,2023-10-31
PO0000657,2023-08-16,SUP045,SKU0020,1609,402.93,Received,2023-08-29
PO0000658,2023-06-05,SUP041,SKU0098,3814,238.48,Received,2023-06-15
PO0000659,2025-05-24,SUP045,SKU0049,2749,295.54,Approved,2025-06-06
PO0000660,2024-07-21,SUP050,SKU0074,611,436.51,Received,2024-08-09
PO0000661,2023-05-04,SUP017,SKU0052,2268,16.02,Approved,2023-05-16
PO0000662,2025-10-04,SUP013,SKU0006,3316,321.48,Received,2025-11-14
PO0000663,2023-08-11,SUP010,SKU0091,4528,206.39,Ordered,2023-09-02
PO0000664,2023-08-06,SUP029,SKU0077,2221,289.37,Approved,2023-09-09
PO0000665,2023-05-25,SUP037,SKU0110,2152,394.76,Approved,2023-05-30
PO0000666,2025-10-16,SUP010,SKU0018,107,560.92,Delayed,2025-11-07
PO0000667,2025-03-10,SUP018,SKU0063,1341,419.11,Received,2025-03-15
PO0000668,2023-01-08,SUP033,SKU0104,4119,548.87,Received,2023-01-25
PO0000669,2023-05-24,SUP035,SKU0069,1950,200.37,Delayed,2023-06-24
PO0000670,2025-09-14,SUP008,SKU0038,4746,214.21,Received,2025-10-11
PO0000671,2024-11-13,SUP044,SKU0016,2580,212.67,Delayed,2024-11-23
PO0000672,2023-07-05,SUP024,SKU0069,4479,238.19,Received,2023-07-14
PO0000673,2023-06-14,SUP030,SKU0066,2475,465.74,Ordered,2023-07-07
PO0000674,2023-03-22,SUP025,SKU0051,1664,292.49,Received,2023-04-28
PO0000675,2023-08-07,SUP041,SKU0023,3043,382.8,Delayed,2023-08-17
PO0000676,2025-06-15,SUP048,SKU0115,1652,185.37,Ordered,2025-07-10
PO0000677,2023-02-21,SUP047,SKU0076,4957,217.93,Received,2023-03-06
PO0000678,2023-05-10,SUP035,SKU0014,2620,356.86,Received,2023-06-10
PO0000679,2023-02-03,SUP003,SKU0084,2879,362.49,Delayed,2023-03-07
PO0000680,2023-03-29,SUP026,SKU0030,1068,445.24,Delayed,2023-05-06
PO0000681,2025-12-07,SUP030,SKU0114,4495,272.44,In Transit,2025-12-30
PO0000682,2024-04-22,SUP005,SKU0088,402,293.7,Received,2024-06-05
PO0000683,2023-02-09,SUP031,SKU0112,475,244.11,Delayed,2023-03-25
PO0000684,2023-09-25,SUP001,SKU0036,1511,436.46,Received,2023-10-09
PO0000685,2023-07-19,SUP030,SKU0081,1498,321.27,Approved,2023-08-11
PO0000686,2023-08-06,SUP008,SKU0038,4172,216.75,In Transit,2023-09-02
PO0000687,2024-03-27,SUP005,SKU0018,1760,508.61,Delayed,2024-05-10
PO0000688,2025-04-03,SUP021,SKU0109,1089,188.63,In Transit,2025-04-19
PO0000689,2023-10-09,SUP021,SKU0001,1846,344.33,In Transit,2023-10-25
PO0000690,2023-12-22,SUP022,SKU0073,617,91.07,Ordered,2024-01-22
PO0000691,2025-04-30,SUP011,SKU0108,3130,417.51,Received,2025-05-06
PO0000692,2024-05-13,SUP038,SKU0065,433,295.21,Delayed,2024-06-06
PO0000693,2025-02-09,SUP050,SKU0025,1392,10.35,Received,2025-02-28
PO0000694,2023-06-15,SUP001,SKU0075,159,515.06,Approved,2023-06-29
PO0000695,2024-08-04,SUP027,SKU0003,3999,43.23,Ordered,2024-08-13
PO0000696,2023-10-21,SUP041,SKU0026,2319,222.37,Received,2023-10-31
PO0000697,2024-05-04,SUP012,SKU0011,408,265.86,Delayed,2024-05-26
PO0000698,2025-10-20,SUP040,SKU0119,821,456.19,Received,2025-10-28
PO0000699,2024-12-13,SUP027,SKU0095,137,194.11,Ordered,2024-12-22
PO0000700,2023-08-29,SUP034,SKU0113,883,494.77,In Transit,2023-09-18
PO0000701,2025-11-05,SUP015,SKU0088,3902,295.66,Delayed,2025-12-16
PO0000702,2024-03-02,SUP018,SKU0025,534,10.76,Ordered,2024-03-07
PO0000703,2025-08-29,SUP032,SKU0104,1544,513.77,Approved,2025-10-10
PO0000704,2023-04-21,SUP042,SKU0013,3083,257.48,Received,2023-05-29
PO0000705,2024-05-29,SUP022,SKU0075,3812,500.08,Delayed,2024-06-29
PO0000706,2023-04-18,SUP035,SKU0114,1540,272.97,Approved,2023-05-19
PO0000707,2025-09-20,SUP033,SKU0055,1050,150.55,Ordered,2025-10-07
PO0000708,2025-06-29,SUP038,SKU0110,4849,361.0,Ordered,2025-07-23
PO0000709,2024-10-29,SUP015,SKU0075,1002,531.21,Approved,2024-12-09
PO0000710,2024-04-30,SUP048,SKU0074,3479,480.06,Received,2024-05-25
PO0000711,2024-03-27,SUP005,SKU0055,3958,167.49,Approved,2024-05-10
PO0000712,2025-06-11,SUP010,SKU0084,1870,431.85,Received,2025-07-03
PO0000713,2023-12-31,SUP025,SKU0047,3159,337.53,Delayed,2024-02-06
PO0000714,2024-02-02,SUP041,SKU0008,3037,505.82,Ordered,2024-02-12
PO0000715,2024-11-18,SUP009,SKU0095,362,199.28,Approved,2024-12-09
PO0000716,2024-07-28,SUP009,SKU0064,1010,97.35,Received,2024-08-18
PO0000717,2025-05-06,SUP011,SKU0073,2914,93.03,Received,2025-05-12
PO0000718,2023-11-18,SUP041,SKU0008,1492,469.11,In Transit,2023-11-28
PO0000719,2024-04-15,SUP006,SKU0020,3472,454.1,Received,2024-05-01
PO0000720,2024-03-19,SUP038,SKU0081,3978,321.37,Received,2024-04-12
PO0000721,2023-01-30,SUP047,SKU0096,3607,434.36,Ordered,2023-02-12
PO0000722,2024-05-22,SUP021,SKU0040,3657,72.02,In Transit,2024-06-07
PO0000723,2023-11-02,SUP037,SKU0003,141,40.95,Approved,2023-11-07
PO0000724,2023-03-24,SUP031,SKU0058,4230,157.51,In Transit,2023-05-07
PO0000725,2025-03-18,SUP031,SKU0117,902,319.3,Ordered,2025-05-01
PO0000726,2023-06-20,SUP036,SKU0076,201,238.84,Received,2023-07-17
PO0000727,2024-03-22,SUP009,SKU0068,3036,412.7,Delayed,2024-04-12
PO0000728,2023-07-05,SUP002,SKU0093,4030,76.8,Ordered,2023-08-16
PO0000729,2025-07-29,SUP037,SKU0024,4881,379.94,Received,2025-08-03
PO0000730,2025-08-07,SUP050,SKU0023,1235,412.57,Received,2025-08-26
PO0000731,2024-01-14,SUP024,SKU0027,3903,274.24,Approved,2024-01-23
PO0000732,2023-05-25,SUP025,SKU0019,2827,476.49,Received,2023-07-01
PO0000733,2025-05-22,SUP049,SKU0022,2310,398.3,In Transit,2025-06-16
PO0000734,2024-02-29,SUP044,SKU0039,763,53.04,Received,2024-03-10
PO0000735,2023-04-23,SUP033,SKU0106,3081,525.05,Approved,2023-05-10
PO0000736,2025-02-23,SUP024,SKU0092,3912,151.35,Received,2025-03-04
PO0000737,2025-01-20,SUP012,SKU0032,4677,433.33,In Transit,2025-02-11
PO0000738,2024-02-24,SUP009,SKU0110,2843,354.47,Approved,2024-03-16
PO0000739,2025-09-06,SUP048,SKU0041,4852,526.25,Delayed,2025-10-01
PO0000740,2024-03-05,SUP049,SKU0082,1946,95.28,Received,2024-03-30
PO0000741,2025-10-28,SUP044,SKU0011,3564,249.21,Approved,2025-11-07
PO0000742,2025-02-02,SUP023,SKU0048,3806,25.76,In Transit,2025-03-05
PO0000743,2023-09-09,SUP031,SKU0046,4457,95.8,In Transit,2023-10-23
PO0000744,2024-08-21,SUP029,SKU0049,3115,329.25,Delayed,2024-09-24
PO0000745,2023-05-15,SUP013,SKU0091,3850,179.69,Received,2023-06-25
PO0000746,2024-01-02,SUP019,SKU0012,730,26.75,Received,2024-01-07
PO0000747,2023-08-18,SUP045,SKU0018,1312,515.85,Ordered,2023-08-31
PO0000748,2025-12-02,SUP041,SKU0010,285,33.12,Delayed,2025-12-12
PO0000749,2023-09-28,SUP031,SKU0051,2940,299.88,Delayed,2023-11-11
PO0000750,2023-02-13,SUP019,SKU0066,1648,412.83,Ordered,2023-02-18
PO0000751,2025-11-30,SUP042,SKU0021,2851,489.99,Received,2026-01-07
PO0000752,2024-10-30,SUP032,SKU0006,4960,354.98,In Transit,2024-12-11
PO0000753,2025-06-30,SUP030,SKU0090,2591,270.23,Received,2025-07-23
PO0000754,2023-12-18,SUP017,SKU0106,1957,485.7,Received,2023-12-30
PO0000755,2023-04-07,SUP010,SKU0071,2992,138.52,Ordered,2023-04-29
PO0000756,2023-11-26,SUP046,SKU0087,4485,516.23,Ordered,2024-01-06
PO0000757,2023-11-11,SUP011,SKU0066,2048,417.71,Received,2023-11-17
PO0000758,2023-09-17,SUP029,SKU0028,2233,172.7,Ordered,2023-10-21
PO0000759,2023-03-13,SUP043,SKU0032,2696,456.07,Ordered,2023-04-10
PO0000760,2025-02-02,SUP029,SKU0024,4522,459.81,In Transit,2025-03-08
PO0000761,2024-09-09,SUP008,SKU0003,304,40.84,Received,2024-10-06
PO0000762,2023-10-25,SUP030,SKU0099,2723,459.88,Delayed,2023-11-17
PO0000763,2025-11-05,SUP022,SKU0107,2521,552.34,Received,2025-12-06
PO0000764,2023-10-29,SUP037,SKU0023,3721,371.46,Approved,2023-11-03
PO0000765,2025-09-07,SUP003,SKU0077,1242,325.5,Approved,2025-10-09
PO0000766,2024-09-22,SUP002,SKU0093,3390,76.04,Ordered,2024-11-03
PO0000767,2025-07-02,SUP023,SKU0052,857,16.53,In Transit,2025-08-02
PO0000768,2024-02-04,SUP038,SKU0063,4412,380.6,Received,2024-02-28
PO0000769,2024-02-05,SUP002,SKU0007,784,329.7,Received,2024-03-18
PO0000770,2023-06-28,SUP033,SKU0087,3331,506.44,Received,2023-07-15
PO0000771,2025-11-13,SUP004,SKU0006,3057,336.54,Delayed,2025-11-23
PO0000772,2025-05-25,SUP024,SKU0072,3263,16.81,Received,2025-06-03
PO0000773,2024-12-07,SUP023,SKU0007,2623,358.44,In Transit,2025-01-07
PO0000774,2023-06-29,SUP014,SKU0080,3739,467.91,Received,2023-08-05
PO0000775,2025-06-25,SUP019,SKU0050,1441,572.77,Received,2025-06-30
PO0000776,2025-04-28,SUP009,SKU0065,4910,324.81,Ordered,2025-05-19
PO0000777,2024-03-01,SUP020,SKU0040,3988,77.81,In Transit,2024-03-29
PO0000778,2024-11-17,SUP005,SKU0048,4938,27.15,Approved,2024-12-31
PO0000779,2023-01-14,SUP027,SKU0032,2339,409.15,In Transit,2023-01-23
PO0000780,2025-08-04,SUP046,SKU0044,4752,543.79,Ordered,2025-09-14
PO0000781,2024-02-13,SUP012,SKU0087,3227,516.69,Received,2024-03-06
PO0000782,2023-03-28,SUP020,SKU0052,4894,16.45,In Transit,2023-04-25
PO0000783,2025-08-07,SUP015,SKU0113,319,511.43,Ordered,2025-09-17
PO0000784,2024-06-21,SUP020,SKU0047,3971,336.64,Delayed,2024-07-19
PO0000785,2024-08-12,SUP027,SKU0031,1569,103.04,Delayed,2024-08-21
PO0000786,2024-05-16,SUP002,SKU0113,1077,508.87,Received,2024-06-27
PO0000787,2023-05-17,SUP039,SKU0073,3063,100.15,In Transit,2023-06-06
PO0000788,2025-06-12,SUP017,SKU0118,3999,435.26,Approved,2025-06-24
PO0000789,2025-02-03,SUP033,SKU0079,4812,13.28,Received,2025-02-20
PO0000790,2023-11-30,SUP038,SKU0002,579,167.64,Received,2023-12-24
PO0000791,2023-10-05,SUP023,SKU0037,1437,328.05,Received,2023-11-05
PO0000792,2025-05-09,SUP041,SKU0073,3016,89.66,Received,2025-05-19
PO0000793,2025-12-20,SUP041,SKU0071,729,145.16,Delayed,2025-12-30
PO0000794,2024-01-11,SUP049,SKU0023,874,391.42,Ordered,2024-02-05
PO0000795,2024-10-22,SUP021,SKU0026,2566,211.23,Delayed,2024-11-07
PO0000796,2025-01-12,SUP007,SKU0055,4477,167.33,Ordered,2025-01-25
PO0000797,2023-01-27,SUP009,SKU0075,4344,526.29,Received,2023-02-17
PO0000798,2025-04-23,SUP022,SKU0076,1435,211.67,Ordered,2025-05-24
PO0000799,2025-10-27,SUP015,SKU0099,1643,523.0,In Transit,2025-12-07
PO0000800,2025-12-12,SUP035,SKU0117,4614,335.41,Approved,2026-01-12
PO0000801,2025-05-04,SUP030,SKU0111,725,309.23,Ordered,2025-05-27
PO0000802,2023-02-05,SUP031,SKU0017,2952,565.47,Received,2023-03-21
PO0000803,2023-10-12,SUP029,SKU0117,4995,323.86,Received,2023-11-15
PO0000804,2023-12-19,SUP046,SKU0083,2595,348.9,Approved,2024-01-29
PO0000805,2024-03-31,SUP009,SKU0057,1266,440.02,Received,2024-04-21
PO0000806,2023-09-14,SUP014,SKU0093,1166,81.44,Received,2023-10-21
PO0000807,2023-08-17,SUP005,SKU0009,254,177.28,Received,2023-09-30
PO0000808,2023-03-29,SUP013,SKU0100,983,306.43,Delayed,2023-05-09
PO0000809,2025-11-17,SUP038,SKU0094,585,248.3,Received,2025-12-11
PO0000810,2023-03-30,SUP005,SKU0043,2571,140.25,Approved,2023-05-13
PO0000811,2023-09-11,SUP039,SKU0115,1782,203.25,Ordered,2023-10-01
PO0000812,2024-01-14,SUP043,SKU0013,2979,243.72,Ordered,2024-02-11
PO0000813,2024-07-22,SUP038,SKU0018,2949,500.97,In Transit,2024-08-15
PO0000814,2024-05-10,SUP033,SKU0061,4771,402.63,In Transit,2024-05-27
PO0000815,2023-01-29,SUP034,SKU0032,1877,434.24,Received,2023-02-18
PO0000816,2023-12-18,SUP049,SKU0022,4500,345.14,Delayed,2024-01-12
PO0000817,2023-07-22,SUP014,SKU0102,4230,503.85,Received,2023-08-28
PO0000818,2025-01-20,SUP045,SKU0081,4928,282.12,Delayed,2025-02-02
PO0000819,2023-08-08,SUP012,SKU0001,3006,358.53,Received,2023-08-30
PO0000820,2024-03-14,SUP033,SKU0107,1964,544.98,Received,2024-03-31
PO0000821,2023-09-11,SUP030,SKU0049,1003,311.85,Received,2023-10-04
PO0000822,2025-01-09,SUP046,SKU0075,2461,556.64,Approved,2025-02-19
PO0000823,2023-06-18,SUP021,SKU0026,4144,204.34,Received,2023-07-04
PO0000824,2025-07-24,SUP039,SKU0092,2655,153.36,Received,2025-08-13
PO0000825,2024-04-07,SUP036,SKU0105,3436,374.75,Received,2024-05-04
PO0000826,2024-01-22,SUP005,SKU0002,3996,196.25,Received,2024-03-06
PO0000827,2024-01-03,SUP001,SKU0038,4127,220.03,Received,2024-01-17
PO0000828,2025-06-16,SUP034,SKU0059,796,540.3,Received,2025-07-06
PO0000829,2025-03-31,SUP045,SKU0087,4937,590.92,Delayed,2025-04-13
PO0000830,2023-12-12,SUP005,SKU0078,3079,570.47,Received,2024-01-25
PO0000831,2024-02-15,SUP039,SKU0001,3411,302.37,Received,2024-03-06
PO0000832,2025-10-19,SUP018,SKU0026,4867,225.5,Delayed,2025-10-24
PO0000833,2025-03-30,SUP023,SKU0042,3997,15.5,Received,2025-04-30
PO0000834,2025-09-19,SUP033,SKU0047,2384,338.33,Received,2025-10-06
PO0000835,2023-08-10,SUP008,SKU0080,2153,445.4,Ordered,2023-09-06
PO0000836,2023-10-03,SUP002,SKU0078,915,545.74,Approved,2023-11-14
PO0000837,2025-10-17,SUP044,SKU0049,319,339.95,Received,2025-10-27
PO0000838,2024-10-31,SUP010,SKU0054,2580,471.23,Approved,2024-11-22
PO0000839,2023-06-06,SUP043,SKU0023,4359,404.38,Received,2023-07-04
PO0000840,2024-02-18,SUP019,SKU0117,4178,321.74,Received,2024-02-23
PO0000841,2024-12-04,SUP035,SKU0083,4577,348.05,Approved,2025-01-04
PO0000842,2025-05-31,SUP008,SKU0054,3242,455.42,Received,2025-06-27
PO0000843,2025-06-25,SUP030,SKU0086,394,85.22,In Transit,2025-07-18
PO0000844,2024-09-12,SUP046,SKU0025,1444,11.44,Ordered,2024-10-23
PO0000845,2024-10-01,SUP046,SKU0094,3287,249.21,Approved,2024-11-11
PO0000846,2025-10-01,SUP043,SKU0028,4636,183.89,In Transit,2025-10-29
PO0000847,2025-08-20,SUP031,SKU0009,4705,179.96,In Transit,2025-10-03
PO0000848,2023-04-25,SUP026,SKU0117,2257,322.03,Received,2023-06-02
PO0000849,2024-12-23,SUP050,SKU0051,2430,293.81,Approved,2025-01-11
PO0000850,2023-04-03,SUP009,SKU0018,3101,500.63,Delayed,2023-04-24
PO0000851,2023-02-25,SUP049,SKU0059,2895,570.87,Received,2023-03-22
PO0000852,2024-12-07,SUP023,SKU0064,3474,88.24,Delayed,2025-01-07
PO0000853,2024-05-15,SUP016,SKU0005,2022,426.23,In Transit,2024-06-05
PO0000854,2023-06-23,SUP045,SKU0068,636,462.02,Approved,2023-07-06
PO0000855,2024-11-22,SUP011,SKU0106,261,490.98,Approved,2024-11-28
PO0000856,2025-08-01,SUP043,SKU0118,3560,402.96,Received,2025-08-29
PO0000857,2024-06-30,SUP002,SKU0078,3947,530.13,Received,2024-08-11
PO0000858,2025-02-12,SUP037,SKU0064,3297,87.72,Approved,2025-02-17
PO0000859,2025-09-27,SUP007,SKU0016,1786,209.86,In Transit,2025-10-10
PO0000860,2024-11-26,SUP011,SKU0114,2553,285.0,Received,2024-12-02
PO0000861,2024-02-18,SUP032,SKU0015,717,398.96,In Transit,2024-03-31
PO0000862,2024-03-14,SUP019,SKU0106,2272,443.15,In Transit,2024-03-19
PO0000863,2025-04-03,SUP015,SKU0083,853,401.98,In Transit,2025-05-14
PO0000864,2023-07-14,SUP038,SKU0072,2859,16.47,In Transit,2023-08-07
PO0000865,2025-12-23,SUP031,SKU0091,3598,184.49,Approved,2026-02-05
PO0000866,2024-09-10,SUP033,SKU0103,2556,226.54,In Transit,2024-09-27
PO0000867,2024-10-03,SUP013,SKU0114,3494,287.28,In Transit,2024-11-13
PO0000868,2025-11-21,SUP030,SKU0112,4585,240.91,Approved,2025-12-14
PO0000869,2025-11-23,SUP012,SKU0054,4825,459.94,Delayed,2025-12-15
PO0000870,2025-08-15,SUP018,SKU0096,4464,440.4,Received,2025-08-20
PO0000871,2023-05-03,SUP034,SKU0089,1743,375.48,Ordered,2023-05-23
PO0000872,2024-05-07,SUP010,SKU0051,2559,325.72,Received,2024-05-29
PO0000873,2024-10-14,SUP005,SKU0080,1767,477.23,Received,2024-11-27
PO0000874,2024-08-10,SUP042,SKU0033,1415,501.51,In Transit,2024-09-17
PO0000875,2024-04-28,SUP026,SKU0020,2053,391.08,Ordered,2024-06-05
PO0000876,2023-02-26,SUP016,SKU0056,2643,177.75,In Transit,2023-03-19
PO0000877,2025-06-12,SUP028,SKU0039,403,48.7,Received,2025-07-06
PO0000878,2023-10-07,SUP002,SKU0108,2216,437.03,Received,2023-11-18
PO0000879,2023-12-27,SUP042,SKU0085,445,644.77,Received,2024-02-03
PO0000880,2023-02-10,SUP004,SKU0005,787,398.56,Received,2023-02-20
PO0000881,2023-05-11,SUP027,SKU0017,3077,607.79,Approved,2023-05-20
PO0000882,2025-03-23,SUP047,SKU0061,1251,417.42,In Transit,2025-04-05
PO0000883,2025-10-21,SUP008,SKU0030,4375,488.01,In Transit,2025-11-17
PO0000884,2025-12-11,SUP017,SKU0016,4166,233.67,Ordered,2025-12-23
PO0000885,2023-09-08,SUP050,SKU0001,2667,315.88,In Transit,2023-09-27
PO0000886,2025-03-09,SUP048,SKU0102,2032,511.77,Ordered,2025-04-03
PO0000887,2023-10-23,SUP007,SKU0016,1534,204.57,Received,2023-11-05
PO0000888,2025-06-19,SUP027,SKU0077,2183,337.12,Approved,2025-06-28
PO0000889,2025-10-01,SUP035,SKU0010,3169,35.93,Approved,2025-11-01
PO0000890,2024-10-10,SUP035,SKU0120,3571,237.97,Ordered,2024-11-10
PO0000891,2024-07-22,SUP010,SKU0039,3073,51.53,Received,2024-08-13
PO0000892,2024-09-23,SUP002,SKU0047,385,388.86,Delayed,2024-11-04
PO0000893,2023-04-22,SUP045,SKU0082,2063,93.95,Received,2023-05-05
PO0000894,2024-09-25,SUP041,SKU0094,3072,269.98,Delayed,2024-10-05
PO0000895,2023-09-07,SUP035,SKU0066,2036,484.73,Received,2023-10-08
PO0000896,2023-01-17,SUP026,SKU0005,2193,397.48,Ordered,2023-02-24
PO0000897,2024-09-01,SUP014,SKU0044,1412,560.41,Delayed,2024-10-08
PO0000898,2024-10-11,SUP050,SKU0035,3428,201.26,Received,2024-10-30
PO0000899,2023-06-14,SUP050,SKU0009,4127,167.08,Received,2023-07-03
PO0000900,2024-11-12,SUP046,SKU0099,3560,531.06,Approved,2024-12-23
PO0000901,2023-11-25,SUP045,SKU0038,2237,212.98,Received,2023-12-08
PO0000902,2025-05-11,SUP039,SKU0064,4586,95.28,Received,2025-05-31
PO0000903,2023-02-26,SUP049,SKU0063,526,414.38,Ordered,2023-03-23
PO0000904,2025-06-27,SUP042,SKU0074,1214,402.57,Ordered,2025-08-04
PO0000905,2024-09-17,SUP021,SKU0054,4817,421.57,Ordered,2024-10-03
PO0000906,2024-05-26,SUP034,SKU0091,1165,209.45,Delayed,2024-06-15
PO0000907,2025-04-20,SUP021,SKU0036,3798,423.34,Delayed,2025-05-06
PO0000908,2023-10-01,SUP017,SKU0081,1521,312.37,Received,2023-10-13
PO0000909,2024-07-31,SUP013,SKU0118,791,390.75,Ordered,2024-09-10
PO0000910,2025-03-16,SUP025,SKU0017,4772,555.23,Approved,2025-04-22
PO0000911,2024-04-13,SUP006,SKU0037,3888,338.53,Delayed,2024-04-29
PO0000912,2023-12-12,SUP004,SKU0111,3385,342.81,In Transit,2023-12-22
PO0000913,2024-06-16,SUP010,SKU0050,829,589.22,Ordered,2024-07-08
PO0000914,2023-08-29,SUP001,SKU0051,4407,300.8,Received,2023-09-12
PO0000915,2025-10-09,SUP008,SKU0075,1938,573.86,Ordered,2025-11-05
PO0000916,2024-06-29,SUP019,SKU0054,4148,449.16,Received,2024-07-04
PO0000917,2024-02-28,SUP039,SKU0049,1865,341.38,Received,2024-03-19
PO0000918,2024-01-23,SUP027,SKU0052,1577,16.81,Ordered,2024-02-01
PO0000919,2023-02-28,SUP019,SKU0050,2244,511.21,Received,2023-03-05
PO0000920,2024-05-23,SUP024,SKU0069,4875,230.67,Received,2024-06-01
PO0000921,2023-06-25,SUP001,SKU0025,3941,10.62,Received,2023-07-09
PO0000922,2025-03-25,SUP044,SKU0114,1838,305.51,Delayed,2025-04-04
PO0000923,2025-05-16,SUP048,SKU0073,4992,93.75,Approved,2025-06-10
PO0000924,2023-05-01,SUP004,SKU0003,2826,45.22,Received,2023-05-11
PO0000925,2024-12-26,SUP039,SKU0060,5000,400.33,Approved,2025-01-15
PO0000926,2023-01-11,SUP017,SKU0026,4233,226.65,Received,2023-01-23
PO0000927,2025-03-19,SUP043,SKU0030,3138,437.74,In Transit,2025-04-16
PO0000928,2023-03-26,SUP038,SKU0028,1569,168.82,In Transit,2023-04-19
PO0000929,2025-10-06,SUP022,SKU0098,3934,203.7,Received,2025-11-06
PO0000930,2025-12-22,SUP028,SKU0086,1261,89.5,Received,2026-01-15
PO0000931,2023-04-01,SUP009,SKU0018,4189,554.6,Received,2023-04-22
PO0000932,2025-01-08,SUP028,SKU0063,2417,435.45,Received,2025-02-01
PO0000933,2024-06-24,SUP034,SKU0044,2664,510.73,Ordered,2024-07-14
PO0000934,2024-10-08,SUP048,SKU0037,4124,379.27,Ordered,2024-11-02
PO0000935,2025-06-20,SUP004,SKU0082,1647,91.88,Ordered,2025-06-30
PO0000936,2024-01-11,SUP003,SKU0051,3952,290.14,Delayed,2024-02-12
PO0000937,2025-08-14,SUP028,SKU0052,1050,18.82,Received,2025-09-07
PO0000938,2023-03-25,SUP029,SKU0007,3020,359.18,In Transit,2023-04-28
PO0000939,2025-09-20,SUP030,SKU0118,4138,366.74,Delayed,2025-10-13
PO0000940,2023-10-31,SUP008,SKU0017,2963,539.85,Received,2023-11-27
PO0000941,2024-01-05,SUP011,SKU0083,4267,410.06,In Transit,2024-01-11
PO0000942,2024-03-10,SUP038,SKU0014,133,358.74,In Transit,2024-04-03
PO0000943,2024-01-05,SUP027,SKU0113,729,458.74,Received,2024-01-14
PO0000944,2023-07-13,SUP022,SKU0043,312,129.85,Delayed,2023-08-13
PO0000945,2023-09-07,SUP026,SKU0025,3160,11.67,Approved,2023-10-15
PO0000946,2024-10-24,SUP010,SKU0113,336,442.79,Delayed,2024-11-15
PO0000947,2025-09-09,SUP030,SKU0116,2306,141.84,Approved,2025-10-02
PO0000948,2024-11-05,SUP003,SKU0001,3811,315.6,Delayed,2024-12-07
PO0000949,2023-09-22,SUP014,SKU0101,498,513.51,Received,2023-10-29
PO0000950,2024-10-23,SUP004,SKU0051,679,307.62,In Transit,2024-11-02
PO0000951,2025-02-20,SUP006,SKU0093,3367,70.65,Ordered,2025-03-08
PO0000952,2025-03-27,SUP006,SKU0090,268,285.43,Ordered,2025-04-12
PO0000953,2025-03-06,SUP050,SKU0047,3396,348.34,Delayed,2025-03-25
PO0000954,2023-11-12,SUP008,SKU0069,2545,222.06,Received,2023-12-09
PO0000955,2024-09-27,SUP044,SKU0031,1175,100.3,Approved,2024-10-07
PO0000956,2025-01-22,SUP033,SKU0063,1737,402.15,Received,2025-02-08
PO0000957,2025-09-02,SUP018,SKU0004,4712,500.83,Approved,2025-09-07
PO0000958,2025-05-15,SUP024,SKU0066,1626,446.41,Received,2025-05-24
PO0000959,2023-07-10,SUP003,SKU0103,4305,222.35,Received,2023-08-11
PO0000960,2024-04-04,SUP042,SKU0108,1370,448.68,In Transit,2024-05-12
PO0000961,2025-12-10,SUP006,SKU0084,2481,395.28,Approved,2025-12-26
PO0000962,2025-09-05,SUP020,SKU0050,1317,592.04,Delayed,2025-10-03
PO0000963,2024-09-07,SUP016,SKU0060,4385,378.68,In Transit,2024-09-28
PO0000964,2023-04-08,SUP036,SKU0005,726,448.52,In Transit,2023-05-05
PO0000965,2023-08-09,SUP033,SKU0053,3580,496.21,Received,2023-08-26
PO0000966,2024-06-02,SUP023,SKU0105,2187,397.82,In Transit,2024-07-03
PO0000967,2023-02-03,SUP008,SKU0024,3891,392.97,Ordered,2023-03-02
PO0000968,2025-03-15,SUP003,SKU0049,782,305.42,Delayed,2025-04-16
PO0000969,2024-09-01,SUP021,SKU0090,4910,278.59,Delayed,2024-09-17
PO0000970,2025-07-10,SUP040,SKU0051,2271,295.08,Ordered,2025-07-18
PO0000971,2024-03-08,SUP012,SKU0021,740,523.44,In Transit,2024-03-30
PO0000972,2024-06-15,SUP044,SKU0018,971,509.4,Approved,2024-06-25
PO0000973,2023-01-12,SUP026,SKU0010,1055,31.19,Delayed,2023-02-19
PO0000974,2025-09-04,SUP030,SKU0106,3418,523.18,Delayed,2025-09-27
PO0000975,2025-09-23,SUP020,SKU0055,3055,170.97,Delayed,2025-10-21
PO0000976,2025-03-19,SUP020,SKU0030,817,437.06,Approved,2025-04-16
PO0000977,2024-01-26,SUP008,SKU0021,230,518.36,Ordered,2024-02-22
PO0000978,2023-02-24,SUP014,SKU0010,4041,35.58,Delayed,2023-04-02
PO0000979,2024-05-10,SUP028,SKU0079,4512,13.79,Received,2024-06-03
PO0000980,2025-08-07,SUP010,SKU0063,3982,396.69,Approved,2025-08-29
PO0000981,2023-12-07,SUP010,SKU0016,3747,237.11,Received,2023-12-29
PO0000982,2023-02-10,SUP029,SKU0061,4894,418.0,Received,2023-03-16
PO0000983,2025-03-13,SUP004,SKU0108,2834,372.44,Delayed,2025-03-23
PO0000984,2025-06-03,SUP027,SKU0019,4160,496.01,In Transit,2025-06-12
PO0000985,2024-08-18,SUP003,SKU0071,4093,141.86,In Transit,2024-09-19
PO0000986,2025-09-26,SUP015,SKU0113,597,486.02,Received,2025-11-06
PO0000987,2024-10-08,SUP036,SKU0110,620,356.65,Delayed,2024-11-04
PO0000988,2025-05-04,SUP031,SKU0034,1057,401.64,Delayed,2025-06-17
PO0000989,2024-12-11,SUP029,SKU0083,3673,348.29,Received,2025-01-14
PO0000990,2024-01-29,SUP031,SKU0110,2916,369.39,In Transit,2024-03-13
PO0000991,2024-03-25,SUP038,SKU0043,2878,147.15,Delayed,2024-04-18
PO0000992,2025-08-17,SUP009,SKU0009,2503,175.54,Received,2025-09-07
PO0000993,2025-05-03,SUP044,SKU0046,3051,97.98,Ordered,2025-05-13
PO0000994,2024-02-29,SUP019,SKU0033,806,544.8,Ordered,2024-03-05
PO0000995,2023-12-21,SUP013,SKU0077,1380,320.96,Approved,2024-01-31
PO0000996,2025-05-01,SUP032,SKU0090,2587,252.49,In Transit,2025-06-12
PO0000997,2023-04-07,SUP002,SKU0087,3039,580.49,Received,2023-05-19
PO0000998,2023-11-21,SUP012,SKU0022,4224,347.26,Approved,2023-12-13
PO0000999,2024-11-22,SUP028,SKU0074,1033,457.5,Approved,2024-12-16
PO0001000,2024-04-03,SUP032,SKU0004,2212,539.46,Received,2024-05-15
PO0001001,2023-04-06,SUP050,SKU0117,4663,307.38,Ordered,2023-04-25
PO0001002,2025-11-21,SUP039,SKU0077,953,327.29,Received,2025-12-11
PO0001003,2025-07-25,SUP049,SKU0084,1008,435.57,In Transit,2025-08-19
PO0001004,2023-07-28,SUP036,SKU0086,443,94.14,Ordered,2023-08-24
PO0001005,2023-08-30,SUP014,SKU0035,3062,177.2,Received,2023-10-06
PO0001006,2025-06-23,SUP049,SKU0044,4244,517.21,Approved,2025-07-18
PO0001007,2023-11-12,SUP042,SKU0068,3079,416.04,Ordered,2023-12-20
PO0001008,2023-09-09,SUP013,SKU0070,3697,175.6,Approved,2023-10-20
PO0001009,2024-05-17,SUP031,SKU0107,2896,531.56,Ordered,2024-06-30
PO0001010,2023-06-24,SUP018,SKU0029,3150,309.1,Received,2023-06-29
PO0001011,2025-01-08,SUP041,SKU0118,2110,369.85,In Transit,2025-01-18
PO0001012,2025-05-13,SUP015,SKU0072,1230,18.29,Received,2025-06-23
PO0001013,2025-04-18,SUP030,SKU0014,4328,377.91,Received,2025-05-11
PO0001014,2023-03-02,SUP029,SKU0013,1292,283.59,Delayed,2023-04-05
PO0001015,2025-11-25,SUP005,SKU0118,794,384.69,Received,2026-01-08
PO0001016,2023-12-03,SUP028,SKU0039,603,50.68,Approved,2023-12-27
PO0001017,2023-11-06,SUP037,SKU0023,573,420.51,Delayed,2023-11-11
PO0001018,2025-11-30,SUP019,SKU0095,3534,188.14,Delayed,2025-12-05
PO0001019,2024-09-15,SUP047,SKU0048,2669,27.94,Approved,2024-09-28
PO0001020,2024-07-26,SUP034,SKU0103,1303,238.82,Received,2024-08-15
PO0001021,2024-02-25,SUP035,SKU0059,3722,607.94,Delayed,2024-03-27
PO0001022,2025-04-08,SUP050,SKU0072,1716,18.56,Approved,2025-04-27
PO0001023,2023-03-17,SUP035,SKU0080,2840,436.53,Delayed,2023-04-17
PO0001024,2023-09-16,SUP034,SKU0068,4530,411.68,Approved,2023-10-06
PO0001025,2025-11-13,SUP036,SKU0099,2657,495.96,Delayed,2025-12-10
PO0001026,2023-11-24,SUP002,SKU0119,328,479.6,In Transit,2024-01-05
PO0001027,2024-06-13,SUP016,SKU0004,2589,513.22,In Transit,2024-07-04
PO0001028,2023-08-15,SUP047,SKU0060,591,410.48,Received,2023-08-28
PO0001029,2025-11-05,SUP023,SKU0050,1114,490.95,Delayed,2025-12-06
PO0001030,2023-09-13,SUP029,SKU0111,2540,339.76,Approved,2023-10-17
PO0001031,2025-07-17,SUP022,SKU0057,2034,449.97,In Transit,2025-08-17
PO0001032,2025-12-28,SUP039,SKU0003,2015,40.38,Received,2026-01-17
PO0001033,2023-10-14,SUP046,SKU0048,3193,25.93,Ordered,2023-11-24
PO0001034,2023-08-04,SUP021,SKU0001,4330,332.44,Received,2023-08-20
PO0001035,2025-07-19,SUP007,SKU0026,1300,230.72,Received,2025-08-01
PO0001036,2023-06-17,SUP006,SKU0027,609,259.53,Ordered,2023-07-03
PO0001037,2025-09-02,SUP014,SKU0046,3754,84.69,Delayed,2025-10-09
PO0001038,2025-12-13,SUP026,SKU0005,4918,418.85,Received,2026-01-20
PO0001039,2024-06-24,SUP038,SKU0016,4186,222.9,Received,2024-07-18
PO0001040,2025-09-29,SUP047,SKU0060,3515,409.11,Ordered,2025-10-12
PO0001041,2025-11-01,SUP009,SKU0080,4071,465.2,Ordered,2025-11-22
PO0001042,2025-11-17,SUP034,SKU0036,1067,441.72,Received,2025-12-07
PO0001043,2025-08-27,SUP003,SKU0013,1384,292.95,Received,2025-09-28
PO0001044,2023-09-01,SUP039,SKU0035,3447,175.42,Received,2023-09-21
PO0001045,2024-08-16,SUP003,SKU0064,4382,84.64,Received,2024-09-17
PO0001046,2024-09-16,SUP024,SKU0091,2584,187.79,Approved,2024-09-25
PO0001047,2023-10-20,SUP010,SKU0072,4930,16.98,Received,2023-11-11
PO0001048,2024-08-03,SUP014,SKU0067,1599,220.91,Received,2024-09-09
PO0001049,2023-01-05,SUP008,SKU0057,4585,411.23,Approved,2023-02-01
PO0001050,2025-05-05,SUP031,SKU0002,4794,173.54,Received,2025-06-18
PO0001051,2024-11-22,SUP025,SKU0003,3993,44.41,In Transit,2024-12-29
PO0001052,2023-09-29,SUP049,SKU0040,1234,70.96,Received,2023-10-24
PO0001053,2025-07-10,SUP043,SKU0070,3778,149.25,Delayed,2025-08-07
PO0001054,2024-10-28,SUP006,SKU0070,3455,156.9,Received,2024-11-13
PO0001055,2024-11-25,SUP035,SKU0007,475,357.17,Received,2024-12-26
PO0001056,2024-07-22,SUP042,SKU0015,825,400.87,Delayed,2024-08-29
PO0001057,2023-02-20,SUP037,SKU0042,2630,15.18,Approved,2023-02-25
PO0001058,2023-06-24,SUP013,SKU0002,4538,183.18,Approved,2023-08-04
PO0001059,2025-12-04,SUP013,SKU0068,3998,430.5,Approved,2026-01-14
PO0001060,2023-09-04,SUP043,SKU0039,4456,48.47,Approved,2023-10-02
PO0001061,2024-07-17,SUP014,SKU0028,2109,189.01,In Transit,2024-08-23
PO0001062,2025-06-28,SUP006,SKU0107,4470,567.11,Received,2025-07-14
PO0001063,2023-04-03,SUP032,SKU0022,290,370.86,Ordered,2023-05-15
PO0001064,2025-04-29,SUP002,SKU0097,4424,496.56,Received,2025-06-10
PO0001065,2023-07-06,SUP008,SKU0032,913,419.75,Received,2023-08-02
PO0001066,2023-10-22,SUP012,SKU0087,2193,568.34,Ordered,2023-11-13
PO0001067,2024-09-20,SUP027,SKU0065,1486,290.47,Received,2024-09-29
PO0001068,2024-01-07,SUP002,SKU0058,579,166.69,Approved,2024-02-18
PO0001069,2024-10-17,SUP010,SKU0078,3481,561.91,Received,2024-11-08
PO0001070,2025-02-08,SUP008,SKU0088,524,263.8,In Transit,2025-03-07
PO0001071,2024-04-29,SUP032,SKU0011,4266,274.01,Received,2024-06-10
PO0001072,2023-08-24,SUP018,SKU0088,596,270.3,In Transit,2023-08-29
PO0001073,2025-04-13,SUP005,SKU0013,4066,243.7,Delayed,2025-05-27
PO0001074,2024-04-23,SUP002,SKU0004,2304,496.29,In Transit,2024-06-04
PO0001075,2023-07-27,SUP016,SKU0004,4644,505.86,Ordered,2023-08-17
PO0001076,2024-09-15,SUP037,SKU0040,3432,70.12,Delayed,2024-09-20
PO0001077,2025-10-21,SUP014,SKU0004,1266,478.54,Ordered,2025-11-27
PO0001078,2024-05-17,SUP035,SKU0102,3571,514.21,In Transit,2024-06-17
PO0001079,2025-07-14,SUP003,SKU0066,108,480.66,In Transit,2025-08-15
PO0001080,2024-08-15,SUP042,SKU0094,1471,224.88,Received,2024-09-22
PO0001081,2024-07-13,SUP039,SKU0103,2155,245.21,Received,2024-08-02
PO0001082,2024-12-20,SUP041,SKU0022,1842,389.65,In Transit,2024-12-30
PO0001083,2024-07-30,SUP003,SKU0101,1422,507.47,In Transit,2024-08-31
PO0001084,2023-05-24,SUP020,SKU0012,834,28.41,Approved,2023-06-21
PO0001085,2023-10-14,SUP047,SKU0082,4658,108.69,Received,2023-10-27
PO0001086,2024-03-07,SUP040,SKU0058,4235,189.6,Received,2024-03-15
PO0001087,2024-12-02,SUP041,SKU0048,2241,28.31,Delayed,2024-12-12
PO0001088,2025-07-16,SUP018,SKU0091,2114,202.22,Received,2025-07-21
PO0001089,2024-11-30,SUP014,SKU0091,3866,213.84,Received,2025-01-06
PO0001090,2023-02-02,SUP045,SKU0064,1195,93.61,Approved,2023-02-15
PO0001091,2025-09-02,SUP001,SKU0040,178,73.34,Received,2025-09-16
PO0001092,2025-09-28,SUP049,SKU0045,3317,360.58,Delayed,2025-10-23
PO0001093,2023-06-08,SUP035,SKU0035,353,205.19,Delayed,2023-07-09
PO0001094,2025-06-30,SUP044,SKU0006,1111,333.48,Received,2025-07-10
PO0001095,2025-01-03,SUP025,SKU0043,1551,144.9,Delayed,2025-02-09
PO0001096,2023-01-18,SUP008,SKU0008,3890,449.93,Ordered,2023-02-14
PO0001097,2025-06-29,SUP001,SKU0066,1914,474.37,Received,2025-07-13
PO0001098,2025-01-02,SUP013,SKU0078,837,553.91,Delayed,2025-02-12
PO0001099,2024-09-12,SUP046,SKU0055,1911,155.94,Received,2024-10-23
PO0001100,2025-01-13,SUP003,SKU0082,2399,98.69,Delayed,2025-02-14
PO0001101,2024-03-04,SUP001,SKU0038,1706,233.31,Delayed,2024-03-18
PO0001102,2025-03-22,SUP008,SKU0020,2372,429.7,Received,2025-04-18
PO0001103,2023-12-16,SUP036,SKU0082,1687,101.99,In Transit,2024-01-12
PO0001104,2023-12-26,SUP005,SKU0032,4918,385.32,Approved,2024-02-08
PO0001105,2023-09-18,SUP017,SKU0045,4768,383.29,In Transit,2023-09-30
PO0001106,2024-07-15,SUP013,SKU0032,289,457.23,Delayed,2024-08-25
PO0001107,2025-12-27,SUP040,SKU0021,2171,516.82,Received,2026-01-04
PO0001108,2023-01-05,SUP028,SKU0106,524,521.72,Received,2023-01-29
PO0001109,2025-06-04,SUP027,SKU0022,2344,354.13,In Transit,2025-06-13
PO0001110,2025-08-13,SUP032,SKU0094,3061,250.7,Approved,2025-09-24
PO0001111,2024-04-04,SUP004,SKU0029,2376,321.15,In Transit,2024-04-14
PO0001112,2025-07-08,SUP021,SKU0029,142,289.94,Received,2025-07-24
PO0001113,2023-06-17,SUP037,SKU0007,307,359.27,Ordered,2023-06-22
PO0001114,2025-05-17,SUP005,SKU0116,2147,130.78,Received,2025-06-30
PO0001115,2024-09-28,SUP005,SKU0086,892,85.12,Received,2024-11-11
PO0001116,2023-02-19,SUP038,SKU0036,2838,454.14,Ordered,2023-03-15
PO0001117,2023-08-09,SUP031,SKU0039,2052,56.54,Approved,2023-09-22
PO0001118,2024-11-14,SUP034,SKU0046,2039,100.71,In Transit,2024-12-04
PO0001119,2025-06-17,SUP049,SKU0086,883,96.36,In Transit,2025-07-12
PO0001120,2023-09-13,SUP006,SKU0096,597,449.34,Received,2023-09-29
PO0001121,2024-10-03,SUP045,SKU0114,632,309.57,Approved,2024-10-16
PO0001122,2025-06-24,SUP004,SKU0074,2569,456.89,Received,2025-07-04
PO0001123,2023-05-15,SUP007,SKU0031,557,104.43,Received,2023-05-28
PO0001124,2025-02-20,SUP026,SKU0045,885,366.25,Received,2025-03-30
PO0001125,2024-04-22,SUP039,SKU0090,186,264.16,Received,2024-05-12
PO0001126,2025-05-26,SUP040,SKU0096,929,401.47,Delayed,2025-06-03
PO0001127,2023-02-23,SUP030,SKU0019,4337,457.29,Ordered,2023-03-18
PO0001128,2023-08-10,SUP007,SKU0067,200,211.61,Approved,2023-08-23
PO0001129,2024-02-01,SUP037,SKU0072,1132,17.72,Received,2024-02-06
PO0001130,2024-12-28,SUP027,SKU0060,4043,401.49,Received,2025-01-06
PO0001131,2024-01-16,SUP016,SKU0074,1227,473.54,Approved,2024-02-06
PO0001132,2023-09-19,SUP020,SKU0018,4888,509.61,Delayed,2023-10-17
PO0001133,2025-01-02,SUP020,SKU0096,4881,446.73,Ordered,2025-01-30
PO0001134,2023-10-29,SUP031,SKU0011,2628,266.23,Received,2023-12-12
PO0001135,2025-01-25,SUP001,SKU0058,4340,176.71,Delayed,2025-02-08
PO0001136,2023-10-24,SUP004,SKU0074,2044,447.63,In Transit,2023-11-03
PO0001137,2023-04-22,SUP028,SKU0087,2916,506.54,Ordered,2023-05-16
PO0001138,2024-02-17,SUP005,SKU0036,2897,398.76,Received,2024-04-01
PO0001139,2025-08-15,SUP039,SKU0001,2812,350.07,In Transit,2025-09-04
PO0001140,2024-11-18,SUP040,SKU0034,2554,395.52,Ordered,2024-11-26
PO0001141,2023-08-03,SUP030,SKU0099,445,493.45,Approved,2023-08-26
PO0001142,2024-04-01,SUP045,SKU0021,1986,495.46,Ordered,2024-04-14
PO0001143,2024-05-04,SUP031,SKU0042,2815,15.92,Received,2024-06-17
PO0001144,2024-02-25,SUP026,SKU0043,1609,144.55,Approved,2024-04-03
PO0001145,2025-01-13,SUP001,SKU0044,704,502.67,In Transit,2025-01-27
PO0001146,2023-08-24,SUP010,SKU0094,2480,246.86,Delayed,2023-09-15
PO0001147,2025-01-07,SUP003,SKU0002,343,169.55,Received,2025-02-08
PO0001148,2023-12-23,SUP015,SKU0002,2246,188.31,Received,2024-02-02
PO0001149,2024-05-18,SUP012,SKU0030,1705,427.27,Received,2024-06-09
PO0001150,2023-07-27,SUP002,SKU0042,1224,14.64,Approved,2023-09-07
PO0001151,2024-11-24,SUP014,SKU0067,2599,205.84,Received,2024-12-31
PO0001152,2025-02-01,SUP043,SKU0087,1503,586.99,In Transit,2025-03-01
PO0001153,2025-06-07,SUP046,SKU0060,635,354.91,Ordered,2025-07-18
PO0001154,2024-01-24,SUP013,SKU0093,4462,72.48,Received,2024-03-05
PO0001155,2024-10-13,SUP039,SKU0116,3618,152.5,Ordered,2024-11-02
PO0001156,2023-04-05,SUP049,SKU0087,4911,505.86,In Transit,2023-04-30
PO0001157,2024-08-25,SUP010,SKU0059,2784,555.27,Delayed,2024-09-16
PO0001158,2024-07-27,SUP009,SKU0080,4263,488.16,Received,2024-08-17
PO0001159,2024-03-04,SUP047,SKU0071,766,153.0,Delayed,2024-03-17
PO0001160,2023-05-13,SUP011,SKU0044,4266,505.8,Delayed,2023-05-19
PO0001161,2025-11-08,SUP024,SKU0106,4184,489.08,Ordered,2025-11-17
PO0001162,2024-10-21,SUP046,SKU0107,3162,558.07,Received,2024-12-01
PO0001163,2025-10-10,SUP031,SKU0090,2298,270.97,Delayed,2025-11-23
PO0001164,2023-03-16,SUP014,SKU0038,1898,229.51,Received,2023-04-22
PO0001165,2024-04-25,SUP026,SKU0110,1890,359.51,Received,2024-06-02
PO0001166,2023-11-18,SUP024,SKU0031,2185,104.25,Ordered,2023-11-27
PO0001167,2023-06-22,SUP019,SKU0022,3741,384.56,Ordered,2023-06-27
PO0001168,2023-03-26,SUP030,SKU0041,4296,501.76,Received,2023-04-18
PO0001169,2025-07-12,SUP030,SKU0082,3643,97.03,Received,2025-08-04
PO0001170,2024-10-11,SUP018,SKU0033,3232,477.08,Received,2024-10-16
PO0001171,2024-04-23,SUP017,SKU0033,721,512.33,Approved,2024-05-05
PO0001172,2024-08-26,SUP033,SKU0093,4300,74.98,Approved,2024-09-12
PO0001173,2024-07-20,SUP015,SKU0114,906,270.66,Received,2024-08-30
PO0001174,2023-03-20,SUP035,SKU0006,1740,332.16,Delayed,2023-04-20
PO0001175,2024-11-05,SUP017,SKU0052,2579,17.96,Delayed,2024-11-17
PO0001176,2024-07-16,SUP013,SKU0081,1229,331.09,Delayed,2024-08-26
PO0001177,2024-06-18,SUP001,SKU0053,2553,482.96,Received,2024-07-02
PO0001178,2025-04-07,SUP026,SKU0116,4850,146.4,Approved,2025-05-15
PO0001179,2025-08-24,SUP042,SKU0057,4299,465.57,Ordered,2025-10-01
PO0001180,2025-03-25,SUP015,SKU0082,1958,103.24,Ordered,2025-05-05
PO0001181,2025-08-29,SUP015,SKU0036,4325,432.58,In Transit,2025-10-09
PO0001182,2025-08-17,SUP047,SKU0032,3879,403.0,Approved,2025-08-30
PO0001183,2024-10-03,SUP013,SKU0046,3612,97.5,Delayed,2024-11-13
PO0001184,2025-05-05,SUP014,SKU0045,3693,354.27,In Transit,2025-06-11
PO0001185,2023-03-03,SUP024,SKU0077,1238,319.18,Ordered,2023-03-12
PO0001186,2024-09-17,SUP048,SKU0100,179,338.0,Delayed,2024-10-12
PO0001187,2024-12-27,SUP022,SKU0117,1947,317.16,Delayed,2025-01-27
PO0001188,2025-04-06,SUP049,SKU0037,4504,345.83,In Transit,2025-05-01
PO0001189,2023-02-17,SUP037,SKU0081,363,326.5,Ordered,2023-02-22
PO0001190,2024-11-07,SUP037,SKU0109,4801,184.88,Received,2024-11-12
PO0001191,2024-02-23,SUP026,SKU0074,621,450.07,Ordered,2024-04-01
PO0001192,2025-08-30,SUP007,SKU0036,2793,431.09,Received,2025-09-12
PO0001193,2024-09-15,SUP006,SKU0077,1504,289.44,In Transit,2024-10-01
PO0001194,2023-12-30,SUP003,SKU0082,4102,89.48,Ordered,2024-01-31
PO0001195,2023-05-23,SUP025,SKU0067,2425,195.45,Received,2023-06-29
PO0001196,2025-12-09,SUP005,SKU0018,3824,470.54,In Transit,2026-01-22
PO0001197,2023-01-23,SUP011,SKU0080,2776,478.46,Received,2023-01-29
PO0001198,2025-03-11,SUP011,SKU0062,1007,246.59,Received,2025-03-17
PO0001199,2025-09-06,SUP048,SKU0074,663,437.07,Ordered,2025-10-01
PO0001200,2023-09-24,SUP014,SKU0072,2637,17.02,Delayed,2023-10-31
PO0001201,2025-08-30,SUP011,SKU0047,4811,395.97,In Transit,2025-09-05
PO0001202,2024-02-20,SUP033,SKU0032,3859,397.57,Approved,2024-03-08
PO0001203,2023-10-20,SUP029,SKU0013,624,286.52,In Transit,2023-11-23
PO0001204,2024-05-20,SUP034,SKU0080,2794,482.98,Received,2024-06-09
PO0001205,2025-07-31,SUP030,SKU0020,4819,384.77,Approved,2025-08-23
PO0001206,2024-08-12,SUP042,SKU0030,3838,458.01,Delayed,2024-09-19
PO0001207,2024-09-01,SUP026,SKU0093,1534,73.03,Ordered,2024-10-09
PO0001208,2025-06-03,SUP030,SKU0117,3251,348.86,Ordered,2025-06-26
PO0001209,2023-07-15,SUP026,SKU0094,457,236.83,Ordered,2023-08-22
PO0001210,2024-07-14,SUP041,SKU0110,4505,358.45,Approved,2024-07-24
PO0001211,2024-03-20,SUP032,SKU0033,3469,579.11,In Transit,2024-05-01
PO0001212,2023-09-06,SUP024,SKU0087,726,566.95,In Transit,2023-09-15
PO0001213,2024-10-29,SUP027,SKU0023,3794,358.11,Ordered,2024-11-07
PO0001214,2025-11-02,SUP003,SKU0087,3886,488.34,Delayed,2025-12-04
PO0001215,2025-08-03,SUP025,SKU0054,2915,482.64,Ordered,2025-09-09
PO0001216,2025-03-23,SUP003,SKU0085,187,560.61,Delayed,2025-04-24
PO0001217,2023-10-07,SUP021,SKU0093,3903,74.06,Approved,2023-10-23
PO0001218,2023-06-19,SUP036,SKU0024,2084,437.82,Received,2023-07-16
PO0001219,2023-10-15,SUP031,SKU0072,2386,18.43,Ordered,2023-11-28
PO0001220,2023-02-06,SUP039,SKU0118,923,371.89,Approved,2023-02-26
PO0001221,2025-12-30,SUP048,SKU0073,3301,92.02,Delayed,2026-01-24
PO0001222,2023-01-23,SUP044,SKU0024,2338,390.78,Received,2023-02-02
PO0001223,2023-12-31,SUP014,SKU0012,382,31.3,In Transit,2024-02-06
PO0001224,2024-03-18,SUP029,SKU0003,491,44.43,In Transit,2024-04-21
PO0001225,2023-07-30,SUP025,SKU0117,2625,318.76,In Transit,2023-09-05
PO0001226,2023-01-10,SUP004,SKU0104,3191,580.73,Ordered,2023-01-20
PO0001227,2025-02-06,SUP016,SKU0071,1738,132.93,Received,2025-02-27
PO0001228,2023-02-27,SUP001,SKU0090,2861,283.73,Delayed,2023-03-13
PO0001229,2023-05-10,SUP015,SKU0017,891,622.51,Delayed,2023-06-20
PO0001230,2023-12-10,SUP047,SKU0112,1468,233.88,In Transit,2023-12-23
PO0001231,2023-08-09,SUP021,SKU0107,2743,562.13,Ordered,2023-08-25
PO0001232,2024-02-29,SUP035,SKU0103,3336,249.78,Approved,2024-03-31
PO0001233,2024-04-20,SUP014,SKU0006,967,333.72,Ordered,2024-05-27
PO0001234,2023-01-31,SUP026,SKU0014,2690,322.05,Ordered,2023-03-10
PO0001235,2025-07-28,SUP015,SKU0084,640,410.38,Received,2025-09-07
PO0001236,2025-01-25,SUP003,SKU0084,651,428.48,Received,2025-02-26
PO0001237,2024-09-09,SUP050,SKU0010,4192,37.89,Approved,2024-09-28
PO0001238,2023-12-18,SUP017,SKU0102,876,480.17,Delayed,2023-12-30
PO0001239,2025-03-06,SUP044,SKU0069,1188,215.0,Delayed,2025-03-16
PO0001240,2024-10-13,SUP043,SKU0052,4049,15.64,Approved,2024-11-10
PO0001241,2025-07-08,SUP025,SKU0022,4286,393.89,Ordered,2025-08-14
PO0001242,2025-10-28,SUP038,SKU0040,208,67.1,In Transit,2025-11-21
PO0001243,2023-09-12,SUP020,SKU0010,2036,36.19,Ordered,2023-10-10
PO0001244,2023-06-12,SUP004,SKU0090,1226,259.95,Received,2023-06-22
PO0001245,2024-02-18,SUP010,SKU0099,3178,464.65,Approved,2024-03-11
PO0001246,2024-05-02,SUP047,SKU0041,4999,537.76,Received,2024-05-15
PO0001247,2024-11-04,SUP009,SKU0100,2378,325.68,Approved,2024-11-25
PO0001248,2025-12-02,SUP027,SKU0113,2463,507.5,Ordered,2025-12-11
PO0001249,2024-11-09,SUP022,SKU0062,2084,250.68,Approved,2024-12-10
PO0001250,2024-05-23,SUP044,SKU0068,1922,439.57,Received,2024-06-02
PO0001251,2025-12-03,SUP021,SKU0009,1603,166.11,Approved,2025-12-19
PO0001252,2023-05-13,SUP032,SKU0006,673,374.75,Approved,2023-06-24
PO0001253,2023-10-17,SUP014,SKU0030,1128,433.91,In Transit,2023-11-23
PO0001254,2024-02-23,SUP016,SKU0065,4256,291.69,Delayed,2024-03-15
PO0001255,2025-08-14,SUP020,SKU0119,1444,464.59,Ordered,2025-09-11
PO0001256,2025-05-18,SUP012,SKU0093,2139,71.36,In Transit,2025-06-09
PO0001257,2025-07-07,SUP041,SKU0013,1749,256.77,Received,2025-07-17
PO0001258,2023-06-13,SUP024,SKU0023,3362,374.45,Received,2023-06-22
PO0001259,2025-06-22,SUP028,SKU0106,4239,497.9,Received,2025-07-16
PO0001260,2023-11-16,SUP031,SKU0065,262,335.26,Received,2023-12-30
PO0001261,2023-06-20,SUP049,SKU0018,2559,526.06,Ordered,2023-07-15
PO0001262,2023-12-26,SUP017,SKU0109,3216,170.99,Received,2024-01-07
PO0001263,2024-08-03,SUP025,SKU0044,4705,528.35,Approved,2024-09-09
PO0001264,2024-11-13,SUP009,SKU0056,3944,168.13,Ordered,2024-12-04
PO0001265,2023-01-09,SUP001,SKU0016,4201,226.98,Received,2023-01-23
PO0001266,2025-10-03,SUP026,SKU0025,3506,12.47,Delayed,2025-11-10
PO0001267,2025-02-03,SUP025,SKU0034,4110,386.61,In Transit,2025-03-12
PO0001268,2023-05-26,SUP027,SKU0115,418,219.42,Approved,2023-06-04
PO0001269,2025-02-27,SUP037,SKU0070,1430,150.7,Received,2025-03-04
PO0001270,2024-06-06,SUP050,SKU0113,2955,484.21,Received,2024-06-25
PO0001271,2025-01-24,SUP045,SKU0007,572,337.07,Received,2025-02-06
PO0001272,2024-05-20,SUP016,SKU0017,4013,532.9,Received,2024-06-10
PO0001273,2023-02-27,SUP045,SKU0030,1311,449.94,Received,2023-03-12
PO0001274,2023-10-29,SUP017,SKU0001,2126,333.73,Delayed,2023-11-10
PO0001275,2023-11-27,SUP001,SKU0104,1056,581.16,Delayed,2023-12-11
PO0001276,2025-02-26,SUP026,SKU0039,4901,56.7,Approved,2025-04-05
PO0001277,2025-11-27,SUP013,SKU0053,3564,471.24,Received,2026-01-07
PO0001278,2024-06-01,SUP045,SKU0031,2575,103.22,In Transit,2024-06-14
PO0001279,2025-02-22,SUP038,SKU0052,2622,17.92,Delayed,2025-03-18
PO0001280,2023-07-02,SUP007,SKU0100,4790,356.71,Received,2023-07-15
PO0001281,2023-10-20,SUP018,SKU0104,1816,598.69,Received,2023-10-25
PO0001282,2024-09-22,SUP001,SKU0035,1479,202.29,Approved,2024-10-06
PO0001283,2023-07-18,SUP005,SKU0034,3522,404.07,Delayed,2023-08-31
PO0001284,2024-08-13,SUP047,SKU0011,3630,243.66,Received,2024-08-26
PO0001285,2024-01-17,SUP046,SKU0061,1200,414.06,Ordered,2024-02-27
PO0001286,2025-10-26,SUP008,SKU0037,3791,365.1,Ordered,2025-11-22
PO0001287,2024-01-16,SUP013,SKU0057,583,445.27,Ordered,2024-02-26
PO0001288,2024-06-15,SUP027,SKU0118,3710,407.63,In Transit,2024-06-24
PO0001289,2023-08-12,SUP041,SKU0010,1460,31.65,Approved,2023-08-22
PO0001290,2025-02-12,SUP008,SKU0114,2367,267.47,Approved,2025-03-11
PO0001291,2024-04-25,SUP031,SKU0018,4074,534.07,Approved,2024-06-08
PO0001292,2023-01-20,SUP004,SKU0027,2279,276.76,Approved,2023-01-30
PO0001293,2023-03-27,SUP007,SKU0020,1829,425.73,Approved,2023-04-09
PO0001294,2025-02-08,SUP039,SKU0056,4360,196.46,Received,2025-02-28
PO0001295,2025-09-22,SUP031,SKU0041,2860,500.12,Received,2025-11-05
PO0001296,2025-01-29,SUP044,SKU0056,2910,196.91,Ordered,2025-02-08
PO0001297,2025-01-09,SUP043,SKU0085,3364,575.69,Approved,2025-02-06
PO0001298,2024-12-30,SUP022,SKU0062,920,239.88,Delayed,2025-01-30
PO0001299,2025-04-02,SUP047,SKU0079,1237,13.31,Approved,2025-04-15
PO0001300,2025-12-22,SUP018,SKU0043,2136,132.13,In Transit,2025-12-27
PO0001301,2025-08-31,SUP033,SKU0043,3484,140.05,Approved,2025-09-17
PO0001302,2024-10-21,SUP002,SKU0014,3050,383.53,Delayed,2024-12-02
PO0001303,2024-10-28,SUP044,SKU0040,3739,67.11,Received,2024-11-07
PO0001304,2025-03-30,SUP048,SKU0083,766,373.53,Received,2025-04-24
PO0001305,2023-07-25,SUP047,SKU0023,3252,368.02,Ordered,2023-08-07
PO0001306,2023-10-21,SUP034,SKU0064,4784,96.13,Delayed,2023-11-10
PO0001307,2025-10-30,SUP003,SKU0072,1147,17.24,Approved,2025-12-01
PO0001308,2024-09-09,SUP044,SKU0059,4595,641.83,Received,2024-09-19
PO0001309,2023-12-11,SUP029,SKU0018,1047,514.39,In Transit,2024-01-14
PO0001310,2024-05-08,SUP016,SKU0037,1833,336.52,Delayed,2024-05-29
PO0001311,2023-07-03,SUP007,SKU0090,3662,292.95,Approved,2023-07-16
PO0001312,2023-11-25,SUP021,SKU0034,3241,423.47,Ordered,2023-12-11
PO0001313,2024-06-11,SUP043,SKU0019,4001,516.32,Delayed,2024-07-09
PO0001314,2023-09-10,SUP043,SKU0091,1212,212.42,Delayed,2023-10-08
PO0001315,2025-10-04,SUP006,SKU0095,2826,206.18,In Transit,2025-10-20
PO0001316,2023-05-13,SUP042,SKU0091,2911,191.04,Delayed,2023-06-20
PO0001317,2025-02-20,SUP042,SKU0064,4703,99.43,Received,2025-03-30
PO0001318,2024-04-22,SUP015,SKU0059,2222,539.89,Approved,2024-06-02
PO0001319,2023-08-17,SUP006,SKU0057,2887,444.47,Ordered,2023-09-02
PO0001320,2023-08-26,SUP037,SKU0002,3112,166.97,Received,2023-08-31
PO0001321,2025-02-17,SUP037,SKU0101,113,465.97,In Transit,2025-02-22
PO0001322,2026-01-01,SUP013,SKU0103,3279,251.66,Received,2026-02-11
PO0001323,2025-01-17,SUP044,SKU0036,1134,426.86,In Transit,2025-01-27
PO0001324,2024-03-30,SUP007,SKU0067,3338,187.28,Received,2024-04-12
PO0001325,2024-10-09,SUP010,SKU0094,2531,266.69,Received,2024-10-31
PO0001326,2025-07-22,SUP010,SKU0066,2421,420.33,Delayed,2025-08-13
PO0001327,2023-03-12,SUP039,SKU0026,2722,212.89,Delayed,2023-04-01
PO0001328,2023-09-10,SUP018,SKU0012,4801,28.89,Ordered,2023-09-15
PO0001329,2025-10-10,SUP019,SKU0100,3185,308.18,Received,2025-10-15
PO0001330,2023-11-09,SUP046,SKU0039,1825,55.4,Ordered,2023-12-20
PO0001331,2023-04-18,SUP050,SKU0029,1566,317.5,Delayed,2023-05-07
PO0001332,2025-03-13,SUP020,SKU0027,1404,289.37,In Transit,2025-04-10
PO0001333,2025-03-14,SUP022,SKU0101,3560,501.53,Received,2025-04-14
PO0001334,2025-03-12,SUP026,SKU0050,688,542.78,Received,2025-04-19
PO0001335,2024-08-01,SUP045,SKU0094,1698,259.89,In Transit,2024-08-14
PO0001336,2025-03-17,SUP007,SKU0039,1172,49.96,In Transit,2025-03-30
PO0001337,2023-04-21,SUP046,SKU0058,2590,172.23,Ordered,2023-06-01
PO0001338,2023-10-09,SUP029,SKU0043,4052,130.03,Ordered,2023-11-12
PO0001339,2024-03-05,SUP014,SKU0014,1702,373.68,Approved,2024-04-11
PO0001340,2025-01-11,SUP047,SKU0111,4815,308.25,Ordered,2025-01-24
PO0001341,2025-02-10,SUP028,SKU0113,1478,524.45,Approved,2025-03-06
PO0001342,2024-12-29,SUP031,SKU0079,1571,16.01,Approved,2025-02-11
PO0001343,2025-11-21,SUP042,SKU0086,2872,95.76,Ordered,2025-12-29
PO0001344,2025-04-07,SUP016,SKU0012,378,26.81,Received,2025-04-28
PO0001345,2025-09-27,SUP020,SKU0038,4983,232.05,Delayed,2025-10-25
PO0001346,2025-02-07,SUP050,SKU0013,834,283.99,Delayed,2025-02-26
PO0001347,2025-02-21,SUP018,SKU0004,3746,477.95,Approved,2025-02-26
PO0001348,2023-08-27,SUP006,SKU0084,1099,396.95,Delayed,2023-09-12
PO0001349,2025-11-09,SUP015,SKU0039,288,52.69,In Transit,2025-12-20
PO0001350,2025-09-09,SUP018,SKU0036,874,450.21,Ordered,2025-09-14
PO0001351,2025-02-25,SUP031,SKU0014,3652,342.49,Ordered,2025-04-10
PO0001352,2023-07-23,SUP021,SKU0076,620,239.79,In Transit,2023-08-08
PO0001353,2024-01-14,SUP026,SKU0047,261,356.27,In Transit,2024-02-21
PO0001354,2025-12-21,SUP032,SKU0045,623,359.2,In Transit,2026-02-01
PO0001355,2023-09-12,SUP049,SKU0073,1799,107.73,Approved,2023-10-07
PO0001356,2024-01-06,SUP039,SKU0062,1574,240.0,Received,2024-01-26
PO0001357,2024-10-05,SUP008,SKU0040,420,65.63,Ordered,2024-11-01
PO0001358,2023-11-27,SUP006,SKU0071,4707,137.72,Approved,2023-12-13
PO0001359,2023-06-23,SUP008,SKU0090,4246,255.9,In Transit,2023-07-20
PO0001360,2023-12-18,SUP028,SKU0010,100,32.81,Approved,2024-01-11
PO0001361,2025-11-29,SUP019,SKU0053,4475,499.43,In Transit,2025-12-04
PO0001362,2025-10-01,SUP045,SKU0082,2663,99.28,Received,2025-10-14
PO0001363,2025-11-11,SUP014,SKU0065,911,328.93,Approved,2025-12-18
PO0001364,2024-04-30,SUP003,SKU0080,1640,414.36,Ordered,2024-06-01
PO0001365,2023-10-02,SUP039,SKU0028,4622,167.25,Received,2023-10-22
PO0001366,2024-07-22,SUP009,SKU0075,3557,503.5,Received,2024-08-12
PO0001367,2024-06-17,SUP025,SKU0021,1437,488.83,Approved,2024-07-24
PO0001368,2024-06-04,SUP044,SKU0082,3584,107.53,Ordered,2024-06-14
PO0001369,2024-02-22,SUP005,SKU0054,2306,505.58,Delayed,2024-04-06
PO0001370,2024-01-30,SUP046,SKU0057,3148,429.47,Delayed,2024-03-11
PO0001371,2025-11-13,SUP039,SKU0020,1443,417.03,Ordered,2025-12-03
PO0001372,2024-10-09,SUP028,SKU0042,3204,13.58,In Transit,2024-11-02
PO0001373,2024-05-21,SUP005,SKU0092,2312,136.73,Approved,2024-07-04
PO0001374,2025-04-13,SUP005,SKU0024,2798,431.65,Received,2025-05-27
PO0001375,2024-11-14,SUP050,SKU0070,2338,149.17,Ordered,2024-12-03
PO0001376,2024-07-14,SUP001,SKU0111,902,326.68,Ordered,2024-07-28
PO0001377,2025-02-14,SUP007,SKU0085,1111,551.77,Delayed,2025-02-27
PO0001378,2024-09-19,SUP038,SKU0022,4110,352.13,Received,2024-10-13
PO0001379,2024-07-31,SUP036,SKU0104,2320,563.13,Approved,2024-08-27
PO0001380,2023-12-16,SUP021,SKU0023,3291,359.33,Delayed,2024-01-01
PO0001381,2025-12-24,SUP036,SKU0008,4971,497.18,Received,2026-01-20
PO0001382,2025-09-03,SUP038,SKU0099,1145,470.05,Delayed,2025-09-27
PO0001383,2025-11-17,SUP046,SKU0065,1373,328.61,Ordered,2025-12-28
PO0001384,2025-02-14,SUP037,SKU0002,2290,164.28,Delayed,2025-02-19
PO0001385,2025-01-28,SUP046,SKU0068,2140,445.61,Received,2025-03-10
PO0001386,2025-07-26,SUP012,SKU0021,3695,547.31,Received,2025-08-17
PO0001387,2025-10-25,SUP019,SKU0041,2359,534.24,In Transit,2025-10-30
PO0001388,2024-04-13,SUP020,SKU0059,812,637.18,Received,2024-05-11
PO0001389,2024-10-02,SUP006,SKU0056,751,163.87,Ordered,2024-10-18
PO0001390,2023-07-11,SUP011,SKU0111,4812,305.26,Delayed,2023-07-17
PO0001391,2024-08-08,SUP036,SKU0073,4137,104.63,Approved,2024-09-04
PO0001392,2025-05-18,SUP044,SKU0028,4267,192.66,Ordered,2025-05-28
PO0001393,2025-09-09,SUP032,SKU0030,4318,489.98,Delayed,2025-10-21
PO0001394,2025-12-26,SUP045,SKU0072,1121,16.92,In Transit,2026-01-08
PO0001395,2024-01-25,SUP048,SKU0023,159,400.28,Delayed,2024-02-19
PO0001396,2025-12-30,SUP048,SKU0007,2926,310.45,Delayed,2026-01-24
PO0001397,2025-12-17,SUP044,SKU0094,446,255.21,Ordered,2025-12-27
PO0001398,2025-12-08,SUP015,SKU0053,1532,462.08,Ordered,2026-01-18
PO0001399,2025-11-18,SUP023,SKU0083,517,379.26,Received,2025-12-19
PO0001400,2023-12-16,SUP024,SKU0056,1027,173.23,Delayed,2023-12-25
PO0001401,2024-05-26,SUP035,SKU0083,1065,369.04,Received,2024-06-26
PO0001402,2024-08-24,SUP017,SKU0116,1845,125.36,Delayed,2024-09-05
PO0001403,2025-03-17,SUP014,SKU0120,2597,259.7,Delayed,2025-04-23
PO0001404,2025-11-21,SUP003,SKU0079,3893,15.85,Received,2025-12-23
PO0001405,2023-04-28,SUP023,SKU0020,148,433.63,Received,2023-05-29
PO0001406,2024-09-03,SUP023,SKU0022,977,345.2,Delayed,2024-10-04
PO0001407,2024-01-17,SUP026,SKU0117,3004,290.7,Received,2024-02-24
PO0001408,2025-10-04,SUP013,SKU0069,794,223.76,Ordered,2025-11-14
PO0001409,2025-04-21,SUP008,SKU0018,4092,465.32,Delayed,2025-05-18
PO0001410,2024-05-27,SUP015,SKU0119,3955,435.56,Received,2024-07-07
PO0001411,2025-01-16,SUP028,SKU0013,1592,271.01,Received,2025-02-09
PO0001412,2023-08-11,SUP029,SKU0088,3699,261.52,Received,2023-09-14
PO0001413,2025-06-07,SUP001,SKU0114,3042,315.49,Delayed,2025-06-21
PO0001414,2024-02-11,SUP008,SKU0012,1652,27.77,Ordered,2024-03-09
PO0001415,2025-03-19,SUP027,SKU0088,2813,302.99,Ordered,2025-03-28
PO0001416,2024-02-12,SUP031,SKU0047,2277,336.25,Received,2024-03-27
PO0001417,2025-10-11,SUP044,SKU0113,1143,466.35,Received,2025-10-21
PO0001418,2025-10-24,SUP047,SKU0118,3285,368.24,Approved,2025-11-06
PO0001419,2023-02-13,SUP009,SKU0072,1374,16.71,Approved,2023-03-06
PO0001420,2024-04-29,SUP004,SKU0088,2902,276.54,In Transit,2024-05-09
PO0001421,2023-01-17,SUP028,SKU0036,4033,407.28,Received,2023-02-10
PO0001422,2023-06-19,SUP049,SKU0016,3613,206.03,Ordered,2023-07-14
PO0001423,2025-11-13,SUP012,SKU0024,2143,401.5,Approved,2025-12-05
PO0001424,2024-06-23,SUP045,SKU0030,2126,488.21,Received,2024-07-06
PO0001425,2024-02-11,SUP031,SKU0113,944,502.72,In Transit,2024-03-26
PO0001426,2024-01-07,SUP013,SKU0109,4943,176.68,Ordered,2024-02-17
PO0001427,2024-04-14,SUP008,SKU0034,1183,394.12,Received,2024-05-11
PO0001428,2024-01-29,SUP010,SKU0003,3592,37.61,Ordered,2024-02-20
PO0001429,2023-07-06,SUP004,SKU0104,3215,541.06,Received,2023-07-16
PO0001430,2024-04-18,SUP015,SKU0015,2853,368.01,Approved,2024-05-29
PO0001431,2025-11-10,SUP028,SKU0079,523,14.12,Received,2025-12-04
PO0001432,2025-01-14,SUP018,SKU0081,2975,313.82,Ordered,2025-01-19
PO0001433,2024-10-17,SUP004,SKU0079,1588,13.35,Approved,2024-10-27
PO0001434,2024-10-20,SUP014,SKU0059,2437,581.57,In Transit,2024-11-26
PO0001435,2023-07-26,SUP028,SKU0058,1614,165.1,Received,2023-08-19
PO0001436,2025-01-14,SUP022,SKU0068,2593,396.84,Delayed,2025-02-14
PO0001437,2023-01-28,SUP044,SKU0100,4620,356.29,Ordered,2023-02-07
PO0001438,2024-11-09,SUP024,SKU0028,3060,185.94,In Transit,2024-11-18
PO0001439,2025-12-19,SUP039,SKU0092,3144,140.09,Received,2026-01-08
PO0001440,2024-03-06,SUP038,SKU0047,3246,333.95,Approved,2024-03-30
PO0001441,2023-09-25,SUP041,SKU0002,1085,163.85,Delayed,2023-10-05
PO0001442,2024-01-26,SUP013,SKU0012,3751,31.49,Approved,2024-03-07
PO0001443,2024-12-03,SUP020,SKU0029,3984,325.37,Ordered,2024-12-31
PO0001444,2025-12-28,SUP047,SKU0092,1358,134.34,Ordered,2026-01-10
PO0001445,2025-05-06,SUP036,SKU0051,2168,328.62,In Transit,2025-06-02
PO0001446,2024-12-12,SUP024,SKU0064,3773,93.31,Approved,2024-12-21
PO0001447,2025-06-12,SUP005,SKU0056,4055,176.13,In Transit,2025-07-26
PO0001448,2023-02-14,SUP011,SKU0044,2345,537.73,Ordered,2023-02-20
PO0001449,2024-08-16,SUP003,SKU0073,4738,89.89,Delayed,2024-09-17
PO0001450,2024-01-25,SUP048,SKU0059,3356,584.26,In Transit,2024-02-19
PO0001451,2025-11-17,SUP005,SKU0003,1455,41.11,In Transit,2025-12-31
PO0001452,2025-02-25,SUP036,SKU0023,3296,376.23,Received,2025-03-24
PO0001453,2024-02-28,SUP012,SKU0042,129,13.98,Ordered,2024-03-21
PO0001454,2023-01-19,SUP033,SKU0068,3830,430.6,Delayed,2023-02-05
PO0001455,2025-12-11,SUP017,SKU0115,2585,213.83,Received,2025-12-23
PO0001456,2024-07-03,SUP036,SKU0040,1075,66.23,Approved,2024-07-30
PO0001457,2025-12-28,SUP016,SKU0063,2490,365.84,Ordered,2026-01-18
PO0001458,2024-07-22,SUP009,SKU0101,2315,520.47,Approved,2024-08-12
PO0001459,2024-05-24,SUP014,SKU0083,4479,355.64,Delayed,2024-06-30
PO0001460,2024-12-12,SUP041,SKU0025,3123,11.06,Delayed,2024-12-22
PO0001461,2024-06-24,SUP047,SKU0043,1194,133.21,In Transit,2024-07-07
PO0001462,2024-08-26,SUP021,SKU0022,569,392.77,Approved,2024-09-11
PO0001463,2024-12-29,SUP015,SKU0086,2391,87.92,Approved,2025-02-08
PO0001464,2023-08-06,SUP047,SKU0023,3229,418.05,Received,2023-08-19
PO0001465,2024-02-27,SUP029,SKU0107,1907,535.72,Ordered,2024-04-01
PO0001466,2025-03-20,SUP010,SKU0072,3754,16.32,Delayed,2025-04-11
PO0001467,2025-06-07,SUP024,SKU0027,1315,284.68,Approved,2025-06-16
PO0001468,2025-10-12,SUP012,SKU0056,3863,167.75,Ordered,2025-11-03
PO0001469,2024-01-22,SUP037,SKU0068,4118,468.42,Ordered,2024-01-27
PO0001470,2024-07-31,SUP002,SKU0113,2640,450.7,Ordered,2024-09-11
PO0001471,2025-03-18,SUP044,SKU0096,1638,379.05,Approved,2025-03-28
PO0001472,2025-05-23,SUP016,SKU0064,3827,98.39,Received,2025-06-13
PO0001473,2023-07-25,SUP047,SKU0099,4415,458.03,Approved,2023-08-07
PO0001474,2023-07-24,SUP025,SKU0092,3245,133.66,Approved,2023-08-30
PO0001475,2023-03-31,SUP009,SKU0054,2134,484.86,Received,2023-04-21
PO0001476,2023-10-20,SUP041,SKU0033,210,558.02,Approved,2023-10-30
PO0001477,2023-08-06,SUP035,SKU0111,2872,358.54,Approved,2023-09-06
PO0001478,2024-02-19,SUP009,SKU0011,4035,274.39,Received,2024-03-11
PO0001479,2023-12-01,SUP020,SKU0098,2817,218.96,Ordered,2023-12-29
PO0001480,2023-04-25,SUP035,SKU0084,2291,407.95,Approved,2023-05-26
PO0001481,2023-02-13,SUP003,SKU0034,942,405.65,Approved,2023-03-17
PO0001482,2025-11-13,SUP027,SKU0017,1261,528.99,Ordered,2025-11-22
PO0001483,2023-02-19,SUP015,SKU0030,3599,461.66,Received,2023-04-01
PO0001484,2024-08-10,SUP015,SKU0082,3251,102.52,Delayed,2024-09-20
PO0001485,2023-08-19,SUP032,SKU0016,1489,238.28,Ordered,2023-09-30
PO0001486,2023-07-28,SUP019,SKU0023,3027,351.31,Received,2023-08-02
PO0001487,2023-08-31,SUP024,SKU0045,794,386.16,In Transit,2023-09-09
PO0001488,2023-11-06,SUP012,SKU0060,3611,386.57,In Transit,2023-11-28
PO0001489,2024-01-07,SUP044,SKU0015,3583,347.4,Delayed,2024-01-17
PO0001490,2024-09-09,SUP040,SKU0014,2451,346.06,Approved,2024-09-17
PO0001491,2024-07-09,SUP032,SKU0093,3123,80.72,Delayed,2024-08-20
PO0001492,2023-06-06,SUP001,SKU0027,1317,278.13,Ordered,2023-06-20
PO0001493,2024-10-17,SUP010,SKU0054,3299,455.11,Received,2024-11-08
PO0001494,2023-05-18,SUP008,SKU0006,4833,338.59,Delayed,2023-06-14
PO0001495,2024-07-24,SUP010,SKU0022,840,369.56,Ordered,2024-08-15
PO0001496,2024-01-08,SUP050,SKU0038,3254,206.44,Received,2024-01-27
PO0001497,2025-05-18,SUP031,SKU0081,3491,307.21,Delayed,2025-07-01
PO0001498,2024-11-13,SUP009,SKU0042,2114,14.65,In Transit,2024-12-04
PO0001499,2025-10-15,SUP035,SKU0106,4472,486.52,In Transit,2025-11-15
PO0001500,2024-04-16,SUP025,SKU0010,784,35.11,Received,2024-05-23
PO0001501,2025-12-15,SUP037,SKU0104,1896,573.67,Ordered,2025-12-20
PO0001502,2025-01-10,SUP001,SKU0073,1765,108.28,Approved,2025-01-24
PO0001503,2025-01-12,SUP036,SKU0050,3982,589.17,Approved,2025-02-08
PO0001504,2023-05-03,SUP023,SKU0066,3056,483.92,Ordered,2023-06-03
PO0001505,2024-08-26,SUP030,SKU0035,1280,203.01,In Transit,2024-09-18
PO0001506,2025-05-12,SUP016,SKU0041,1826,522.01,Approved,2025-06-02
PO0001507,2023-10-10,SUP008,SKU0016,1272,211.66,Approved,2023-11-06
PO0001508,2025-05-19,SUP024,SKU0027,543,274.1,Delayed,2025-05-28
PO0001509,2023-06-01,SUP031,SKU0029,4965,318.31,Approved,2023-07-15
PO0001510,2023-10-28,SUP024,SKU0054,1257,421.28,Approved,2023-11-06
PO0001511,2023-01-26,SUP037,SKU0025,3511,10.66,Ordered,2023-01-31
PO0001512,2025-08-20,SUP048,SKU0074,1247,469.17,Delayed,2025-09-14
PO0001513,2024-09-05,SUP031,SKU0117,3471,336.72,Received,2024-10-19
PO0001514,2023-01-28,SUP019,SKU0012,1011,27.02,Delayed,2023-02-02
PO0001515,2023-03-07,SUP039,SKU0027,1521,263.66,Approved,2023-03-27
PO0001516,2025-03-22,SUP028,SKU0092,3821,149.43,Received,2025-04-15
PO0001517,2025-10-24,SUP020,SKU0078,1962,513.01,Ordered,2025-11-21
PO0001518,2024-07-10,SUP006,SKU0008,4372,450.58,Ordered,2024-07-26
PO0001519,2024-03-09,SUP026,SKU0016,558,204.78,Ordered,2024-04-16
PO0001520,2023-06-08,SUP045,SKU0114,3937,291.69,Delayed,2023-06-21
PO0001521,2025-04-09,SUP025,SKU0056,1450,163.08,Received,2025-05-16
PO0001522,2025-05-18,SUP013,SKU0044,2311,476.86,Approved,2025-06-28
PO0001523,2025-01-12,SUP039,SKU0057,2848,384.04,Received,2025-02-01
PO0001524,2023-11-30,SUP035,SKU0119,972,406.19,In Transit,2023-12-31
PO0001525,2023-01-23,SUP049,SKU0057,2632,397.59,Ordered,2023-02-17
PO0001526,2023-03-08,SUP016,SKU0083,2305,353.24,In Transit,2023-03-29
PO0001527,2023-04-02,SUP037,SKU0041,4063,445.38,Received,2023-04-07
PO0001528,2023-07-10,SUP020,SKU0011,169,285.91,Received,2023-08-07
PO0001529,2025-03-26,SUP033,SKU0096,1696,399.38,Received,2025-04-12
PO0001530,2024-12-29,SUP009,SKU0103,897,221.87,Delayed,2025-01-19
PO0001531,2025-10-28,SUP007,SKU0004,4213,521.17,Ordered,2025-11-10
PO0001532,2023-02-18,SUP038,SKU0109,3230,171.45,Approved,2023-03-14
PO0001533,2024-08-17,SUP011,SKU0072,1341,17.88,Approved,2024-08-23
PO0001534,2023-07-11,SUP046,SKU0029,1997,319.13,Delayed,2023-08-21
PO0001535,2023-10-16,SUP050,SKU0118,1419,436.78,In Transit,2023-11-04
PO0001536,2025-11-23,SUP047,SKU0062,4386,289.27,Received,2025-12-06
PO0001537,2025-07-05,SUP009,SKU0004,2877,470.44,In Transit,2025-07-26
PO0001538,2025-06-01,SUP003,SKU0087,3275,511.26,In Transit,2025-07-03
PO0001539,2023-06-03,SUP010,SKU0040,4744,72.7,Received,2023-06-25
PO0001540,2023-07-19,SUP001,SKU0011,1268,274.73,Received,2023-08-02
PO0001541,2023-06-28,SUP032,SKU0062,870,263.94,Ordered,2023-08-09
PO0001542,2024-08-28,SUP011,SKU0030,658,451.71,Received,2024-09-03
PO0001543,2024-12-24,SUP006,SKU0108,682,386.59,Received,2025-01-09
PO0001544,2024-06-12,SUP031,SKU0011,2197,274.57,Received,2024-07-26
PO0001545,2023-10-15,SUP008,SKU0062,4759,265.72,Received,2023-11-11
PO0001546,2024-08-10,SUP026,SKU0109,3450,184.54,Delayed,2024-09-17
PO0001547,2023-09-22,SUP029,SKU0047,3104,364.91,In Transit,2023-10-26
PO0001548,2024-10-04,SUP024,SKU0007,783,339.11,In Transit,2024-10-13
PO0001549,2025-07-10,SUP017,SKU0012,449,29.72,Delayed,2025-07-22
PO0001550,2023-04-27,SUP048,SKU0045,2105,372.15,In Transit,2023-05-22
PO0001551,2023-01-17,SUP010,SKU0039,962,49.62,Ordered,2023-02-08
PO0001552,2025-03-28,SUP005,SKU0027,1927,257.6,Received,2025-05-11
PO0001553,2023-07-11,SUP023,SKU0070,3916,159.51,In Transit,2023-08-11
PO0001554,2025-08-10,SUP007,SKU0112,803,240.89,Approved,2025-08-23
PO0001555,2025-03-23,SUP050,SKU0022,3648,360.09,Received,2025-04-11
PO0001556,2023-05-13,SUP021,SKU0042,2905,16.49,Received,2023-05-29
PO0001557,2024-03-11,SUP045,SKU0109,4001,158.95,Received,2024-03-24
PO0001558,2023-03-20,SUP035,SKU0077,1375,342.51,Ordered,2023-04-20
PO0001559,2024-03-13,SUP021,SKU0084,4754,360.52,In Transit,2024-03-29
PO0001560,2025-02-17,SUP004,SKU0042,3061,15.87,Received,2025-02-27
PO0001561,2024-03-13,SUP004,SKU0014,1832,383.15,Delayed,2024-03-23
PO0001562,2025-05-16,SUP018,SKU0076,2164,236.2,Approved,2025-05-21
PO0001563,2023-10-18,SUP005,SKU0051,2343,298.96,Received,2023-12-01
PO0001564,2025-07-13,SUP027,SKU0120,4398,225.49,Received,2025-07-22
PO0001565,2024-01-12,SUP004,SKU0006,857,370.72,Received,2024-01-22
PO0001566,2024-12-01,SUP049,SKU0004,2532,458.04,Received,2024-12-26
PO0001567,2025-05-08,SUP031,SKU0045,3995,360.39,Ordered,2025-06-21
PO0001568,2025-06-13,SUP023,SKU0086,4772,91.92,Approved,2025-07-14
PO0001569,2024-02-11,SUP005,SKU0043,4838,138.86,Received,2024-03-26
PO0001570,2024-10-10,SUP001,SKU0095,1332,207.12,Ordered,2024-10-24
PO0001571,2025-10-19,SUP021,SKU0109,1030,182.3,Delayed,2025-11-04
PO0001572,2025-04-12,SUP017,SKU0087,4365,563.38,Received,2025-04-24
PO0001573,2023-09-15,SUP041,SKU0015,3780,383.91,In Transit,2023-09-25
PO0001574,2023-07-19,SUP003,SKU0050,1890,566.3,Ordered,2023-08-20
PO0001575,2025-05-10,SUP045,SKU0109,4573,181.69,In Transit,2025-05-23
PO0001576,2025-02-12,SUP014,SKU0017,2951,553.5,Ordered,2025-03-21
PO0001577,2023-01-30,SUP024,SKU0035,3080,171.84,Received,2023-02-08
PO0001578,2025-10-25,SUP008,SKU0111,4188,344.88,Received,2025-11-21
PO0001579,2025-04-27,SUP027,SKU0110,2981,362.96,In Transit,2025-05-06
PO0001580,2025-05-22,SUP034,SKU0006,2851,317.01,Ordered,2025-06-11
PO0001581,2025-07-28,SUP028,SKU0075,3156,514.79,In Transit,2025-08-21
PO0001582,2023-11-30,SUP035,SKU0090,3670,260.32,Delayed,2023-12-31
PO0001583,2025-06-14,SUP041,SKU0009,2420,174.84,Approved,2025-06-24
PO0001584,2023-06-29,SUP007,SKU0088,834,288.88,In Transit,2023-07-12
PO0001585,2025-04-22,SUP007,SKU0062,4166,279.66,In Transit,2025-05-05
PO0001586,2023-07-24,SUP041,SKU0068,3738,430.56,Approved,2023-08-03
PO0001587,2024-08-16,SUP027,SKU0092,1835,139.64,Received,2024-08-25
PO0001588,2025-02-19,SUP008,SKU0079,1702,15.75,Approved,2025-03-18
PO0001589,2024-12-19,SUP030,SKU0030,3482,511.04,Delayed,2025-01-11
PO0001590,2025-03-21,SUP001,SKU0090,3169,281.69,In Transit,2025-04-04
PO0001591,2024-08-03,SUP018,SKU0065,2266,306.3,Received,2024-08-08
PO0001592,2024-05-09,SUP001,SKU0116,3496,126.21,Approved,2024-05-23
PO0001593,2023-11-11,SUP024,SKU0020,4351,450.97,In Transit,2023-11-20
PO0001594,2024-10-12,SUP022,SKU0056,1496,195.47,Received,2024-11-12
PO0001595,2024-05-10,SUP036,SKU0034,3306,377.35,Delayed,2024-06-06
PO0001596,2025-03-16,SUP004,SKU0072,4833,17.01,Delayed,2025-03-26
PO0001597,2025-03-10,SUP047,SKU0091,1523,192.06,Received,2025-03-23
PO0001598,2025-11-25,SUP011,SKU0115,3683,189.0,Delayed,2025-12-01
PO0001599,2023-09-16,SUP033,SKU0076,1069,236.01,Received,2023-10-03
PO0001600,2024-06-16,SUP036,SKU0095,1402,209.12,Ordered,2024-07-13
PO0001601,2023-07-10,SUP006,SKU0061,310,435.16,Delayed,2023-07-26
PO0001602,2023-11-10,SUP002,SKU0113,4553,523.93,Approved,2023-12-22
PO0001603,2025-02-22,SUP002,SKU0097,1169,565.21,Delayed,2025-04-05
PO0001604,2025-01-03,SUP012,SKU0113,2063,498.02,Ordered,2025-01-25
PO0001605,2024-08-31,SUP013,SKU0090,4486,284.8,Delayed,2024-10-11
PO0001606,2025-02-13,SUP050,SKU0080,2233,460.57,Received,2025-03-04
PO0001607,2023-06-19,SUP010,SKU0070,289,164.96,In Transit,2023-07-11
PO0001608,2023-07-31,SUP008,SKU0006,3861,372.94,Approved,2023-08-27
PO0001609,2023-08-08,SUP010,SKU0019,2413,451.02,Ordered,2023-08-30
PO0001610,2023-07-10,SUP005,SKU0084,4148,425.23,Ordered,2023-08-23
PO0001611,2025-03-11,SUP007,SKU0108,4122,437.51,Received,2025-03-24
PO0001612,2023-05-31,SUP032,SKU0106,725,459.01,Received,2023-07-12
PO0001613,2025-02-07,SUP021,SKU0075,3793,584.31,Ordered,2025-02-23
PO0001614,2024-09-03,SUP001,SKU0111,1563,345.6,Delayed,2024-09-17
PO0001615,2023-03-06,SUP008,SKU0044,2908,568.47,Received,2023-04-02
PO0001616,2023-01-11,SUP011,SKU0065,4374,333.97,Approved,2023-01-17
PO0001617,2024-01-30,SUP039,SKU0032,342,419.26,In Transit,2024-02-19
PO0001618,2025-11-14,SUP049,SKU0012,1348,27.37,Received,2025-12-09
PO0001619,2023-08-24,SUP014,SKU0099,341,476.82,Ordered,2023-09-30
PO0001620,2023-06-20,SUP047,SKU0031,1136,98.41,Received,2023-07-03
PO0001621,2024-02-13,SUP006,SKU0095,2955,199.89,Delayed,2024-02-29
PO0001622,2024-08-25,SUP030,SKU0006,4161,339.19,Received,2024-09-17
PO0001623,2024-01-31,SUP017,SKU0118,1516,373.53,Delayed,2024-02-12
PO0001624,2024-07-29,SUP026,SKU0117,942,327.76,In Transit,2024-09-05
PO0001625,2024-09-30,SUP011,SKU0011,1786,284.51,Received,2024-10-06
PO0001626,2025-06-06,SUP029,SKU0072,3571,17.58,Received,2025-07-10
PO0001627,2024-10-14,SUP040,SKU0057,981,433.17,Received,2024-10-22
PO0001628,2024-02-14,SUP037,SKU0043,2991,132.28,Delayed,2024-02-19
PO0001629,2023-05-12,SUP029,SKU0111,1470,361.0,In Transit,2023-06-15
PO0001630,2024-06-02,SUP038,SKU0057,3457,406.55,Delayed,2024-06-26
PO0001631,2025-12-22,SUP023,SKU0026,3362,200.54,Ordered,2026-01-22
PO0001632,2024-10-22,SUP028,SKU0012,1623,28.19,Approved,2024-11-15
PO0001633,2024-03-16,SUP043,SKU0055,3144,160.47,Received,2024-04-13
PO0001634,2023-09-08,SUP001,SKU0090,2709,276.68,Delayed,2023-09-22
PO0001635,2024-11-04,SUP014,SKU0067,3912,210.46,Received,2024-12-11
PO0001636,2024-04-21,SUP036,SKU0071,642,141.45,In Transit,2024-05-18
PO0001637,2024-03-10,SUP034,SKU0053,1881,464.89,Received,2024-03-30
PO0001638,2023-06-03,SUP037,SKU0011,3554,270.34,Received,2023-06-08
PO0001639,2024-10-12,SUP021,SKU0076,1723,216.03,Received,2024-10-28
PO0001640,2025-10-18,SUP003,SKU0047,2348,358.27,Approved,2025-11-19
PO0001641,2025-07-16,SUP011,SKU0099,2777,502.85,Ordered,2025-07-22
PO0001642,2023-02-13,SUP019,SKU0038,246,218.82,In Transit,2023-02-18
PO0001643,2023-01-10,SUP030,SKU0036,2429,393.81,Received,2023-02-02
PO0001644,2023-03-17,SUP035,SKU0026,4421,200.95,Delayed,2023-04-17
PO0001645,2023-02-03,SUP005,SKU0013,3949,247.26,Received,2023-03-19
PO0001646,2024-09-08,SUP018,SKU0102,2698,494.66,Received,2024-09-13
PO0001647,2023-06-13,SUP036,SKU0035,2665,190.01,Approved,2023-07-10
PO0001648,2025-03-16,SUP020,SKU0109,3823,172.01,Delayed,2025-04-13
PO0001649,2023-09-06,SUP024,SKU0015,941,338.37,Approved,2023-09-15
PO0001650,2023-01-22,SUP009,SKU0066,961,497.02,Delayed,2023-02-12
PO0001651,2025-06-11,SUP015,SKU0053,1494,463.38,Delayed,2025-07-22
PO0001652,2025-01-25,SUP035,SKU0009,140,182.64,Approved,2025-02-25
PO0001653,2024-06-15,SUP003,SKU0076,1007,209.17,Received,2024-07-17
PO0001654,2023-06-03,SUP017,SKU0036,2797,441.16,Received,2023-06-15
PO0001655,2024-07-06,SUP045,SKU0002,1495,195.74,In Transit,2024-07-19
PO0001656,2025-08-01,SUP008,SKU0094,1134,240.81,Ordered,2025-08-28
PO0001657,2025-04-26,SUP041,SKU0061,3760,455.51,In Transit,2025-05-06
PO0001658,2025-12-16,SUP016,SKU0034,4834,400.29,Received,2026-01-06
PO0001659,2024-07-28,SUP021,SKU0038,4054,201.05,Received,2024-08-13
PO0001660,2024-08-29,SUP046,SKU0033,778,511.69,Ordered,2024-10-09
PO0001661,2024-02-26,SUP045,SKU0075,739,503.59,Received,2024-03-10
PO0001662,2023-05-04,SUP014,SKU0008,207,477.64,Received,2023-06-10
PO0001663,2025-02-27,SUP013,SKU0108,4094,380.43,Ordered,2025-04-09
PO0001664,2025-12-16,SUP033,SKU0077,2667,330.68,Received,2026-01-02
PO0001665,2025-07-18,SUP042,SKU0059,1361,625.52,Approved,2025-08-25
PO0001666,2023-09-24,SUP015,SKU0011,3078,254.87,Received,2023-11-04
PO0001667,2025-11-17,SUP013,SKU0080,3378,418.49,Received,2025-12-28
PO0001668,2025-05-16,SUP011,SKU0022,2616,417.72,In Transit,2025-05-22
PO0001669,2023-07-29,SUP010,SKU0010,3876,37.15,Delayed,2023-08-20
PO0001670,2023-08-14,SUP016,SKU0002,235,194.63,Ordered,2023-09-04
PO0001671,2024-06-30,SUP002,SKU0085,4001,609.14,Received,2024-08-11
PO0001672,2024-12-21,SUP017,SKU0066,1069,491.0,Approved,2025-01-02
PO0001673,2024-12-26,SUP028,SKU0062,1837,247.74,In Transit,2025-01-19
PO0001674,2025-06-01,SUP033,SKU0070,2833,146.17,Received,2025-06-18
PO0001675,2025-01-27,SUP007,SKU0108,502,425.38,Delayed,2025-02-09
PO0001676,2025-05-15,SUP013,SKU0010,2508,32.4,Ordered,2025-06-25
PO0001677,2024-07-19,SUP034,SKU0001,4143,328.27,Approved,2024-08-08
PO0001678,2023-04-13,SUP042,SKU0009,2139,183.48,Ordered,2023-05-21
PO0001679,2023-08-24,SUP004,SKU0061,392,447.31,Ordered,2023-09-03
PO0001680,2023-05-15,SUP035,SKU0045,927,341.78,In Transit,2023-06-15
PO0001681,2025-04-08,SUP026,SKU0092,3318,136.04,Delayed,2025-05-16
PO0001682,2024-07-03,SUP032,SKU0061,1785,411.69,Ordered,2024-08-14
PO0001683,2024-12-12,SUP041,SKU0044,2459,538.68,Received,2024-12-22
PO0001684,2023-01-07,SUP007,SKU0088,1616,280.67,Delayed,2023-01-20
PO0001685,2025-09-03,SUP048,SKU0070,2601,171.84,Delayed,2025-09-28
PO0001686,2024-05-03,SUP011,SKU0116,2681,144.27,Ordered,2024-05-09
PO0001687,2024-01-19,SUP022,SKU0014,3829,331.32,Approved,2024-02-19
PO0001688,2025-08-29,SUP028,SKU0030,2836,427.21,Received,2025-09-22
PO0001689,2023-06-07,SUP011,SKU0044,179,527.11,Received,2023-06-13
PO0001690,2023-01-03,SUP032,SKU0101,2127,481.64,Approved,2023-02-14
PO0001691,2023-02-05,SUP037,SKU0110,2481,399.11,In Transit,2023-02-10
PO0001692,2025-10-27,SUP011,SKU0083,1300,406.42,Approved,2025-11-02
PO0001693,2024-09-15,SUP048,SKU0117,2849,319.31,Delayed,2024-10-10
PO0001694,2024-12-19,SUP035,SKU0108,2208,426.6,Received,2025-01-19
PO0001695,2025-01-16,SUP030,SKU0094,211,266.22,Received,2025-02-08
PO0001696,2024-11-14,SUP034,SKU0098,4980,219.2,Received,2024-12-04
PO0001697,2025-11-29,SUP047,SKU0067,269,193.04,Received,2025-12-12
PO0001698,2024-03-27,SUP043,SKU0005,1260,402.15,Approved,2024-04-24
PO0001699,2024-05-15,SUP037,SKU0098,3628,213.71,Delayed,2024-05-20
PO0001700,2023-07-02,SUP013,SKU0012,3194,29.83,Received,2023-08-12
PO0001701,2025-07-09,SUP034,SKU0110,1533,356.46,Delayed,2025-07-29
PO0001702,2024-12-15,SUP022,SKU0030,3303,480.91,Received,2025-01-15
PO0001703,2024-09-25,SUP013,SKU0065,436,323.64,Delayed,2024-11-05
PO0001704,2024-12-04,SUP040,SKU0059,1107,577.06,Received,2024-12-12
PO0001705,2024-12-11,SUP019,SKU0079,1002,16.08,Received,2024-12-16
PO0001706,2023-10-29,SUP030,SKU0079,1330,14.77,Received,2023-11-21
PO0001707,2023-11-30,SUP020,SKU0061,4088,422.02,Received,2023-12-28
PO0001708,2023-02-01,SUP030,SKU0103,435,216.64,In Transit,2023-02-24
PO0001709,2023-09-10,SUP004,SKU0082,4100,94.99,Received,2023-09-20
PO0001710,2024-12-22,SUP043,SKU0041,105,445.79,Ordered,2025-01-19
PO0001711,2024-12-18,SUP019,SKU0109,4212,177.94,In Transit,2024-12-23
PO0001712,2023-11-14,SUP006,SKU0017,2317,545.61,Delayed,2023-11-30
PO0001713,2024-02-07,SUP028,SKU0001,4894,354.41,Received,2024-03-02
PO0001714,2024-03-24,SUP003,SKU0047,3976,395.52,Ordered,2024-04-25
PO0001715,2025-03-02,SUP028,SKU0118,3369,434.67,Approved,2025-03-26
PO0001716,2024-06-19,SUP020,SKU0076,4990,221.26,In Transit,2024-07-17
PO0001717,2025-06-11,SUP044,SKU0082,2741,104.85,Ordered,2025-06-21
PO0001718,2024-02-13,SUP017,SKU0079,1211,14.45,Ordered,2024-02-25
PO0001719,2024-09-08,SUP020,SKU0046,801,88.75,Delayed,2024-10-06
PO0001720,2025-08-02,SUP035,SKU0042,1602,14.63,Received,2025-09-02
PO0001721,2023-07-16,SUP009,SKU0056,4413,176.95,Received,2023-08-06
PO0001722,2025-10-28,SUP044,SKU0091,3029,194.62,Received,2025-11-07
PO0001723,2025-08-13,SUP027,SKU0015,3460,370.64,In Transit,2025-08-22
PO0001724,2023-02-24,SUP050,SKU0090,3548,244.69,Ordered,2023-03-15
PO0001725,2024-09-11,SUP016,SKU0117,4854,323.16,Ordered,2024-10-02
PO0001726,2024-08-23,SUP004,SKU0003,3316,38.52,Delayed,2024-09-02
PO0001727,2023-01-13,SUP030,SKU0117,4343,319.81,Approved,2023-02-05
PO0001728,2023-06-23,SUP004,SKU0092,2313,157.58,Delayed,2023-07-03
PO0001729,2023-08-08,SUP022,SKU0111,4968,307.94,Received,2023-09-08
PO0001730,2025-09-13,SUP045,SKU0065,2814,341.78,Approved,2025-09-26
PO0001731,2025-11-12,SUP048,SKU0086,534,97.79,In Transit,2025-12-07
PO0001732,2023-10-23,SUP036,SKU0112,4157,238.64,Delayed,2023-11-19
PO0001733,2023-11-13,SUP020,SKU0090,2646,278.33,Approved,2023-12-11
PO0001734,2025-09-20,SUP040,SKU0109,1744,158.97,Approved,2025-09-28
PO0001735,2023-11-10,SUP039,SKU0007,1091,328.49,Ordered,2023-11-30
PO0001736,2024-02-23,SUP007,SKU0027,3980,238.44,In Transit,2024-03-07
PO0001737,2025-06-27,SUP026,SKU0105,555,424.46,Received,2025-08-04
PO0001738,2025-04-08,SUP031,SKU0068,1607,457.83,In Transit,2025-05-22
PO0001739,2024-06-17,SUP040,SKU0005,3697,443.72,In Transit,2024-06-25
PO0001740,2023-09-10,SUP028,SKU0118,1298,408.38,Ordered,2023-10-04
PO0001741,2023-10-18,SUP048,SKU0063,2071,376.46,Delayed,2023-11-12
PO0001742,2024-02-15,SUP031,SKU0084,4035,381.1,Delayed,2024-03-30
PO0001743,2023-07-24,SUP038,SKU0063,4138,392.3,Received,2023-08-17
PO0001744,2025-03-12,SUP025,SKU0002,979,179.11,Received,2025-04-18
PO0001745,2023-10-31,SUP002,SKU0022,2421,379.83,In Transit,2023-12-12
PO0001746,2025-03-08,SUP001,SKU0113,4855,464.22,Delayed,2025-03-22
PO0001747,2025-06-29,SUP003,SKU0099,3005,539.56,Received,2025-07-31
PO0001748,2025-07-27,SUP018,SKU0037,174,394.98,Received,2025-08-01
PO0001749,2025-10-22,SUP033,SKU0044,1826,501.74,Delayed,2025-11-08
PO0001750,2025-12-11,SUP025,SKU0087,4302,492.23,Delayed,2026-01-17
PO0001751,2023-11-07,SUP023,SKU0048,4713,25.0,Delayed,2023-12-08
PO0001752,2023-10-14,SUP018,SKU0002,2581,195.69,Approved,2023-10-19
PO0001753,2025-09-17,SUP025,SKU0025,3964,11.7,Ordered,2025-10-24
PO0001754,2025-11-04,SUP050,SKU0099,4404,470.07,Delayed,2025-11-23
PO0001755,2024-10-25,SUP038,SKU0025,4857,11.11,In Transit,2024-11-18
PO0001756,2025-04-06,SUP005,SKU0096,468,375.74,Delayed,2025-05-20
PO0001757,2023-11-22,SUP015,SKU0059,890,604.17,Received,2024-01-02
PO0001758,2025-09-02,SUP021,SKU0100,1996,370.55,Delayed,2025-09-18
PO0001759,2024-04-29,SUP007,SKU0038,1525,222.42,Received,2024-05-12
PO0001760,2025-05-10,SUP005,SKU0023,607,392.43,Approved,2025-06-23
PO0001761,2023-03-18,SUP048,SKU0050,697,533.46,Received,2023-04-12
PO0001762,2023-03-02,SUP012,SKU0049,2730,286.25,Received,2023-03-24
PO0001763,2025-02-12,SUP009,SKU0076,4800,232.56,Ordered,2025-03-05
PO0001764,2024-06-01,SUP032,SKU0110,3684,387.4,Ordered,2024-07-13
PO0001765,2024-02-17,SUP048,SKU0110,1427,369.09,In Transit,2024-03-13
PO0001766,2024-01-29,SUP006,SKU0103,4868,207.77,Delayed,2024-02-14
PO0001767,2023-07-17,SUP014,SKU0110,372,397.21,Approved,2023-08-23
PO0001768,2025-01-06,SUP050,SKU0066,3442,458.55,Approved,2025-01-25
PO0001769,2024-11-28,SUP012,SKU0104,4426,550.86,Ordered,2024-12-20
PO0001770,2025-08-28,SUP033,SKU0103,2984,223.03,In Transit,2025-09-14
PO0001771,2023-10-10,SUP005,SKU0078,3695,513.41,Received,2023-11-23
PO0001772,2023-05-26,SUP037,SKU0049,740,287.46,In Transit,2023-05-31
PO0001773,2024-09-02,SUP007,SKU0038,1066,212.66,Approved,2024-09-15
PO0001774,2024-11-08,SUP002,SKU0106,1935,518.55,Received,2024-12-20
PO0001775,2024-05-29,SUP025,SKU0098,3031,200.89,Ordered,2024-07-05
PO0001776,2024-08-12,SUP005,SKU0092,4477,150.06,In Transit,2024-09-25
PO0001777,2025-10-21,SUP020,SKU0068,3370,440.48,In Transit,2025-11-18
PO0001778,2023-08-16,SUP038,SKU0037,3958,391.75,Received,2023-09-09
PO0001779,2023-03-03,SUP003,SKU0033,2869,518.9,Ordered,2023-04-04
PO0001780,2024-11-16,SUP049,SKU0036,586,394.51,In Transit,2024-12-11
PO0001781,2024-11-06,SUP049,SKU0016,610,205.51,Approved,2024-12-01
PO0001782,2023-03-14,SUP023,SKU0087,679,587.94,In Transit,2023-04-14
PO0001783,2023-06-15,SUP036,SKU0081,4022,327.97,Received,2023-07-12
PO0001784,2023-03-27,SUP007,SKU0038,391,212.57,Ordered,2023-04-09
PO0001785,2024-12-18,SUP028,SKU0008,4012,443.73,Ordered,2025-01-11
PO0001786,2023-02-13,SUP004,SKU0003,315,43.91,Ordered,2023-02-23
PO0001787,2025-12-30,SUP039,SKU0116,3207,144.29,Delayed,2026-01-19
PO0001788,2023-02-07,SUP036,SKU0016,4049,197.54,Received,2023-03-06
PO0001789,2023-09-14,SUP028,SKU0099,3596,498.74,Approved,2023-10-08
PO0001790,2025-06-15,SUP008,SKU0040,3112,68.79,Received,2025-07-12
PO0001791,2025-06-13,SUP004,SKU0082,2051,93.53,In Transit,2025-06-23
PO0001792,2023-01-21,SUP015,SKU0106,3483,511.36,In Transit,2023-03-03
PO0001793,2023-04-04,SUP001,SKU0042,2147,15.94,Approved,2023-04-18
PO0001794,2023-04-27,SUP009,SKU0024,3692,393.06,Approved,2023-05-18
PO0001795,2024-10-05,SUP023,SKU0064,2100,100.01,Ordered,2024-11-05
PO0001796,2025-03-25,SUP031,SKU0078,1102,537.28,Approved,2025-05-08
PO0001797,2024-05-27,SUP035,SKU0069,1786,222.24,Delayed,2024-06-27
PO0001798,2025-01-01,SUP015,SKU0003,3733,43.4,Received,2025-02-11
PO0001799,2024-08-22,SUP042,SKU0061,2100,443.05,Received,2024-09-29
PO0001800,2024-10-15,SUP045,SKU0078,4535,521.32,Approved,2024-10-28
PO0001801,2024-12-10,SUP027,SKU0013,4083,257.2,Ordered,2024-12-19
PO0001802,2023-10-08,SUP034,SKU0021,1988,479.34,In Transit,2023-10-28
PO0001803,2024-03-07,SUP008,SKU0033,3150,550.9,Ordered,2024-04-03
PO0001804,2023-03-15,SUP016,SKU0024,3706,432.47,Received,2023-04-05
PO0001805,2023-08-22,SUP002,SKU0089,4187,411.92,Received,2023-10-03
PO0001806,2024-07-23,SUP038,SKU0099,3247,474.14,Approved,2024-08-16
PO0001807,2023-05-03,SUP018,SKU0095,3245,191.72,Received,2023-05-08
PO0001808,2025-02-26,SUP029,SKU0029,463,280.02,Received,2025-04-01
PO0001809,2024-01-13,SUP043,SKU0102,3631,473.83,Delayed,2024-02-10
PO0001810,2024-09-16,SUP003,SKU0073,4536,103.73,Approved,2024-10-18
PO0001811,2024-11-19,SUP017,SKU0080,4941,421.05,Approved,2024-12-01
PO0001812,2024-11-29,SUP047,SKU0068,3655,461.74,Delayed,2024-12-12
PO0001813,2023-04-27,SUP007,SKU0052,4632,16.74,Delayed,2023-05-10
PO0001814,2024-08-11,SUP035,SKU0017,3897,578.66,Delayed,2024-09-11
PO0001815,2025-11-28,SUP017,SKU0020,1431,462.86,Received,2025-12-10
PO0001816,2024-05-02,SUP009,SKU0081,224,287.87,Delayed,2024-05-23
PO0001817,2024-07-15,SUP006,SKU0083,2147,406.11,Received,2024-07-31
PO0001818,2024-11-22,SUP037,SKU0094,3332,226.79,Received,2024-11-27
PO0001819,2025-01-10,SUP018,SKU0090,2152,281.7,In Transit,2025-01-15
PO0001820,2023-01-26,SUP008,SKU0117,2614,326.78,Received,2023-02-22
PO0001821,2024-06-25,SUP012,SKU0112,3735,255.43,Received,2024-07-17
PO0001822,2023-01-19,SUP030,SKU0003,403,45.51,Received,2023-02-11
PO0001823,2024-03-22,SUP027,SKU0108,579,419.67,Approved,2024-03-31
PO0001824,2024-07-20,SUP040,SKU0071,4617,139.38,Approved,2024-07-28
PO0001825,2025-06-21,SUP012,SKU0092,2213,155.69,Received,2025-07-13
PO0001826,2024-06-15,SUP032,SKU0104,1142,521.23,Ordered,2024-07-27
PO0001827,2023-10-28,SUP040,SKU0093,506,70.32,Delayed,2023-11-05
PO0001828,2023-03-20,SUP012,SKU0034,4251,431.05,In Transit,2023-04-11
PO0001829,2024-10-11,SUP003,SKU0038,4633,221.96,Approved,2024-11-12
PO0001830,2024-06-14,SUP017,SKU0024,232,434.86,Received,2024-06-26
PO0001831,2023-04-02,SUP039,SKU0020,2022,411.1,Approved,2023-04-22
PO0001832,2025-11-04,SUP029,SKU0012,1027,29.08,Ordered,2025-12-08
PO0001833,2024-02-22,SUP021,SKU0057,4772,413.16,Delayed,2024-03-09
PO0001834,2025-05-01,SUP005,SKU0058,3593,186.77,Ordered,2025-06-14
PO0001835,2023-02-20,SUP021,SKU0112,3051,248.86,Received,2023-03-08
PO0001836,2025-02-06,SUP031,SKU0117,2508,330.23,Ordered,2025-03-22
PO0001837,2025-01-24,SUP003,SKU0085,2482,640.82,In Transit,2025-02-25
PO0001838,2023-02-22,SUP007,SKU0082,1832,104.92,In Transit,2023-03-07
PO0001839,2025-11-06,SUP038,SKU0052,2918,18.63,Received,2025-11-30
PO0001840,2023-03-08,SUP043,SKU0049,1329,303.23,Delayed,2023-04-05
PO0001841,2023-06-10,SUP005,SKU0048,1939,26.17,In Transit,2023-07-24
PO0001842,2025-05-06,SUP035,SKU0010,1093,36.95,In Transit,2025-06-06
PO0001843,2023-04-16,SUP039,SKU0065,3969,328.71,In Transit,2023-05-06
PO0001844,2025-06-22,SUP021,SKU0093,2305,69.76,In Transit,2025-07-08
PO0001845,2024-08-23,SUP016,SKU0082,2792,93.75,Received,2024-09-13
PO0001846,2024-04-17,SUP030,SKU0026,2678,232.34,Approved,2024-05-10
PO0001847,2024-05-08,SUP029,SKU0023,3458,373.24,Received,2024-06-11
PO0001848,2025-11-01,SUP005,SKU0107,3067,572.27,In Transit,2025-12-15
PO0001849,2024-04-16,SUP029,SKU0008,3531,436.93,Ordered,2024-05-20
PO0001850,2024-05-16,SUP050,SKU0099,3439,511.05,Delayed,2024-06-04
PO0001851,2023-10-10,SUP039,SKU0090,2232,282.42,Received,2023-10-30
PO0001852,2024-10-04,SUP008,SKU0099,767,484.81,In Transit,2024-10-31
PO0001853,2023-10-31,SUP037,SKU0058,4148,178.32,Ordered,2023-11-05
PO0001854,2024-01-04,SUP030,SKU0065,227,297.34,Received,2024-01-27
PO0001855,2024-06-23,SUP049,SKU0098,4643,229.19,Received,2024-07-18
PO0001856,2023-07-26,SUP009,SKU0095,379,204.71,Approved,2023-08-16
PO0001857,2023-12-08,SUP005,SKU0041,1184,491.35,In Transit,2024-01-21
PO0001858,2025-03-05,SUP028,SKU0092,3002,136.82,Delayed,2025-03-29
PO0001859,2024-05-09,SUP046,SKU0057,2503,391.76,Received,2024-06-19
PO0001860,2023-08-09,SUP047,SKU0116,470,127.35,Received,2023-08-22
PO0001861,2025-07-08,SUP027,SKU0092,3784,154.95,Received,2025-07-17
PO0001862,2024-08-15,SUP049,SKU0023,4008,399.2,Delayed,2024-09-09
PO0001863,2024-01-11,SUP047,SKU0092,4929,160.14,In Transit,2024-01-24
PO0001864,2023-06-21,SUP010,SKU0115,163,203.49,Received,2023-07-13
PO0001865,2025-07-17,SUP025,SKU0005,2725,408.89,In Transit,2025-08-23
PO0001866,2024-07-26,SUP050,SKU0022,893,362.6,Received,2024-08-14
PO0001867,2024-11-29,SUP004,SKU0074,4721,448.57,In Transit,2024-12-09
PO0001868,2025-11-06,SUP028,SKU0075,2436,530.85,Received,2025-11-30
PO0001869,2024-01-01,SUP010,SKU0044,443,549.87,Delayed,2024-01-23
PO0001870,2024-03-07,SUP028,SKU0024,4352,401.26,In Transit,2024-03-31
PO0001871,2024-10-05,SUP007,SKU0038,2945,203.55,Approved,2024-10-18
PO0001872,2024-08-12,SUP018,SKU0005,4086,408.91,Ordered,2024-08-17
PO0001873,2024-08-13,SUP017,SKU0031,969,111.97,Delayed,2024-08-25
PO0001874,2024-07-24,SUP010,SKU0023,886,361.33,In Transit,2024-08-15
PO0001875,2023-12-12,SUP002,SKU0002,425,197.0,In Transit,2024-01-23
PO0001876,2024-02-04,SUP001,SKU0010,4100,36.85,Approved,2024-02-18
PO0001877,2025-01-26,SUP014,SKU0001,2408,355.95,In Transit,2025-03-04
PO0001878,2025-05-23,SUP047,SKU0111,3744,336.31,Received,2025-06-05
PO0001879,2024-08-27,SUP008,SKU0076,1082,227.4,Received,2024-09-23
PO0001880,2025-10-07,SUP017,SKU0058,811,186.37,Received,2025-10-19
PO0001881,2023-08-27,SUP023,SKU0096,747,435.03,Ordered,2023-09-27
PO0001882,2023-06-02,SUP021,SKU0017,1383,588.44,Received,2023-06-18
PO0001883,2025-07-17,SUP041,SKU0094,4301,258.44,Approved,2025-07-27
PO0001884,2024-10-06,SUP003,SKU0007,3650,301.04,Delayed,2024-11-07
PO0001885,2025-12-03,SUP021,SKU0110,1659,399.56,Delayed,2025-12-19
PO0001886,2023-03-14,SUP041,SKU0034,165,381.63,In Transit,2023-03-24
PO0001887,2025-02-09,SUP015,SKU0082,1702,94.19,Ordered,2025-03-22
PO0001888,2025-09-19,SUP012,SKU0070,4169,153.54,Ordered,2025-10-11
PO0001889,2023-07-01,SUP034,SKU0015,1854,336.42,Approved,2023-07-21
PO0001890,2025-10-01,SUP036,SKU0098,1808,229.12,Approved,2025-10-28
PO0001891,2025-05-06,SUP045,SKU0067,2255,212.37,Delayed,2025-05-19
PO0001892,2024-04-25,SUP041,SKU0056,2956,178.47,Delayed,2024-05-05
PO0001893,2024-01-04,SUP020,SKU0040,1999,76.21,Delayed,2024-02-01
PO0001894,2025-09-20,SUP032,SKU0081,3312,306.97,In Transit,2025-11-01
PO0001895,2025-09-12,SUP019,SKU0061,890,415.91,Received,2025-09-17
PO0001896,2025-05-09,SUP029,SKU0060,2765,364.82,Received,2025-06-12
PO0001897,2023-08-26,SUP012,SKU0113,3907,527.39,Delayed,2023-09-17
PO0001898,2023-08-21,SUP023,SKU0019,3361,492.96,Received,2023-09-21
PO0001899,2025-09-28,SUP039,SKU0081,3475,312.35,Approved,2025-10-18
PO0001900,2024-08-18,SUP018,SKU0027,4257,248.48,Received,2024-08-23
PO0001901,2023-05-05,SUP036,SKU0079,2747,14.0,Received,2023-06-01
PO0001902,2025-04-22,SUP026,SKU0035,3720,187.4,Received,2025-05-30
PO0001903,2023-04-22,SUP018,SKU0009,4077,175.72,Received,2023-04-27
PO0001904,2023-04-04,SUP020,SKU0085,3767,579.4,In Transit,2023-05-02
PO0001905,2023-12-08,SUP035,SKU0105,1789,413.0,Approved,2024-01-08
PO0001906,2024-11-06,SUP009,SKU0058,4521,157.03,Delayed,2024-11-27
PO0001907,2023-02-13,SUP025,SKU0066,839,477.74,Received,2023-03-22
PO0001908,2024-12-23,SUP050,SKU0046,4629,84.42,Approved,2025-01-11
PO0001909,2025-11-28,SUP014,SKU0067,3066,209.13,Ordered,2026-01-04
PO0001910,2025-03-21,SUP046,SKU0015,1978,357.86,Ordered,2025-05-01
PO0001911,2025-02-04,SUP022,SKU0098,3486,207.38,Delayed,2025-03-07
PO0001912,2024-05-24,SUP001,SKU0104,395,589.37,In Transit,2024-06-07
PO0001913,2023-07-29,SUP033,SKU0014,3359,377.67,Approved,2023-08-15
PO0001914,2023-11-18,SUP019,SKU0004,2569,444.26,Delayed,2023-11-23
PO0001915,2024-05-21,SUP003,SKU0047,2331,382.19,Received,2024-06-22
PO0001916,2025-03-31,SUP009,SKU0043,2311,145.52,Approved,2025-04-21
PO0001917,2023-06-01,SUP033,SKU0005,3502,374.24,Delayed,2023-06-18
PO0001918,2023-11-07,SUP007,SKU0035,4918,201.38,Ordered,2023-11-20
PO0001919,2024-10-01,SUP021,SKU0115,3582,200.24,Approved,2024-10-17
PO0001920,2024-09-10,SUP018,SKU0048,3859,24.29,Received,2024-09-15
PO0001921,2025-08-23,SUP025,SKU0061,2485,434.47,Ordered,2025-09-29
PO0001922,2025-04-12,SUP036,SKU0007,2381,326.1,Delayed,2025-05-09
PO0001923,2025-12-28,SUP033,SKU0080,2103,435.85,Received,2026-01-14
PO0001924,2025-03-17,SUP024,SKU0011,4577,272.03,Received,2025-03-26
PO0001925,2024-04-03,SUP037,SKU0005,303,405.47,Ordered,2024-04-08
PO0001926,2025-07-04,SUP024,SKU0068,4005,435.7,Delayed,2025-07-13
PO0001927,2024-09-28,SUP022,SKU0093,1277,78.89,Approved,2024-10-29
PO0001928,2023-07-15,SUP036,SKU0092,1486,139.19,Received,2023-08-11
PO0001929,2024-05-26,SUP006,SKU0063,1257,395.19,Received,2024-06-11
PO0001930,2025-12-07,SUP047,SKU0085,4741,620.79,Approved,2025-12-20
PO0001931,2025-10-07,SUP017,SKU0067,3473,199.83,Received,2025-10-19
PO0001932,2023-11-05,SUP003,SKU0071,2733,150.23,In Transit,2023-12-07
PO0001933,2025-04-12,SUP001,SKU0004,2296,509.68,In Transit,2025-04-26
PO0001934,2025-09-27,SUP035,SKU0005,4194,398.49,Delayed,2025-10-28
PO0001935,2024-04-27,SUP021,SKU0094,3879,260.28,In Transit,2024-05-13
PO0001936,2023-06-16,SUP007,SKU0007,3587,340.23,Received,2023-06-29
PO0001937,2023-09-18,SUP049,SKU0029,211,276.32,Delayed,2023-10-13
PO0001938,2023-09-06,SUP011,SKU0023,1716,379.05,Approved,2023-09-12
PO0001939,2023-03-21,SUP028,SKU0106,4156,455.15,In Transit,2023-04-14
PO0001940,2025-09-24,SUP009,SKU0030,4581,464.76,Approved,2025-10-15
PO0001941,2024-08-30,SUP008,SKU0023,3667,421.9,Delayed,2024-09-26
PO0001942,2024-07-09,SUP034,SKU0027,2740,269.56,Received,2024-07-29
PO0001943,2023-12-06,SUP010,SKU0117,2477,323.87,Ordered,2023-12-28
PO0001944,2025-01-30,SUP034,SKU0058,2158,172.74,Ordered,2025-02-19
PO0001945,2024-11-07,SUP048,SKU0046,1208,86.29,Delayed,2024-12-02
PO0001946,2025-08-28,SUP001,SKU0014,2702,350.91,Ordered,2025-09-11
PO0001947,2025-08-21,SUP005,SKU0065,145,306.58,Ordered,2025-10-04
PO0001948,2024-02-13,SUP045,SKU0100,868,340.56,Received,2024-02-26
PO0001949,2023-07-13,SUP004,SKU0065,3939,324.59,Approved,2023-07-23
PO0001950,2024-12-18,SUP041,SKU0064,4680,97.92,Received,2024-12-28
PO0001951,2023-01-29,SUP013,SKU0056,2349,171.3,Received,2023-03-11
PO0001952,2024-09-18,SUP024,SKU0080,3403,485.12,In Transit,2024-09-27
PO0001953,2024-02-19,SUP005,SKU0116,4954,129.54,Delayed,2024-04-03
PO0001954,2024-03-19,SUP018,SKU0116,1560,132.62,Approved,2024-03-24
PO0001955,2023-09-17,SUP034,SKU0052,4911,17.62,Received,2023-10-07
PO0001956,2024-11-07,SUP037,SKU0008,4951,471.57,Delayed,2024-11-12
PO0001957,2025-08-27,SUP014,SKU0056,1477,161.22,Ordered,2025-10-03
PO0001958,2024-03-19,SUP006,SKU0032,1300,386.58,Received,2024-04-04
PO0001959,2023-01-01,SUP021,SKU0039,737,55.89,Approved,2023-01-17
PO0001960,2023-10-08,SUP033,SKU0072,3701,16.99,Received,2023-10-25
PO0001961,2024-10-31,SUP020,SKU0072,4199,18.15,Ordered,2024-11-28
PO0001962,2025-03-16,SUP025,SKU0075,3258,573.05,Received,2025-04-22
PO0001963,2024-09-30,SUP034,SKU0072,2696,17.36,In Transit,2024-10-20
PO0001964,2024-03-14,SUP011,SKU0059,2375,609.56,Received,2024-03-20
PO0001965,2025-06-23,SUP032,SKU0081,2152,312.24,In Transit,2025-08-04
PO0001966,2025-06-10,SUP042,SKU0023,2952,359.12,Received,2025-07-18
PO0001967,2025-08-12,SUP050,SKU0100,2934,353.46,Ordered,2025-08-31
PO0001968,2024-01-27,SUP025,SKU0090,3165,249.52,Delayed,2024-03-04
PO0001969,2023-01-22,SUP013,SKU0022,3721,372.47,Ordered,2023-03-04
PO0001970,2023-01-12,SUP038,SKU0063,2642,389.16,Received,2023-02-05
PO0001971,2024-06-03,SUP033,SKU0085,206,602.64,Approved,2024-06-20
PO0001972,2024-07-17,SUP042,SKU0036,4021,416.53,Delayed,2024-08-24
PO0001973,2024-06-02,SUP018,SKU0086,568,102.86,Approved,2024-06-07
PO0001974,2025-08-22,SUP039,SKU0085,3823,588.9,Received,2025-09-11
PO0001975,2023-08-01,SUP003,SKU0036,3127,385.11,Delayed,2023-09-02
PO0001976,2023-11-10,SUP046,SKU0009,1549,180.52,Ordered,2023-12-21
PO0001977,2023-06-19,SUP027,SKU0056,1078,163.13,Delayed,2023-06-28
PO0001978,2023-05-08,SUP021,SKU0013,898,288.31,Received,2023-05-24
PO0001979,2024-02-02,SUP042,SKU0080,236,431.41,Delayed,2024-03-11
PO0001980,2024-10-10,SUP046,SKU0016,1486,234.59,In Transit,2024-11-20
PO0001981,2025-01-20,SUP034,SKU0079,216,16.0,Received,2025-02-09
PO0001982,2025-05-02,SUP043,SKU0074,603,408.1,In Transit,2025-05-30
PO0001983,2023-10-30,SUP047,SKU0020,2284,388.57,Received,2023-11-12
PO0001984,2023-04-02,SUP018,SKU0120,1727,248.2,Received,2023-04-07
PO0001985,2023-12-21,SUP041,SKU0071,126,139.29,In Transit,2023-12-31
PO0001986,2024-12-19,SUP008,SKU0112,2897,255.61,Delayed,2025-01-15
PO0001987,2023-06-26,SUP037,SKU0016,3892,199.11,Approved,2023-07-01
PO0001988,2024-01-09,SUP047,SKU0111,807,313.85,In Transit,2024-01-22
PO0001989,2023-02-11,SUP050,SKU0065,1487,336.97,Ordered,2023-03-02
PO0001990,2025-02-06,SUP030,SKU0099,765,531.11,Ordered,2025-03-01
PO0001991,2024-09-22,SUP044,SKU0032,1665,436.87,Delayed,2024-10-02
PO0001992,2023-09-29,SUP020,SKU0073,536,96.17,Received,2023-10-27
PO0001993,2023-12-31,SUP018,SKU0046,1250,93.7,Received,2024-01-05
PO0001994,2024-04-07,SUP013,SKU0016,2334,233.63,Ordered,2024-05-18
PO0001995,2024-08-27,SUP017,SKU0081,3701,286.9,Received,2024-09-08
PO0001996,2024-12-28,SUP038,SKU0093,3078,72.04,Delayed,2025-01-21
PO0001997,2025-12-07,SUP029,SKU0055,1496,149.43,In Transit,2026-01-10
PO0001998,2025-02-28,SUP010,SKU0117,4506,326.8,Delayed,2025-03-22
PO0001999,2025-06-07,SUP023,SKU0111,2464,315.31,Delayed,2025-07-08
PO0002000,2025-10-28,SUP036,SKU0084,2303,365.25,Ordered,2025-11-24
PO0002001,2024-06-12,SUP014,SKU0048,3931,24.59,Approved,2024-07-19
PO0002002,2025-11-24,SUP043,SKU0029,1627,294.88,Received,2025-12-22
PO0002003,2024-10-23,SUP024,SKU0079,4718,14.34,In Transit,2024-11-01
PO0002004,2023-03-11,SUP021,SKU0070,956,164.68,Approved,2023-03-27
PO0002005,2023-11-22,SUP027,SKU0048,3995,24.98,Delayed,2023-12-01
PO0002006,2023-07-25,SUP012,SKU0077,3032,302.13,Received,2023-08-16
PO0002007,2024-01-17,SUP049,SKU0014,278,352.53,In Transit,2024-02-11
PO0002008,2025-07-23,SUP038,SKU0036,4818,441.72,Delayed,2025-08-16
PO0002009,2025-03-28,SUP031,SKU0070,2095,152.58,Received,2025-05-11
PO0002010,2024-11-22,SUP031,SKU0111,3386,321.53,Ordered,2025-01-05
PO0002011,2025-11-04,SUP007,SKU0006,3548,338.49,Received,2025-11-17
PO0002012,2025-03-31,SUP038,SKU0057,333,395.57,Ordered,2025-04-24
PO0002013,2024-09-07,SUP039,SKU0073,4393,92.61,In Transit,2024-09-27
PO0002014,2023-10-13,SUP009,SKU0020,2829,448.3,Approved,2023-11-03
PO0002015,2023-07-05,SUP020,SKU0065,1258,337.78,Received,2023-08-02
PO0002016,2025-03-21,SUP011,SKU0112,3873,231.66,Ordered,2025-03-27
PO0002017,2024-02-15,SUP012,SKU0008,2568,444.11,Ordered,2024-03-08
PO0002018,2024-04-28,SUP014,SKU0098,3676,201.87,Ordered,2024-06-04
PO0002019,2023-11-12,SUP044,SKU0020,4649,453.14,Received,2023-11-22
PO0002020,2023-01-11,SUP031,SKU0073,1405,95.49,Received,2023-02-24
PO0002021,2025-03-18,SUP045,SKU0073,1840,106.69,Delayed,2025-03-31
PO0002022,2025-02-09,SUP030,SKU0066,2088,476.17,Approved,2025-03-04
PO0002023,2025-03-04,SUP009,SKU0111,2707,352.53,Ordered,2025-03-25
PO0002024,2025-03-29,SUP050,SKU0004,2779,530.06,Delayed,2025-04-17
PO0002025,2025-05-19,SUP039,SKU0056,3326,180.25,Received,2025-06-08
PO0002026,2025-09-27,SUP043,SKU0120,4904,216.54,In Transit,2025-10-25
PO0002027,2023-12-31,SUP050,SKU0023,2026,373.79,Received,2024-01-19
PO0002028,2025-10-23,SUP001,SKU0039,3361,56.08,Delayed,2025-11-06
PO0002029,2024-04-16,SUP009,SKU0069,4195,208.59,Ordered,2024-05-07
PO0002030,2024-09-10,SUP028,SKU0038,860,205.89,Delayed,2024-10-04
PO0002031,2024-01-04,SUP028,SKU0091,1334,187.44,Received,2024-01-28
PO0002032,2025-09-11,SUP003,SKU0049,2238,339.1,Received,2025-10-13
PO0002033,2024-01-03,SUP011,SKU0038,3362,220.47,Approved,2024-01-09
PO0002034,2025-08-10,SUP006,SKU0029,2936,307.38,Approved,2025-08-26
PO0002035,2025-04-08,SUP001,SKU0066,1417,436.0,In Transit,2025-04-22
PO0002036,2025-11-04,SUP025,SKU0100,3824,304.99,Delayed,2025-12-11
PO0002037,2025-04-02,SUP028,SKU0019,546,454.9,Received,2025-04-26
PO0002038,2023-08-26,SUP039,SKU0003,3788,41.65,Received,2023-09-15
PO0002039,2024-11-17,SUP035,SKU0090,3088,245.93,Ordered,2024-12-18
PO0002040,2025-05-18,SUP035,SKU0066,3241,485.87,Approved,2025-06-18
PO0002041,2023-11-04,SUP001,SKU0062,2861,290.23,Delayed,2023-11-18
PO0002042,2024-06-12,SUP013,SKU0003,4318,44.23,Delayed,2024-07-23
PO0002043,2025-07-20,SUP028,SKU0117,497,320.1,Approved,2025-08-13
PO0002044,2023-09-06,SUP032,SKU0076,3870,223.85,In Transit,2023-10-18
PO0002045,2025-01-26,SUP017,SKU0005,3587,400.51,Received,2025-02-07
PO0002046,2023-02-18,SUP035,SKU0105,2289,366.0,Received,2023-03-21
PO0002047,2025-05-04,SUP002,SKU0071,3759,139.68,Delayed,2025-06-15
PO0002048,2023-03-14,SUP039,SKU0104,1014,535.54,Approved,2023-04-03
PO0002049,2025-12-24,SUP048,SKU0114,3345,278.28,Approved,2026-01-18
PO0002050,2025-12-31,SUP007,SKU0015,1132,390.47,Delayed,2026-01-13
PO0002051,2025-10-07,SUP028,SKU0065,2350,308.72,Received,2025-10-31
PO0002052,2024-05-14,SUP047,SKU0112,4388,260.9,Approved,2024-05-27
PO0002053,2023-06-06,SUP021,SKU0096,3153,376.47,In Transit,2023-06-22
PO0002054,2023-07-27,SUP025,SKU0028,4299,194.35,Approved,2023-09-02
PO0002055,2024-11-22,SUP041,SKU0105,2573,385.07,Approved,2024-12-02
PO0002056,2024-01-12,SUP048,SKU0097,2204,538.22,Delayed,2024-02-06
PO0002057,2023-06-12,SUP028,SKU0107,1053,587.85,In Transit,2023-07-06
PO0002058,2024-06-18,SUP020,SKU0050,4311,544.0,Ordered,2024-07-16
PO0002059,2023-04-11,SUP024,SKU0004,4796,488.32,Received,2023-04-20
PO0002060,2024-07-16,SUP048,SKU0066,1621,432.18,Delayed,2024-08-10
PO0002061,2023-04-04,SUP039,SKU0053,3365,546.37,Delayed,2023-04-24
PO0002062,2024-08-06,SUP018,SKU0119,141,436.61,Approved,2024-08-11
PO0002063,2025-04-28,SUP043,SKU0029,1163,283.0,Received,2025-05-26
PO0002064,2024-10-13,SUP007,SKU0062,1913,251.69,Delayed,2024-10-26
PO0002065,2024-10-26,SUP015,SKU0034,622,411.02,Delayed,2024-12-06
PO0002066,2025-08-01,SUP038,SKU0108,3546,424.23,Received,2025-08-25
PO0002067,2025-03-07,SUP031,SKU0033,4668,475.8,Received,2025-04-20
PO0002068,2024-10-16,SUP023,SKU0060,3740,357.47,Delayed,2024-11-16
PO0002069,2025-10-18,SUP014,SKU0119,4460,462.46,Delayed,2025-11-24
PO0002070,2025-03-09,SUP017,SKU0105,3400,354.54,In Transit,2025-03-21
PO0002071,2023-06-10,SUP041,SKU0014,4085,361.26,Received,2023-06-20
PO0002072,2023-06-20,SUP014,SKU0051,4438,296.78,Received,2023-07-27
PO0002073,2024-10-07,SUP029,SKU0120,3928,216.67,In Transit,2024-11-10
PO0002074,2023-12-08,SUP040,SKU0108,2980,418.46,Received,2023-12-16
PO0002075,2023-02-17,SUP049,SKU0010,2425,34.94,Received,2023-03-14
PO0002076,2024-04-25,SUP025,SKU0038,4503,197.04,In Transit,2024-06-01
PO0002077,2023-09-10,SUP007,SKU0090,3341,251.62,Approved,2023-09-23
PO0002078,2024-08-15,SUP012,SKU0003,1403,43.85,Delayed,2024-09-06
PO0002079,2025-04-01,SUP036,SKU0091,3446,190.06,Ordered,2025-04-28
PO0002080,2025-05-06,SUP039,SKU0032,2384,401.23,Received,2025-05-26
PO0002081,2023-08-05,SUP043,SKU0018,2703,516.47,In Transit,2023-09-02
PO0002082,2025-03-14,SUP015,SKU0107,3409,554.67,Received,2025-04-24
PO0002083,2024-08-09,SUP029,SKU0064,1385,98.66,Ordered,2024-09-12
PO0002084,2025-03-30,SUP019,SKU0077,127,316.36,Received,2025-04-04
PO0002085,2025-08-08,SUP042,SKU0038,1511,220.51,Approved,2025-09-15
PO0002086,2025-02-24,SUP038,SKU0022,3525,419.46,Received,2025-03-20
PO0002087,2024-01-22,SUP041,SKU0070,337,164.34,Ordered,2024-02-01
PO0002088,2025-10-27,SUP006,SKU0016,4774,227.05,Approved,2025-11-12
PO0002089,2024-10-27,SUP040,SKU0077,2147,293.34,Delayed,2024-11-04
PO0002090,2025-08-24,SUP044,SKU0029,845,323.13,Approved,2025-09-03
PO0002091,2025-03-08,SUP036,SKU0097,4288,552.84,Ordered,2025-04-04
PO0002092,2025-07-26,SUP024,SKU0096,2060,387.83,Delayed,2025-08-04
PO0002093,2024-02-14,SUP021,SKU0026,1186,212.19,Approved,2024-03-01
PO0002094,2024-02-28,SUP037,SKU0016,3877,215.21,Delayed,2024-03-04
PO0002095,2025-06-27,SUP016,SKU0070,1548,175.7,In Transit,2025-07-18
PO0002096,2023-08-16,SUP039,SKU0067,2813,223.11,Ordered,2023-09-05
PO0002097,2024-05-16,SUP030,SKU0060,672,346.34,Approved,2024-06-08
PO0002098,2025-04-12,SUP034,SKU0105,3951,419.46,Approved,2025-05-02
PO0002099,2025-05-04,SUP017,SKU0011,4501,241.07,In Transit,2025-05-16
PO0002100,2025-12-29,SUP046,SKU0099,294,487.78,Delayed,2026-02-08
PO0002101,2023-05-03,SUP019,SKU0115,3363,212.87,Delayed,2023-05-08
PO0002102,2023-03-23,SUP024,SKU0074,3372,466.36,In Transit,2023-04-01
PO0002103,2025-06-20,SUP028,SKU0029,1116,272.86,Received,2025-07-14
PO0002104,2023-08-17,SUP047,SKU0005,1484,402.91,Delayed,2023-08-30
PO0002105,2024-11-26,SUP010,SKU0030,2091,500.42,Ordered,2024-12-18
PO0002106,2024-06-25,SUP007,SKU0044,2803,532.08,Approved,2024-07-08
PO0002107,2025-07-27,SUP046,SKU0097,4126,541.41,Received,2025-09-06
PO0002108,2024-12-02,SUP019,SKU0008,3742,446.25,Received,2024-12-07
PO0002109,2024-06-12,SUP037,SKU0115,2355,203.52,Ordered,2024-06-17
PO0002110,2023-10-31,SUP034,SKU0017,2462,531.9,Received,2023-11-20
PO0002111,2025-01-12,SUP046,SKU0073,2485,94.74,Delayed,2025-02-22
PO0002112,2023-11-21,SUP037,SKU0051,2596,303.24,Received,2023-11-26
PO0002113,2024-08-26,SUP010,SKU0060,1153,357.07,Received,2024-09-17
PO0002114,2025-02-25,SUP017,SKU0005,1967,374.89,Ordered,2025-03-09
PO0002115,2024-09-12,SUP010,SKU0006,4886,310.05,Received,2024-10-04
PO0002116,2025-11-07,SUP048,SKU0041,4333,480.66,In Transit,2025-12-02
PO0002117,2023-12-15,SUP023,SKU0079,1376,14.96,In Transit,2024-01-15
PO0002118,2024-10-05,SUP034,SKU0044,3166,504.75,Received,2024-10-25
PO0002119,2023-12-13,SUP034,SKU0081,4048,281.53,Received,2024-01-02
PO0002120,2023-01-30,SUP043,SKU0022,630,371.04,Received,2023-02-27
PO0002121,2024-02-27,SUP015,SKU0008,1329,441.41,Delayed,2024-04-08
PO0002122,2023-09-02,SUP042,SKU0018,1713,501.41,Received,2023-10-10
PO0002123,2023-01-25,SUP048,SKU0022,4393,413.63,Delayed,2023-02-19
PO0002124,2024-02-19,SUP024,SKU0072,369,16.9,Approved,2024-02-28
PO0002125,2024-11-05,SUP033,SKU0055,650,157.16,In Transit,2024-11-22
PO0002126,2023-06-12,SUP004,SKU0082,3758,100.15,Ordered,2023-06-22
PO0002127,2024-05-16,SUP017,SKU0085,1596,612.43,Delayed,2024-05-28
PO0002128,2024-05-16,SUP015,SKU0004,3836,459.3,In Transit,2024-06-26
PO0002129,2024-06-28,SUP036,SKU0056,2373,164.4,Ordered,2024-07-25
PO0002130,2023-05-11,SUP009,SKU0106,4380,468.02,Ordered,2023-06-01
PO0002131,2024-04-11,SUP016,SKU0119,4897,468.15,Received,2024-05-02
PO0002132,2025-08-08,SUP007,SKU0052,4498,18.43,Approved,2025-08-21
PO0002133,2024-10-15,SUP041,SKU0095,698,180.25,Approved,2024-10-25
PO0002134,2025-06-24,SUP006,SKU0096,3999,389.67,In Transit,2025-07-10
PO0002135,2024-03-16,SUP039,SKU0011,4091,250.4,Approved,2024-04-05
PO0002136,2025-05-30,SUP008,SKU0015,3726,394.25,Ordered,2025-06-26
PO0002137,2025-07-23,SUP001,SKU0040,2162,74.5,In Transit,2025-08-06
PO0002138,2024-07-08,SUP032,SKU0084,1546,384.18,Received,2024-08-19
PO0002139,2025-11-19,SUP019,SKU0105,2554,372.68,In Transit,2025-11-24
PO0002140,2024-05-24,SUP022,SKU0019,2355,490.4,In Transit,2024-06-24
PO0002141,2024-09-24,SUP041,SKU0065,3704,293.82,Ordered,2024-10-04
PO0002142,2025-09-25,SUP001,SKU0052,2714,18.47,In Transit,2025-10-09
PO0002143,2025-08-21,SUP032,SKU0117,1436,301.66,Received,2025-10-02
PO0002144,2024-09-15,SUP007,SKU0064,3730,88.08,Delayed,2024-09-28
PO0002145,2024-01-10,SUP013,SKU0045,990,376.66,Ordered,2024-02-20
PO0002146,2024-09-21,SUP033,SKU0030,2601,455.48,In Transit,2024-10-08
PO0002147,2025-08-24,SUP007,SKU0082,2558,107.28,Ordered,2025-09-06
PO0002148,2023-11-13,SUP021,SKU0087,1381,506.16,Received,2023-11-29
PO0002149,2023-12-18,SUP011,SKU0017,1387,567.12,In Transit,2023-12-24
PO0002150,2025-08-28,SUP042,SKU0027,4976,278.71,Delayed,2025-10-05
PO0002151,2024-07-05,SUP015,SKU0114,2253,291.37,Received,2024-08-15
PO0002152,2025-01-29,SUP010,SKU0012,2608,28.05,Received,2025-02-20
PO0002153,2024-10-07,SUP029,SKU0117,2623,317.55,Received,2024-11-10
PO0002154,2025-05-04,SUP001,SKU0102,3410,428.9,Received,2025-05-18
PO0002155,2024-12-25,SUP042,SKU0011,1246,285.62,Received,2025-02-01
PO0002156,2023-02-09,SUP046,SKU0015,1756,351.76,Delayed,2023-03-22
PO0002157,2024-06-08,SUP019,SKU0114,3159,265.1,Received,2024-06-13
PO0002158,2025-02-22,SUP021,SKU0085,4671,597.12,Ordered,2025-03-10
PO0002159,2024-03-16,SUP040,SKU0006,4220,339.46,Received,2024-03-24
PO0002160,2023-08-07,SUP005,SKU0081,2091,280.63,Delayed,2023-09-20
PO0002161,2025-09-09,SUP047,SKU0091,4957,194.68,Approved,2025-09-22
PO0002162,2025-03-09,SUP045,SKU0110,4089,355.31,In Transit,2025-03-22
PO0002163,2025-02-07,SUP004,SKU0091,930,178.47,Received,2025-02-17
PO0002164,2024-07-19,SUP035,SKU0038,3126,210.08,Received,2024-08-19
PO0002165,2023-08-16,SUP031,SKU0025,1200,12.33,Approved,2023-09-29
PO0002166,2024-10-26,SUP050,SKU0017,3489,625.72,Ordered,2024-11-14
PO0002167,2024-09-04,SUP037,SKU0002,1738,182.64,Received,2024-09-09
PO0002168,2024-05-17,SUP021,SKU0034,4791,405.81,Delayed,2024-06-02
PO0002169,2024-06-17,SUP036,SKU0117,4450,342.83,Delayed,2024-07-14
PO0002170,2023-02-14,SUP009,SKU0036,657,456.7,Delayed,2023-03-07
PO0002171,2024-10-04,SUP024,SKU0020,3752,444.8,Ordered,2024-10-13
PO0002172,2024-01-13,SUP021,SKU0056,3936,169.28,Received,2024-01-29
PO0002173,2024-11-13,SUP013,SKU0104,2221,524.31,Delayed,2024-12-24
PO0002174,2023-02-17,SUP009,SKU0027,1076,270.99,Received,2023-03-10
PO0002175,2025-03-22,SUP032,SKU0065,493,339.7,Approved,2025-05-03
PO0002176,2025-11-15,SUP024,SKU0090,232,270.14,Approved,2025-11-24
PO0002177,2025-10-29,SUP021,SKU0060,4513,383.62,In Transit,2025-11-14
PO0002178,2024-11-14,SUP041,SKU0077,649,329.05,In Transit,2024-11-24
PO0002179,2023-07-08,SUP036,SKU0003,1020,41.89,In Transit,2023-08-04
PO0002180,2023-06-29,SUP037,SKU0114,3937,299.46,Ordered,2023-07-04
PO0002181,2023-05-30,SUP050,SKU0099,3630,525.23,Received,2023-06-18
PO0002182,2025-07-13,SUP048,SKU0073,1346,101.52,Approved,2025-08-07
PO0002183,2024-01-08,SUP042,SKU0115,4812,193.35,In Transit,2024-02-15
PO0002184,2025-06-04,SUP002,SKU0118,3388,403.49,Approved,2025-07-16
PO0002185,2025-03-09,SUP002,SKU0081,169,284.53,Received,2025-04-20
PO0002186,2023-11-05,SUP017,SKU0087,1925,548.5,Received,2023-11-17
PO0002187,2025-12-26,SUP030,SKU0092,1741,155.81,In Transit,2026-01-18
PO0002188,2024-12-27,SUP046,SKU0075,4825,512.11,Ordered,2025-02-06
PO0002189,2024-02-27,SUP020,SKU0063,1587,370.82,In Transit,2024-03-26
PO0002190,2023-03-22,SUP050,SKU0115,1143,201.35,Approved,2023-04-10
PO0002191,2024-11-01,SUP021,SKU0082,1985,101.96,Ordered,2024-11-17
PO0002192,2024-09-12,SUP011,SKU0119,3575,488.56,Ordered,2024-09-18
PO0002193,2024-03-20,SUP050,SKU0067,3010,188.03,Received,2024-04-08
PO0002194,2023-09-10,SUP025,SKU0037,308,356.23,Delayed,2023-10-17
PO0002195,2024-03-03,SUP025,SKU0026,503,219.0,Received,2024-04-09
PO0002196,2024-02-11,SUP014,SKU0110,3217,380.77,Approved,2024-03-19
PO0002197,2023-07-10,SUP012,SKU0120,4250,258.94,Delayed,2023-08-01
PO0002198,2025-11-23,SUP008,SKU0010,1434,36.32,Approved,2025-12-20
PO0002199,2025-09-28,SUP048,SKU0082,3035,103.77,Received,2025-10-23
PO0002200,2025-04-30,SUP013,SKU0117,1823,353.65,In Transit,2025-06-10
PO0002201,2025-01-06,SUP031,SKU0047,2191,364.64,Received,2025-02-19
PO0002202,2023-02-03,SUP001,SKU0103,3213,243.55,Received,2023-02-17
PO0002203,2023-07-24,SUP023,SKU0035,3052,207.21,Approved,2023-08-24
PO0002204,2025-06-08,SUP042,SKU0028,2563,167.72,Delayed,2025-07-16
PO0002205,2023-06-22,SUP042,SKU0030,3292,508.02,Approved,2023-07-30
PO0002206,2024-07-16,SUP047,SKU0101,2748,440.26,Ordered,2024-07-29
PO0002207,2023-12-30,SUP037,SKU0117,175,298.38,Ordered,2024-01-04
PO0002208,2023-10-15,SUP045,SKU0088,3948,295.2,Approved,2023-10-28
PO0002209,2024-03-05,SUP048,SKU0004,2500,478.38,Received,2024-03-30
PO0002210,2023-11-19,SUP027,SKU0035,1512,177.87,In Transit,2023-11-28
PO0002211,2023-11-07,SUP048,SKU0092,1587,143.84,Approved,2023-12-02
PO0002212,2023-11-29,SUP002,SKU0114,4175,275.67,Received,2024-01-10
PO0002213,2025-02-03,SUP017,SKU0070,2730,145.38,Approved,2025-02-15
PO0002214,2024-11-10,SUP002,SKU0027,3954,238.94,Ordered,2024-12-22
PO0002215,2025-04-14,SUP003,SKU0065,4519,310.74,In Transit,2025-05-16
PO0002216,2025-12-11,SUP011,SKU0031,1395,94.96,Received,2025-12-17
PO0002217,2024-04-01,SUP006,SKU0055,3539,180.77,Approved,2024-04-17
PO0002218,2025-09-01,SUP030,SKU0093,3500,79.58,In Transit,2025-09-24
PO0002219,2025-06-20,SUP009,SKU0037,105,346.68,Received,2025-07-11
PO0002220,2024-06-10,SUP009,SKU0082,2745,101.92,Received,2024-07-01
PO0002221,2023-07-17,SUP031,SKU0116,4137,146.15,In Transit,2023-08-30
PO0002222,2024-02-06,SUP009,SKU0018,1896,517.75,Ordered,2024-02-27
PO0002223,2024-04-06,SUP043,SKU0108,773,433.19,Delayed,2024-05-04
PO0002224,2025-04-07,SUP019,SKU0060,962,365.0,Received,2025-04-12
PO0002225,2024-01-14,SUP047,SKU0065,2566,307.65,Received,2024-01-27
PO0002226,2025-11-30,SUP034,SKU0003,4828,45.69,Received,2025-12-20
PO0002227,2023-09-27,SUP021,SKU0003,3557,40.59,Ordered,2023-10-13
PO0002228,2023-03-12,SUP048,SKU0010,3254,35.46,Ordered,2023-04-06
PO0002229,2024-01-09,SUP001,SKU0009,1271,172.57,Ordered,2024-01-23
PO0002230,2023-11-28,SUP026,SKU0092,2742,133.39,Received,2024-01-05
PO0002231,2025-09-17,SUP023,SKU0027,1638,270.27,In Transit,2025-10-18
PO0002232,2025-04-10,SUP029,SKU0050,1859,534.72,Received,2025-05-14
PO0002233,2025-06-19,SUP008,SKU0101,2388,499.36,In Transit,2025-07-16
PO0002234,2024-11-21,SUP022,SKU0058,1626,165.21,Received,2024-12-22
PO0002235,2025-07-23,SUP043,SKU0090,890,275.6,Received,2025-08-20
PO0002236,2025-11-29,SUP017,SKU0037,617,380.59,Received,2025-12-11
PO0002237,2023-02-22,SUP035,SKU0073,1134,90.56,Received,2023-03-25
PO0002238,2023-08-16,SUP008,SKU0028,4609,184.86,Ordered,2023-09-12
PO0002239,2024-12-12,SUP020,SKU0101,3807,478.12,Approved,2025-01-09
PO0002240,2025-10-30,SUP012,SKU0091,3356,208.4,In Transit,2025-11-21
PO0002241,2024-02-04,SUP010,SKU0092,1917,155.99,Ordered,2024-02-26
PO0002242,2024-12-25,SUP034,SKU0008,1343,467.7,In Transit,2025-01-14
PO0002243,2025-12-11,SUP004,SKU0052,4467,16.65,Ordered,2025-12-21
PO0002244,2025-12-23,SUP011,SKU0008,3167,430.37,Delayed,2025-12-29
PO0002245,2023-12-06,SUP041,SKU0027,1953,281.58,Delayed,2023-12-16
PO0002246,2023-11-08,SUP035,SKU0061,3573,472.26,Received,2023-12-09
PO0002247,2023-04-11,SUP026,SKU0098,2528,215.04,In Transit,2023-05-19
PO0002248,2025-05-12,SUP031,SKU0079,3933,14.18,Delayed,2025-06-25
PO0002249,2024-09-06,SUP001,SKU0028,713,168.5,In Transit,2024-09-20
PO0002250,2024-09-30,SUP014,SKU0067,4965,226.73,Approved,2024-11-06
PO0002251,2025-04-20,SUP009,SKU0008,1277,460.13,Ordered,2025-05-11
PO0002252,2024-05-11,SUP026,SKU0102,1406,484.52,Received,2024-06-18
PO0002253,2024-02-01,SUP016,SKU0095,2970,175.42,Received,2024-02-22
PO0002254,2023-10-15,SUP026,SKU0091,1111,204.71,In Transit,2023-11-22
PO0002255,2023-11-07,SUP014,SKU0007,3732,303.79,Received,2023-12-14
PO0002256,2024-11-01,SUP001,SKU0014,1060,358.35,In Transit,2024-11-15
PO0002257,2023-07-30,SUP050,SKU0020,3959,401.14,Received,2023-08-18
PO0002258,2024-09-03,SUP008,SKU0075,4533,577.09,Received,2024-09-30
PO0002259,2023-11-11,SUP005,SKU0088,2896,301.54,Approved,2023-12-25
PO0002260,2025-02-20,SUP017,SKU0096,1024,425.3,Received,2025-03-04
PO0002261,2023-12-11,SUP046,SKU0032,4091,437.79,Ordered,2024-01-21
PO0002262,2025-12-06,SUP007,SKU0061,825,484.54,In Transit,2025-12-19
PO0002263,2025-01-12,SUP016,SKU0053,4151,539.0,Received,2025-02-02
PO0002264,2025-05-13,SUP004,SKU0074,961,479.64,Received,2025-05-23
PO0002265,2024-07-18,SUP017,SKU0103,4260,221.76,Delayed,2024-07-30
PO0002266,2024-05-29,SUP023,SKU0059,780,527.87,Delayed,2024-06-29
PO0002267,2025-09-21,SUP016,SKU0096,4898,414.35,In Transit,2025-10-12
PO0002268,2025-06-07,SUP043,SKU0037,2277,331.73,Delayed,2025-07-05
PO0002269,2025-09-26,SUP036,SKU0087,4733,526.0,In Transit,2025-10-23
PO0002270,2025-02-22,SUP003,SKU0062,983,271.16,Delayed,2025-03-26
PO0002271,2023-07-21,SUP037,SKU0104,877,509.1,Ordered,2023-07-26
PO0002272,2025-01-08,SUP038,SKU0026,3555,235.31,Delayed,2025-02-01
PO0002273,2023-03-23,SUP023,SKU0103,3706,245.8,In Transit,2023-04-23
PO0002274,2025-12-06,SUP003,SKU0095,3366,203.92,Delayed,2026-01-07
PO0002275,2025-06-03,SUP043,SKU0115,310,188.41,Ordered,2025-07-01
PO0002276,2023-02-19,SUP041,SKU0091,2794,180.14,Received,2023-03-01
PO0002277,2023-02-28,SUP047,SKU0108,3840,441.97,Received,2023-03-13
PO0002278,2025-01-04,SUP044,SKU0044,2918,502.1,Ordered,2025-01-14
PO0002279,2024-07-20,SUP029,SKU0010,491,33.34,Delayed,2024-08-23
PO0002280,2024-06-22,SUP050,SKU0022,1415,360.85,In Transit,2024-07-11
PO0002281,2024-10-21,SUP048,SKU0069,3387,233.74,Ordered,2024-11-15
PO0002282,2025-10-20,SUP006,SKU0090,2834,258.74,In Transit,2025-11-05
PO0002283,2024-04-11,SUP021,SKU0021,2605,459.03,Delayed,2024-04-27
PO0002284,2023-07-05,SUP041,SKU0064,3426,87.55,Received,2023-07-15
PO0002285,2024-01-17,SUP049,SKU0016,3235,204.05,Delayed,2024-02-11
PO0002286,2025-09-21,SUP023,SKU0084,2860,422.15,Received,2025-10-22
PO0002287,2023-11-23,SUP011,SKU0096,2744,374.61,Ordered,2023-11-29
PO0002288,2024-09-27,SUP033,SKU0052,4691,16.42,In Transit,2024-10-14
PO0002289,2023-12-31,SUP026,SKU0051,722,286.38,Approved,2024-02-07
PO0002290,2025-04-08,SUP017,SKU0083,1294,401.84,In Transit,2025-04-20
PO0002291,2024-12-25,SUP026,SKU0035,1189,206.28,Approved,2025-02-01
PO0002292,2024-08-24,SUP040,SKU0078,4770,570.01,Received,2024-09-01
PO0002293,2024-04-05,SUP029,SKU0063,434,382.51,Ordered,2024-05-09
PO0002294,2024-07-14,SUP002,SKU0043,4150,128.22,Delayed,2024-08-25
PO0002295,2024-03-24,SUP016,SKU0065,1950,314.77,Ordered,2024-04-14
PO0002296,2023-10-25,SUP001,SKU0039,2531,49.14,Approved,2023-11-08
PO0002297,2025-09-16,SUP029,SKU0041,3495,495.41,In Transit,2025-10-20
PO0002298,2024-01-29,SUP027,SKU0041,1624,523.98,In Transit,2024-02-07
PO0002299,2025-03-29,SUP041,SKU0061,4814,474.93,Received,2025-04-08
PO0002300,2024-06-19,SUP046,SKU0021,3081,529.07,Received,2024-07-30
PO0002301,2025-06-02,SUP024,SKU0094,3086,269.83,Ordered,2025-06-11
PO0002302,2024-10-17,SUP035,SKU0096,3025,379.68,Delayed,2024-11-17
PO0002303,2023-10-03,SUP021,SKU0016,2122,229.81,In Transit,2023-10-19
PO0002304,2023-09-21,SUP007,SKU0053,4257,526.03,In Transit,2023-10-04
PO0002305,2024-10-04,SUP007,SKU0004,1966,512.59,Delayed,2024-10-17
PO0002306,2024-04-03,SUP030,SKU0048,2304,26.21,Approved,2024-04-26
PO0002307,2025-07-31,SUP040,SKU0080,3687,446.09,Received,2025-08-08
PO0002308,2023-05-13,SUP011,SKU0030,281,478.16,In Transit,2023-05-19
PO0002309,2023-04-28,SUP023,SKU0007,4004,351.24,Ordered,2023-05-29
PO0002310,2023-05-11,SUP044,SKU0102,3003,429.85,Delayed,2023-05-21
PO0002311,2024-07-19,SUP037,SKU0027,2164,287.06,Delayed,2024-07-24
PO0002312,2023-02-26,SUP046,SKU0081,4996,300.53,Delayed,2023-04-08
PO0002313,2023-10-01,SUP026,SKU0037,1862,371.93,Received,2023-11-08
PO0002314,2024-09-15,SUP022,SKU0106,2005,494.05,In Transit,2024-10-16
PO0002315,2025-04-13,SUP010,SKU0048,4520,28.31,In Transit,2025-05-05
PO0002316,2024-10-06,SUP001,SKU0119,533,463.74,Received,2024-10-20
PO0002317,2023-09-03,SUP050,SKU0085,681,603.48,In Transit,2023-09-22
PO0002318,2025-04-27,SUP047,SKU0058,1420,181.79,Ordered,2025-05-10
PO0002319,2024-01-03,SUP012,SKU0065,341,328.09,Received,2024-01-25
PO0002320,2023-09-02,SUP022,SKU0038,829,195.44,Received,2023-10-03
PO0002321,2025-03-04,SUP027,SKU0086,3223,97.69,Ordered,2025-03-13
PO0002322,2024-12-04,SUP012,SKU0118,885,382.54,Ordered,2024-12-26
PO0002323,2025-05-31,SUP017,SKU0098,4193,201.89,Received,2025-06-12
PO0002324,2025-04-02,SUP013,SKU0115,1956,193.81,Delayed,2025-05-13
PO0002325,2023-06-17,SUP022,SKU0050,3800,566.95,In Transit,2023-07-18
PO0002326,2024-06-11,SUP002,SKU0112,598,282.16,Approved,2024-07-23
PO0002327,2025-02-03,SUP007,SKU0021,1480,449.09,In Transit,2025-02-16
PO0002328,2023-01-26,SUP001,SKU0070,2777,156.82,Approved,2023-02-09
PO0002329,2025-02-06,SUP005,SKU0108,1512,387.36,In Transit,2025-03-22
PO0002330,2025-10-17,SUP012,SKU0095,4484,181.09,Received,2025-11-08
PO0002331,2023-07-18,SUP044,SKU0104,1367,562.27,In Transit,2023-07-28
PO0002332,2023-12-29,SUP029,SKU0046,1554,92.64,Received,2024-02-01
PO0002333,2023-03-04,SUP040,SKU0061,417,479.04,Approved,2023-03-12
PO0002334,2024-09-30,SUP019,SKU0081,982,291.99,Ordered,2024-10-05
PO0002335,2025-11-27,SUP011,SKU0062,916,266.22,In Transit,2025-12-03
PO0002336,2023-11-14,SUP040,SKU0117,2863,350.6,Delayed,2023-11-22
PO0002337,2025-03-07,SUP029,SKU0020,1053,438.14,Approved,2025-04-10
PO0002338,2024-11-23,SUP016,SKU0063,3095,374.09,Received,2024-12-14
PO0002339,2024-01-21,SUP026,SKU0081,440,292.55,Received,2024-02-28
PO0002340,2023-07-22,SUP034,SKU0025,845,11.83,Received,2023-08-11
PO0002341,2025-12-15,SUP037,SKU0049,4811,323.18,In Transit,2025-12-20
PO0002342,2025-03-18,SUP049,SKU0071,4575,148.91,Received,2025-04-12
PO0002343,2024-10-18,SUP009,SKU0085,3769,621.14,Received,2024-11-08
PO0002344,2025-05-23,SUP026,SKU0061,3664,429.85,Received,2025-06-30
PO0002345,2023-02-18,SUP032,SKU0078,954,502.36,Received,2023-04-01
PO0002346,2025-03-07,SUP020,SKU0003,4176,45.73,Received,2025-04-04
PO0002347,2023-04-23,SUP034,SKU0084,441,372.99,Approved,2023-05-13
PO0002348,2024-09-20,SUP038,SKU0091,4779,197.54,Delayed,2024-10-14
PO0002349,2024-10-04,SUP048,SKU0014,492,359.33,Approved,2024-10-29
PO0002350,2024-09-12,SUP025,SKU0049,1642,301.41,In Transit,2024-10-19
PO0002351,2023-04-18,SUP044,SKU0010,3653,36.2,In Transit,2023-04-28
PO0002352,2024-01-01,SUP033,SKU0098,3137,227.86,Approved,2024-01-18
PO0002353,2024-03-15,SUP007,SKU0101,3845,527.88,Ordered,2024-03-28
PO0002354,2024-10-17,SUP005,SKU0092,1767,147.69,In Transit,2024-11-30
PO0002355,2023-02-01,SUP003,SKU0040,3225,66.72,Delayed,2023-03-05
PO0002356,2023-08-27,SUP019,SKU0047,138,393.44,Delayed,2023-09-01
PO0002357,2024-11-08,SUP012,SKU0037,3294,383.8,Received,2024-11-30
PO0002358,2025-04-03,SUP003,SKU0053,1377,468.8,Ordered,2025-05-05
PO0002359,2024-06-12,SUP028,SKU0075,4773,573.48,Delayed,2024-07-06
PO0002360,2024-09-26,SUP014,SKU0084,2333,390.59,Approved,2024-11-02
PO0002361,2025-05-01,SUP027,SKU0044,3189,494.42,Ordered,2025-05-10
PO0002362,2025-09-26,SUP017,SKU0065,185,326.63,Received,2025-10-08
PO0002363,2023-03-27,SUP045,SKU0050,3779,499.71,Delayed,2023-04-09
PO0002364,2024-04-01,SUP005,SKU0097,1037,475.72,Received,2024-05-15
PO0002365,2023-05-17,SUP012,SKU0102,4498,454.52,Delayed,2023-06-08
PO0002366,2024-06-09,SUP044,SKU0113,3362,462.48,Received,2024-06-19
PO0002367,2024-08-06,SUP037,SKU0040,2242,65.34,Approved,2024-08-11
PO0002368,2025-03-19,SUP013,SKU0056,808,180.99,Received,2025-04-29
PO0002369,2024-02-16,SUP009,SKU0002,4345,198.29,Received,2024-03-08
PO0002370,2025-09-07,SUP007,SKU0107,1012,525.11,Received,2025-09-20
PO0002371,2024-01-13,SUP006,SKU0068,652,408.05,In Transit,2024-01-29
PO0002372,2025-01-29,SUP029,SKU0119,1269,439.71,Approved,2025-03-04
PO0002373,2025-10-28,SUP050,SKU0062,1648,280.66,Delayed,2025-11-16
PO0002374,2024-10-13,SUP003,SKU0079,4759,13.27,Ordered,2024-11-14
PO0002375,2024-11-30,SUP017,SKU0052,1537,16.61,Ordered,2024-12-12
PO0002376,2023-04-26,SUP026,SKU0051,3213,283.61,Received,2023-06-03
PO0002377,2025-11-01,SUP005,SKU0042,1945,14.05,Ordered,2025-12-15
PO0002378,2024-11-18,SUP043,SKU0080,3695,403.97,Received,2024-12-16
PO0002379,2023-05-23,SUP016,SKU0101,4429,463.75,Ordered,2023-06-13
PO0002380,2023-10-21,SUP036,SKU0070,2701,146.29,Delayed,2023-11-17
PO0002381,2023-05-14,SUP027,SKU0055,4343,165.82,In Transit,2023-05-23
PO0002382,2023-12-14,SUP047,SKU0084,2735,387.5,Ordered,2023-12-27
PO0002383,2023-08-01,SUP044,SKU0030,2014,425.8,Approved,2023-08-11
PO0002384,2023-04-30,SUP025,SKU0061,4744,407.16,Ordered,2023-06-06
PO0002385,2023-03-14,SUP037,SKU0024,4569,384.1,Delayed,2023-03-19
PO0002386,2025-09-02,SUP037,SKU0114,3262,280.26,In Transit,2025-09-07
PO0002387,2025-03-03,SUP029,SKU0120,2046,247.92,In Transit,2025-04-06
PO0002388,2024-05-27,SUP023,SKU0098,3827,218.97,Ordered,2024-06-27
PO0002389,2025-07-19,SUP035,SKU0022,3050,361.96,Received,2025-08-19
PO0002390,2023-12-24,SUP025,SKU0032,2207,448.07,Received,2024-01-30
PO0002391,2023-02-12,SUP028,SKU0046,2556,85.91,Received,2023-03-08
PO0002392,2025-04-20,SUP046,SKU0042,4535,16.06,Received,2025-05-31
PO0002393,2023-09-14,SUP041,SKU0023,2991,361.43,Received,2023-09-24
PO0002394,2025-05-12,SUP027,SKU0066,3873,473.49,Received,2025-05-21
PO0002395,2025-03-06,SUP030,SKU0025,3078,11.09,Delayed,2025-03-29
PO0002396,2025-03-27,SUP009,SKU0024,4441,395.18,Ordered,2025-04-17
PO0002397,2024-01-27,SUP037,SKU0015,1694,407.0,Delayed,2024-02-01
PO0002398,2025-01-14,SUP030,SKU0096,4590,444.84,Received,2025-02-06
PO0002399,2025-02-06,SUP042,SKU0083,2614,363.14,Ordered,2025-03-16
PO0002400,2025-08-21,SUP007,SKU0056,4546,184.48,Received,2025-09-03
PO0002401,2025-04-24,SUP004,SKU0084,1733,375.31,In Transit,2025-05-04
PO0002402,2023-11-17,SUP043,SKU0002,3248,196.18,Received,2023-12-15
PO0002403,2024-01-05,SUP029,SKU0115,295,207.5,Received,2024-02-08
PO0002404,2023-12-19,SUP018,SKU0058,4715,183.06,Delayed,2023-12-24
PO0002405,2025-04-03,SUP037,SKU0037,1720,335.1,Received,2025-04-08
PO0002406,2025-08-17,SUP016,SKU0020,1169,446.1,Received,2025-09-07
PO0002407,2024-10-09,SUP040,SKU0093,4446,77.79,Approved,2024-10-17
PO0002408,2023-07-18,SUP005,SKU0080,802,403.63,Approved,2023-08-31
PO0002409,2024-11-09,SUP006,SKU0057,2666,460.67,Received,2024-11-25
PO0002410,2024-02-20,SUP048,SKU0092,1333,161.37,Received,2024-03-16
PO0002411,2023-05-16,SUP024,SKU0047,2684,370.08,Received,2023-05-25
PO0002412,2025-08-30,SUP022,SKU0057,1535,406.24,Approved,2025-09-30
PO0002413,2023-11-24,SUP010,SKU0029,1437,291.32,In Transit,2023-12-16
PO0002414,2025-04-19,SUP011,SKU0029,4701,299.45,Received,2025-04-25
PO0002415,2024-07-29,SUP045,SKU0098,2143,240.83,Delayed,2024-08-11
PO0002416,2023-10-28,SUP029,SKU0111,895,352.04,Ordered,2023-12-01
PO0002417,2025-02-19,SUP031,SKU0024,3207,417.94,Approved,2025-04-04
PO0002418,2025-01-12,SUP029,SKU0061,4891,447.02,Received,2025-02-15
PO0002419,2023-02-10,SUP032,SKU0078,4743,504.69,Received,2023-03-24
PO0002420,2023-06-24,SUP024,SKU0074,664,418.14,In Transit,2023-07-03
PO0002421,2024-09-06,SUP044,SKU0002,3324,195.45,Approved,2024-09-16
PO0002422,2024-02-08,SUP041,SKU0044,2727,495.89,Approved,2024-02-18
PO0002423,2024-12-27,SUP039,SKU0031,4152,93.22,In Transit,2025-01-16
PO0002424,2025-05-05,SUP011,SKU0103,3091,245.75,Ordered,2025-05-11
PO0002425,2025-11-17,SUP018,SKU0034,4363,434.57,Approved,2025-11-22
PO0002426,2025-09-29,SUP021,SKU0015,1467,340.06,Ordered,2025-10-15
PO0002427,2024-09-19,SUP017,SKU0033,3777,579.5,Received,2024-10-01
PO0002428,2023-03-24,SUP018,SKU0004,3852,506.63,Received,2023-03-29
PO0002429,2023-03-06,SUP009,SKU0043,187,142.07,Approved,2023-03-27
PO0002430,2024-09-11,SUP025,SKU0117,1735,348.45,Received,2024-10-18
PO0002431,2025-03-06,SUP003,SKU0098,2314,228.55,Received,2025-04-07
PO0002432,2025-01-21,SUP033,SKU0094,3577,245.2,Received,2025-02-07
PO0002433,2023-09-29,SUP023,SKU0013,2242,271.87,Received,2023-10-30
PO0002434,2024-07-30,SUP018,SKU0075,782,595.85,Delayed,2024-08-04
PO0002435,2023-06-23,SUP043,SKU0005,2710,443.9,Approved,2023-07-21
PO0002436,2023-02-17,SUP009,SKU0069,976,211.03,Ordered,2023-03-10
PO0002437,2025-02-03,SUP005,SKU0100,1361,342.87,Ordered,2025-03-19
PO0002438,2023-06-28,SUP005,SKU0018,179,539.26,Delayed,2023-08-11
PO0002439,2024-11-29,SUP040,SKU0021,676,464.51,Delayed,2024-12-07
PO0002440,2025-08-01,SUP041,SKU0077,2810,332.3,Approved,2025-08-11
PO0002441,2023-09-07,SUP004,SKU0120,1236,224.8,Delayed,2023-09-17
PO0002442,2023-06-16,SUP012,SKU0020,851,442.34,Approved,2023-07-08
PO0002443,2023-01-08,SUP028,SKU0035,2009,179.22,Delayed,2023-02-01
PO0002444,2023-06-12,SUP025,SKU0043,2724,139.1,Ordered,2023-07-19
PO0002445,2025-09-01,SUP013,SKU0018,4157,527.12,Ordered,2025-10-12
PO0002446,2025-08-18,SUP019,SKU0026,4948,237.51,Approved,2025-08-23
PO0002447,2025-06-25,SUP012,SKU0004,4258,442.5,Ordered,2025-07-17
PO0002448,2024-02-09,SUP017,SKU0080,1278,480.11,In Transit,2024-02-21
PO0002449,2024-01-23,SUP045,SKU0091,1115,203.81,Approved,2024-02-05
PO0002450,2024-01-21,SUP012,SKU0103,2732,241.39,Ordered,2024-02-12
PO0002451,2023-11-29,SUP026,SKU0031,4952,99.01,Received,2024-01-06
PO0002452,2025-11-03,SUP041,SKU0119,2438,419.8,Received,2025-11-13
PO0002453,2024-12-07,SUP048,SKU0017,2072,591.2,Delayed,2025-01-01
PO0002454,2024-05-30,SUP019,SKU0003,1421,38.01,Approved,2024-06-04
PO0002455,2025-10-08,SUP023,SKU0012,594,29.72,Received,2025-11-08
PO0002456,2023-06-13,SUP044,SKU0006,3753,310.05,Delayed,2023-06-23
PO0002457,2023-06-30,SUP021,SKU0003,4918,43.89,Received,2023-07-16
PO0002458,2023-05-15,SUP037,SKU0069,2249,232.58,Received,2023-05-20
PO0002459,2025-07-12,SUP023,SKU0076,4035,224.0,Received,2025-08-12
PO0002460,2025-09-28,SUP021,SKU0042,4572,16.5,Ordered,2025-10-14
PO0002461,2024-04-12,SUP038,SKU0114,1497,266.21,Received,2024-05-06
PO0002462,2025-04-19,SUP030,SKU0093,3881,71.68,Received,2025-05-12
PO0002463,2025-08-07,SUP030,SKU0108,3804,384.4,Delayed,2025-08-30
PO0002464,2025-02-28,SUP027,SKU0016,300,233.18,Received,2025-03-09
PO0002465,2025-02-20,SUP041,SKU0084,1323,389.81,Approved,2025-03-02
PO0002466,2025-06-08,SUP043,SKU0006,1515,319.6,Ordered,2025-07-06
PO0002467,2024-03-20,SUP007,SKU0114,234,286.64,Ordered,2024-04-02
PO0002468,2024-07-08,SUP022,SKU0039,1720,46.84,Received,2024-08-08
PO0002469,2023-11-21,SUP020,SKU0006,4600,328.3,Ordered,2023-12-19
PO0002470,2025-09-23,SUP039,SKU0113,4188,476.79,Ordered,2025-10-13
PO0002471,2025-09-25,SUP043,SKU0011,589,253.19,Approved,2025-10-23
PO0002472,2023-05-18,SUP021,SKU0028,4005,181.14,Ordered,2023-06-03
PO0002473,2024-04-26,SUP034,SKU0029,4148,314.35,Received,2024-05-16
PO0002474,2025-10-01,SUP001,SKU0083,2623,395.34,Received,2025-10-15
PO0002475,2024-09-28,SUP044,SKU0089,3614,394.58,In Transit,2024-10-08
PO0002476,2023-09-23,SUP034,SKU0120,2409,231.57,Received,2023-10-13
PO0002477,2023-09-20,SUP024,SKU0001,4731,357.82,Approved,2023-09-29
PO0002478,2023-02-06,SUP029,SKU0008,3131,454.22,Ordered,2023-03-12
PO0002479,2024-10-30,SUP045,SKU0058,2012,187.96,Received,2024-11-12
PO0002480,2025-09-02,SUP018,SKU0117,4646,312.1,Received,2025-09-07
PO0002481,2024-02-03,SUP009,SKU0004,2736,518.63,In Transit,2024-02-24
PO0002482,2024-04-13,SUP046,SKU0113,4956,493.85,Ordered,2024-05-24
PO0002483,2025-09-27,SUP037,SKU0011,3948,281.21,Received,2025-10-02
PO0002484,2025-11-12,SUP007,SKU0110,3246,392.74,In Transit,2025-11-25
PO0002485,2024-10-20,SUP006,SKU0075,4435,549.35,In Transit,2024-11-05
PO0002486,2024-06-28,SUP005,SKU0033,3782,515.55,Ordered,2024-08-11
PO0002487,2024-07-19,SUP046,SKU0083,1272,374.72,Approved,2024-08-29
PO0002488,2025-08-28,SUP016,SKU0052,1929,17.58,Received,2025-09-18
PO0002489,2024-12-30,SUP040,SKU0061,4053,446.13,Received,2025-01-07
PO0002490,2024-10-17,SUP032,SKU0057,2673,432.96,In Transit,2024-11-28
PO0002491,2024-02-14,SUP042,SKU0024,1641,458.32,In Transit,2024-03-23
PO0002492,2023-09-04,SUP019,SKU0110,596,391.64,Ordered,2023-09-09
PO0002493,2025-12-08,SUP033,SKU0087,2413,512.24,Received,2025-12-25
PO0002494,2025-05-16,SUP045,SKU0065,189,305.71,Ordered,2025-05-29
PO0002495,2023-10-23,SUP019,SKU0010,307,31.29,Delayed,2023-10-28
PO0002496,2025-05-13,SUP006,SKU0087,3119,535.62,Ordered,2025-05-29
PO0002497,2025-07-03,SUP041,SKU0042,3229,15.17,In Transit,2025-07-13
PO0002498,2025-06-28,SUP049,SKU0020,2673,390.59,Received,2025-07-23
PO0002499,2025-07-22,SUP018,SKU0032,1720,433.45,Received,2025-07-27
PO0002500,2024-08-06,SUP011,SKU0105,4904,362.07,Approved,2024-08-12
PO0002501,2023-09-11,SUP004,SKU0058,2774,175.54,Received,2023-09-21
PO0002502,2023-10-18,SUP021,SKU0009,3172,169.73,Delayed,2023-11-03
PO0002503,2025-06-08,SUP042,SKU0051,2753,298.38,Received,2025-07-16
PO0002504,2023-03-12,SUP042,SKU0083,2417,371.65,In Transit,2023-04-19
PO0002505,2023-03-22,SUP033,SKU0063,557,420.95,Delayed,2023-04-08
PO0002506,2023-09-28,SUP032,SKU0009,623,182.4,Ordered,2023-11-09
PO0002507,2023-11-07,SUP007,SKU0055,4382,153.6,Delayed,2023-11-20
PO0002508,2024-04-26,SUP006,SKU0114,3051,320.69,Received,2024-05-12
PO0002509,2023-06-16,SUP027,SKU0042,2914,15.75,Received,2023-06-25
PO0002510,2025-03-31,SUP035,SKU0035,609,191.19,Delayed,2025-05-01
PO0002511,2025-03-21,SUP045,SKU0083,1369,388.92,Approved,2025-04-03
PO0002512,2024-02-29,SUP029,SKU0027,1403,243.21,Received,2024-04-03
PO0002513,2024-04-10,SUP016,SKU0063,562,414.66,In Transit,2024-05-01
PO0002514,2023-02-19,SUP004,SKU0004,1947,488.89,Approved,2023-03-01
PO0002515,2024-03-24,SUP049,SKU0098,2005,239.68,Ordered,2024-04-18
PO0002516,2025-10-22,SUP021,SKU0078,2745,509.24,Delayed,2025-11-07
PO0002517,2025-03-21,SUP002,SKU0001,4279,344.42,Received,2025-05-02
PO0002518,2023-02-18,SUP043,SKU0062,3499,269.02,Approved,2023-03-18
PO0002519,2024-02-14,SUP038,SKU0087,394,507.99,In Transit,2024-03-09
PO0002520,2025-10-03,SUP001,SKU0059,2962,608.45,In Transit,2025-10-17
PO0002521,2025-01-23,SUP033,SKU0074,1444,437.8,Ordered,2025-02-09
PO0002522,2023-01-16,SUP041,SKU0047,2405,346.94,Received,2023-01-26
PO0002523,2025-11-12,SUP025,SKU0004,1409,523.86,In Transit,2025-12-19
PO0002524,2024-06-08,SUP022,SKU0069,1703,214.78,Received,2024-07-09
PO0002525,2025-03-15,SUP008,SKU0026,2437,219.21,Received,2025-04-11
PO0002526,2025-11-14,SUP050,SKU0093,3423,69.9,Approved,2025-12-03
PO0002527,2023-03-27,SUP025,SKU0062,974,279.28,Ordered,2023-05-03
PO0002528,2024-02-14,SUP049,SKU0003,4771,43.59,Received,2024-03-10
PO0002529,2024-03-14,SUP038,SKU0067,2585,201.88,Approved,2024-04-07
PO0002530,2024-04-15,SUP037,SKU0006,2167,324.12,Approved,2024-04-20
PO0002531,2024-09-26,SUP001,SKU0018,1872,550.26,Received,2024-10-10
PO0002532,2024-02-27,SUP032,SKU0110,3283,390.47,Received,2024-04-09
PO0002533,2025-03-11,SUP039,SKU0048,1453,28.0,Received,2025-03-31
PO0002534,2024-08-07,SUP043,SKU0097,2135,471.85,Approved,2024-09-04
PO0002535,2023-01-01,SUP002,SKU0051,509,326.52,Received,2023-02-12
PO0002536,2023-01-01,SUP020,SKU0094,3745,243.91,In Transit,2023-01-29
PO0002537,2023-11-23,SUP007,SKU0078,538,507.21,Delayed,2023-12-06
PO0002538,2024-01-26,SUP028,SKU0110,3154,342.31,Received,2024-02-19
PO0002539,2023-02-15,SUP020,SKU0093,386,80.21,Received,2023-03-15
PO0002540,2023-10-18,SUP017,SKU0073,3843,107.03,Ordered,2023-10-30
PO0002541,2023-09-04,SUP041,SKU0010,348,37.18,Received,2023-09-14
PO0002542,2023-12-24,SUP001,SKU0116,1022,127.7,Ordered,2024-01-07
PO0002543,2025-07-21,SUP038,SKU0072,4666,16.47,Approved,2025-08-14
PO0002544,2025-09-09,SUP005,SKU0033,1355,497.19,Received,2025-10-23
PO0002545,2025-02-11,SUP002,SKU0042,404,14.99,Received,2025-03-25
PO0002546,2025-04-24,SUP012,SKU0049,208,315.39,Approved,2025-05-16
PO0002547,2023-05-10,SUP050,SKU0031,2400,107.54,Delayed,2023-05-29
PO0002548,2025-09-08,SUP013,SKU0071,2289,130.99,Received,2025-10-19
PO0002549,2024-01-21,SUP016,SKU0098,3769,233.54,Delayed,2024-02-11
PO0002550,2023-04-01,SUP037,SKU0076,3666,232.67,Delayed,2023-04-06
PO0002551,2025-09-27,SUP015,SKU0088,487,268.51,Approved,2025-11-07
PO0002552,2025-01-22,SUP030,SKU0106,3970,491.59,Received,2025-02-14
PO0002553,2025-01-30,SUP047,SKU0115,4613,201.38,Received,2025-02-12
PO0002554,2024-12-11,SUP027,SKU0018,1525,524.51,Received,2024-12-20
PO0002555,2025-08-15,SUP023,SKU0070,2495,149.21,Delayed,2025-09-15
PO0002556,2025-10-09,SUP044,SKU0006,4542,337.25,Received,2025-10-19
PO0002557,2023-06-27,SUP039,SKU0057,2174,456.7,Received,2023-07-17
PO0002558,2025-01-04,SUP042,SKU0067,3922,205.62,In Transit,2025-02-11
PO0002559,2023-12-03,SUP003,SKU0051,2913,305.14,Delayed,2024-01-04
PO0002560,2023-10-25,SUP039,SKU0076,2898,231.81,Delayed,2023-11-14
PO0002561,2023-11-23,SUP037,SKU0004,1242,537.84,Ordered,2023-11-28
PO0002562,2025-03-22,SUP006,SKU0013,3532,289.54,In Transit,2025-04-07
PO0002563,2023-03-27,SUP034,SKU0067,950,210.79,Received,2023-04-16
PO0002564,2023-12-04,SUP048,SKU0069,1957,230.66,Received,2023-12-29
PO0002565,2025-09-28,SUP008,SKU0115,2766,209.01,Received,2025-10-25
PO0002566,2025-03-19,SUP034,SKU0080,3317,421.27,Received,2025-04-08
PO0002567,2025-04-15,SUP045,SKU0041,971,463.03,Delayed,2025-04-28
PO0002568,2025-07-18,SUP010,SKU0039,1642,54.03,In Transit,2025-08-09
PO0002569,2023-08-09,SUP032,SKU0110,1282,405.13,Delayed,2023-09-20
PO0002570,2024-09-19,SUP016,SKU0012,3426,27.88,Ordered,2024-10-10
PO0002571,2023-07-17,SUP013,SKU0003,292,37.6,Received,2023-08-27
PO0002572,2023-09-05,SUP014,SKU0113,1621,514.95,Delayed,2023-10-12
PO0002573,2023-05-27,SUP005,SKU0034,2176,398.25,Approved,2023-07-10
PO0002574,2025-05-14,SUP023,SKU0078,3401,469.97,In Transit,2025-06-14
PO0002575,2024-09-06,SUP022,SKU0079,3276,14.33,Received,2024-10-07
PO0002576,2025-05-27,SUP040,SKU0011,4930,282.73,Delayed,2025-06-04
PO0002577,2023-03-27,SUP044,SKU0036,4125,465.74,Received,2023-04-06
PO0002578,2024-10-16,SUP023,SKU0004,354,467.0,Received,2024-11-16
PO0002579,2025-02-24,SUP049,SKU0106,4515,513.53,Received,2025-03-21
PO0002580,2024-12-19,SUP044,SKU0030,4116,519.23,Received,2024-12-29
PO0002581,2023-03-21,SUP032,SKU0056,811,178.13,In Transit,2023-05-02
PO0002582,2023-07-08,SUP006,SKU0024,2110,438.71,Delayed,2023-07-24
PO0002583,2023-07-12,SUP030,SKU0067,3211,218.0,Ordered,2023-08-04
PO0002584,2025-08-19,SUP003,SKU0029,2744,285.08,Delayed,2025-09-20
PO0002585,2025-07-13,SUP014,SKU0009,3463,154.44,Delayed,2025-08-19
PO0002586,2023-09-20,SUP038,SKU0093,331,80.76,Received,2023-10-14
PO0002587,2023-05-22,SUP033,SKU0045,1584,355.21,Delayed,2023-06-08
PO0002588,2025-03-05,SUP035,SKU0016,499,206.27,Approved,2025-04-05
PO0002589,2025-11-24,SUP032,SKU0075,1524,594.63,Received,2026-01-05
PO0002590,2023-11-30,SUP003,SKU0088,2478,286.16,Received,2024-01-01
PO0002591,2023-08-13,SUP044,SKU0061,1368,481.98,Approved,2023-08-23
PO0002592,2024-02-12,SUP031,SKU0095,4083,182.27,Received,2024-03-27
PO0002593,2023-12-28,SUP050,SKU0111,3186,304.36,Ordered,2024-01-16
PO0002594,2024-04-02,SUP022,SKU0097,4880,551.0,Ordered,2024-05-03
PO0002595,2025-06-29,SUP045,SKU0086,1051,86.51,Ordered,2025-07-12
PO0002596,2023-09-28,SUP048,SKU0114,4710,265.1,Received,2023-10-23
PO0002597,2025-01-20,SUP045,SKU0072,3622,15.6,In Transit,2025-02-02
PO0002598,2025-01-24,SUP041,SKU0063,4552,371.26,Received,2025-02-03
PO0002599,2023-03-10,SUP018,SKU0076,3674,232.59,Received,2023-03-15
PO0002600,2023-05-18,SUP005,SKU0020,814,403.73,Delayed,2023-07-01
PO0002601,2025-01-02,SUP031,SKU0053,3387,505.71,Ordered,2025-02-15
PO0002602,2023-10-09,SUP008,SKU0051,297,284.15,In Transit,2023-11-05
PO0002603,2024-01-18,SUP043,SKU0106,1709,481.99,In Transit,2024-02-15
PO0002604,2025-02-03,SUP036,SKU0097,2254,513.1,Delayed,2025-03-02
PO0002605,2024-01-15,SUP038,SKU0029,3485,273.58,Approved,2024-02-08
PO0002606,2024-04-20,SUP013,SKU0078,1307,500.16,Delayed,2024-05-31
PO0002607,2025-03-11,SUP001,SKU0118,3146,362.57,Approved,2025-03-25
PO0002608,2023-08-19,SUP034,SKU0048,2278,26.27,Approved,2023-09-08
PO0002609,2024-09-13,SUP009,SKU0071,2717,156.94,Received,2024-10-04
PO0002610,2024-03-13,SUP013,SKU0014,3989,355.33,Ordered,2024-04-23
PO0002611,2023-07-22,SUP012,SKU0057,3277,428.57,Delayed,2023-08-13
PO0002612,2023-05-26,SUP010,SKU0084,1140,426.28,Ordered,2023-06-17
PO0002613,2023-05-20,SUP031,SKU0010,4305,37.93,Approved,2023-07-03
PO0002614,2023-12-04,SUP016,SKU0083,3487,411.39,Received,2023-12-25
PO0002615,2024-04-06,SUP017,SKU0061,3429,401.87,Received,2024-04-18
PO0002616,2023-03-29,SUP021,SKU0073,3332,89.24,Delayed,2023-04-14
PO0002617,2025-02-04,SUP026,SKU0108,3784,421.89,Ordered,2025-03-14
PO0002618,2023-09-18,SUP031,SKU0050,4274,581.74,Delayed,2023-11-01
PO0002619,2023-11-19,SUP016,SKU0036,4370,407.12,Approved,2023-12-10
PO0002620,2025-06-05,SUP039,SKU0086,353,92.45,In Transit,2025-06-25
PO0002621,2023-06-23,SUP046,SKU0073,1292,103.93,Approved,2023-08-03
PO0002622,2025-01-26,SUP018,SKU0062,3321,254.67,Delayed,2025-01-31
PO0002623,2024-11-30,SUP020,SKU0004,4485,501.32,Received,2024-12-28
PO0002624,2025-08-20,SUP033,SKU0114,4095,286.33,Delayed,2025-09-06
PO0002625,2023-10-09,SUP031,SKU0083,2861,353.7,Received,2023-11-22
PO0002626,2024-12-02,SUP035,SKU0071,4335,148.13,Approved,2025-01-02
PO0002627,2024-05-30,SUP041,SKU0011,2297,283.49,Received,2024-06-09
PO0002628,2025-11-17,SUP015,SKU0014,2664,387.34,Received,2025-12-28
PO0002629,2024-05-05,SUP037,SKU0032,1666,403.66,Received,2024-05-10
PO0002630,2024-01-28,SUP022,SKU0015,4340,386.69,Received,2024-02-28
PO0002631,2024-06-24,SUP039,SKU0024,3572,434.13,Ordered,2024-07-14
PO0002632,2023-10-13,SUP050,SKU0119,2516,417.29,Delayed,2023-11-01
PO0002633,2025-01-10,SUP046,SKU0076,4546,232.39,Ordered,2025-02-20
PO0002634,2025-08-05,SUP038,SKU0004,4360,458.91,Delayed,2025-08-29
PO0002635,2024-08-19,SUP041,SKU0052,2123,16.11,Delayed,2024-08-29
PO0002636,2024-11-21,SUP012,SKU0082,4171,96.36,Received,2024-12-13
PO0002637,2025-09-18,SUP046,SKU0048,2317,28.06,Received,2025-10-29
PO0002638,2024-11-30,SUP010,SKU0004,2186,501.39,Received,2024-12-22
PO0002639,2023-09-12,SUP025,SKU0065,4611,349.4,Approved,2023-10-19
PO0002640,2023-05-17,SUP013,SKU0030,2187,512.92,Received,2023-06-27
PO0002641,2024-07-21,SUP033,SKU0023,4748,377.74,Received,2024-08-07
PO0002642,2023-04-15,SUP028,SKU0017,4110,598.81,Received,2023-05-09
PO0002643,2025-06-14,SUP025,SKU0113,2665,446.5,Ordered,2025-07-21
PO0002644,2023-09-09,SUP024,SKU0011,546,236.9,Approved,2023-09-18
PO0002645,2024-07-22,SUP007,SKU0105,4593,393.89,Ordered,2024-08-04
PO0002646,2023-07-16,SUP048,SKU0071,3567,136.22,Delayed,2023-08-10
PO0002647,2023-05-03,SUP001,SKU0048,1012,24.99,In Transit,2023-05-17
PO0002648,2024-07-21,SUP019,SKU0004,3620,465.52,Ordered,2024-07-26
PO0002649,2024-06-30,SUP036,SKU0021,2996,532.8,Ordered,2024-07-27
PO0002650,2023-02-17,SUP036,SKU0112,4885,247.92,Ordered,2023-03-16
PO0002651,2023-12-18,SUP025,SKU0011,1764,263.02,Approved,2024-01-24
PO0002652,2023-11-25,SUP006,SKU0051,4779,319.41,Received,2023-12-11
PO0002653,2025-09-22,SUP008,SKU0105,883,371.28,Received,2025-10-19
PO0002654,2024-03-28,SUP016,SKU0045,3864,365.69,Ordered,2024-04-18
PO0002655,2024-03-27,SUP018,SKU0054,979,414.3,Delayed,2024-04-01
PO0002656,2024-09-23,SUP028,SKU0048,4848,27.69,Received,2024-10-17
PO0002657,2025-07-02,SUP014,SKU0021,2002,458.93,Approved,2025-08-08
PO0002658,2025-04-16,SUP046,SKU0017,3738,580.86,Delayed,2025-05-27
PO0002659,2025-02-26,SUP040,SKU0090,3214,241.2,Received,2025-03-06
PO0002660,2024-02-25,SUP044,SKU0067,4126,205.03,In Transit,2024-03-06
PO0002661,2024-12-02,SUP021,SKU0119,269,444.78,In Transit,2024-12-18
PO0002662,2025-03-05,SUP029,SKU0119,1783,433.57,Delayed,2025-04-08
PO0002663,2023-06-08,SUP039,SKU0034,3193,375.39,Received,2023-06-28
PO0002664,2024-02-29,SUP014,SKU0064,2674,88.28,Received,2024-04-06
PO0002665,2024-05-24,SUP046,SKU0077,2481,339.36,Received,2024-07-04
PO0002666,2025-08-19,SUP002,SKU0075,4714,522.18,Delayed,2025-09-30
PO0002667,2023-05-13,SUP029,SKU0020,279,414.42,Received,2023-06-16
PO0002668,2025-01-06,SUP025,SKU0064,267,90.79,Delayed,2025-02-12
PO0002669,2025-07-01,SUP028,SKU0058,832,171.53,Received,2025-07-25
PO0002670,2024-04-13,SUP018,SKU0044,3103,559.97,Received,2024-04-18
PO0002671,2025-09-07,SUP011,SKU0070,1480,151.5,In Transit,2025-09-13
PO0002672,2025-11-25,SUP039,SKU0011,4449,277.02,Approved,2025-12-15
PO0002673,2025-02-20,SUP024,SKU0021,493,524.81,Approved,2025-03-01
PO0002674,2023-11-22,SUP006,SKU0025,4628,10.43,Approved,2023-12-08
PO0002675,2025-12-11,SUP017,SKU0055,3811,153.13,Ordered,2025-12-23
PO0002676,2025-06-11,SUP018,SKU0027,1623,249.21,Received,2025-06-16
PO0002677,2023-12-08,SUP034,SKU0095,647,181.61,Approved,2023-12-28
PO0002678,2023-04-17,SUP037,SKU0032,1541,398.64,Received,2023-04-22
PO0002679,2025-05-16,SUP011,SKU0067,2035,187.61,Ordered,2025-05-22
PO0002680,2023-06-07,SUP005,SKU0006,931,327.71,Ordered,2023-07-21
PO0002681,2025-12-29,SUP008,SKU0094,3889,252.51,Received,2026-01-25
PO0002682,2024-01-02,SUP010,SKU0047,4471,395.46,Ordered,2024-01-24
PO0002683,2023-01-18,SUP021,SKU0035,1507,200.38,In Transit,2023-02-03
PO0002684,2023-02-12,SUP033,SKU0106,4232,525.72,Received,2023-03-01
PO0002685,2023-10-04,SUP011,SKU0029,496,294.52,Ordered,2023-10-10
PO0002686,2024-05-10,SUP039,SKU0081,3108,305.53,Received,2024-05-30
PO0002687,2025-08-05,SUP016,SKU0092,3826,138.23,Approved,2025-08-26
PO0002688,2024-05-23,SUP011,SKU0089,446,352.54,Received,2024-05-29
PO0002689,2023-10-06,SUP001,SKU0047,2452,361.14,Received,2023-10-20
PO0002690,2025-03-19,SUP036,SKU0036,4535,444.42,In Transit,2025-04-15
PO0002691,2025-08-13,SUP042,SKU0094,4357,242.54,In Transit,2025-09-20
PO0002692,2025-04-09,SUP049,SKU0020,2159,425.83,Received,2025-05-04
PO0002693,2023-12-08,SUP033,SKU0069,4193,205.84,Approved,2023-12-25
PO0002694,2024-02-28,SUP005,SKU0095,3110,205.02,Approved,2024-04-12
PO0002695,2025-04-24,SUP025,SKU0046,3179,88.79,Approved,2025-05-31
PO0002696,2024-10-06,SUP032,SKU0030,1727,496.14,Ordered,2024-11-17
PO0002697,2025-06-10,SUP050,SKU0090,1305,263.97,In Transit,2025-06-29
PO0002698,2023-10-14,SUP042,SKU0119,2573,435.65,Ordered,2023-11-21
PO0002699,2023-02-03,SUP015,SKU0118,3696,377.9,Received,2023-03-16
PO0002700,2025-08-13,SUP046,SKU0046,3910,90.12,Ordered,2025-09-23
PO0002701,2025-08-06,SUP009,SKU0078,3506,568.85,Ordered,2025-08-27
PO0002702,2023-10-26,SUP041,SKU0108,929,396.2,Approved,2023-11-05
PO0002703,2024-12-18,SUP030,SKU0006,3266,370.18,Received,2025-01-10
PO0002704,2023-06-09,SUP039,SKU0060,2508,373.07,In Transit,2023-06-29
PO0002705,2025-09-04,SUP003,SKU0039,4027,47.31,Received,2025-10-06
PO0002706,2024-02-01,SUP020,SKU0045,4251,333.94,Approved,2024-02-29
PO0002707,2023-10-26,SUP048,SKU0104,4700,525.88,Approved,2023-11-20
PO0002708,2025-11-09,SUP014,SKU0023,4368,373.96,Received,2025-12-16
PO0002709,2025-04-06,SUP022,SKU0053,3870,489.53,Received,2025-05-07
PO0002710,2024-08-06,SUP024,SKU0118,517,421.5,In Transit,2024-08-15
PO0002711,2023-09-10,SUP029,SKU0022,4093,378.02,In Transit,2023-10-14
PO0002712,2023-03-16,SUP043,SKU0053,4589,528.08,In Transit,2023-04-13
PO0002713,2025-11-02,SUP005,SKU0092,1356,160.63,Received,2025-12-16
PO0002714,2024-11-07,SUP043,SKU0043,3703,141.98,Delayed,2024-12-05
PO0002715,2024-07-01,SUP010,SKU0013,1264,283.15,Ordered,2024-07-23
PO0002716,2023-07-10,SUP040,SKU0034,3244,384.03,Ordered,2023-07-18
PO0002717,2023-03-27,SUP003,SKU0078,2581,470.13,Ordered,2023-04-28
PO0002718,2024-02-03,SUP027,SKU0115,4763,187.51,Ordered,2024-02-12
PO0002719,2025-05-24,SUP036,SKU0119,4754,423.08,Ordered,2025-06-20
PO0002720,2023-01-02,SUP005,SKU0069,1438,238.44,Received,2023-02-15
PO0002721,2025-09-15,SUP005,SKU0004,1894,487.87,Ordered,2025-10-29
PO0002722,2025-10-07,SUP008,SKU0029,755,306.39,Received,2025-11-03
PO0002723,2025-02-01,SUP031,SKU0054,2214,467.1,In Transit,2025-03-17
PO0002724,2024-11-08,SUP041,SKU0102,2774,473.28,Delayed,2024-11-18
PO0002725,2025-12-01,SUP044,SKU0095,2385,203.65,Ordered,2025-12-11
PO0002726,2024-04-08,SUP002,SKU0090,3654,265.75,Received,2024-05-20
PO0002727,2025-11-08,SUP020,SKU0098,4186,240.68,Received,2025-12-06
PO0002728,2023-04-16,SUP038,SKU0033,2560,559.0,Received,2023-05-10
PO0002729,2023-08-07,SUP010,SKU0092,4646,139.66,Ordered,2023-08-29
PO0002730,2024-05-24,SUP030,SKU0004,1355,532.82,Delayed,2024-06-16
PO0002731,2025-11-01,SUP024,SKU0099,3480,517.8,Received,2025-11-10
PO0002732,2024-11-09,SUP020,SKU0073,764,93.47,In Transit,2024-12-07
PO0002733,2025-09-12,SUP043,SKU0103,643,242.25,Approved,2025-10-10
PO0002734,2025-06-11,SUP026,SKU0076,3640,214.05,Received,2025-07-19
PO0002735,2023-03-04,SUP022,SKU0008,3134,426.62,Ordered,2023-04-04
PO0002736,2025-09-23,SUP032,SKU0038,3346,216.47,Received,2025-11-04
PO0002737,2025-05-30,SUP016,SKU0115,2446,189.49,Ordered,2025-06-20
PO0002738,2024-11-19,SUP011,SKU0050,4998,521.11,Received,2024-11-25
PO0002739,2023-06-19,SUP007,SKU0048,772,23.67,Delayed,2023-07-02
PO0002740,2023-01-18,SUP010,SKU0083,4526,379.7,Approved,2023-02-09
PO0002741,2023-11-08,SUP004,SKU0114,117,291.32,Approved,2023-11-18
PO0002742,2023-10-01,SUP019,SKU0030,3104,489.38,Delayed,2023-10-06
PO0002743,2025-01-01,SUP043,SKU0027,4785,241.75,Ordered,2025-01-29
PO0002744,2024-09-26,SUP022,SKU0021,918,452.8,In Transit,2024-10-27
PO0002745,2023-06-18,SUP003,SKU0067,101,221.01,Ordered,2023-07-20
PO0002746,2023-12-15,SUP026,SKU0064,4117,83.81,In Transit,2024-01-22
PO0002747,2024-08-19,SUP040,SKU0082,4409,90.36,In Transit,2024-08-27
PO0002748,2024-08-05,SUP009,SKU0035,632,188.82,Received,2024-08-26
PO0002749,2023-11-19,SUP042,SKU0117,4317,296.33,In Transit,2023-12-27
PO0002750,2024-04-03,SUP045,SKU0036,2424,385.39,Received,2024-04-16
PO0002751,2023-11-30,SUP045,SKU0096,3972,440.51,Received,2023-12-13
PO0002752,2025-11-08,SUP020,SKU0001,2505,337.09,Received,2025-12-06
PO0002753,2025-05-06,SUP016,SKU0102,2633,486.42,Ordered,2025-05-27
PO0002754,2024-05-07,SUP030,SKU0106,1318,507.04,Approved,2024-05-30
PO0002755,2023-06-12,SUP004,SKU0048,4914,27.77,Ordered,2023-06-22
PO0002756,2023-08-09,SUP029,SKU0076,1133,213.83,Approved,2023-09-12
PO0002757,2024-08-01,SUP050,SKU0109,2825,178.71,In Transit,2024-08-20
PO0002758,2024-05-04,SUP046,SKU0058,4045,171.46,Approved,2024-06-14
PO0002759,2024-09-11,SUP046,SKU0043,1818,146.44,Delayed,2024-10-22
PO0002760,2023-03-11,SUP024,SKU0062,1382,260.53,Received,2023-03-20
PO0002761,2023-05-16,SUP004,SKU0051,357,325.54,Received,2023-05-26
PO0002762,2025-03-08,SUP012,SKU0052,4176,17.0,Received,2025-03-30
PO0002763,2024-10-24,SUP029,SKU0110,1188,397.64,Delayed,2024-11-27
PO0002764,2025-05-14,SUP043,SKU0083,2678,420.5,In Transit,2025-06-11
PO0002765,2024-01-12,SUP001,SKU0058,1444,189.49,Received,2024-01-26
PO0002766,2023-07-10,SUP032,SKU0064,2840,84.55,Ordered,2023-08-21
PO0002767,2024-05-06,SUP033,SKU0058,4157,189.59,Ordered,2024-05-23
PO0002768,2024-01-05,SUP027,SKU0076,414,242.42,Delayed,2024-01-14
PO0002769,2025-01-08,SUP046,SKU0004,2909,520.46,Received,2025-02-18
PO0002770,2024-11-21,SUP001,SKU0031,956,102.85,In Transit,2024-12-05
PO0002771,2024-02-18,SUP014,SKU0100,1310,326.69,Delayed,2024-03-26
PO0002772,2025-10-31,SUP018,SKU0030,4448,462.16,In Transit,2025-11-05
PO0002773,2024-02-07,SUP028,SKU0100,422,334.96,Delayed,2024-03-02
PO0002774,2024-08-17,SUP035,SKU0013,3839,244.54,Received,2024-09-17
PO0002775,2023-02-06,SUP027,SKU0116,4927,142.76,Approved,2023-02-15
PO0002776,2025-08-29,SUP027,SKU0068,3897,465.91,In Transit,2025-09-07
PO0002777,2024-04-17,SUP021,SKU0117,4940,304.5,Received,2024-05-03
PO0002778,2024-09-06,SUP042,SKU0102,417,500.59,Delayed,2024-10-14
PO0002779,2024-06-04,SUP026,SKU0066,2273,407.52,Ordered,2024-07-12
PO0002780,2023-03-25,SUP015,SKU0083,3780,365.1,Approved,2023-05-05
PO0002781,2025-05-30,SUP004,SKU0120,723,253.63,Received,2025-06-09
PO0002782,2026-01-01,SUP035,SKU0072,3514,15.58,Delayed,2026-02-01
PO0002783,2024-09-19,SUP050,SKU0035,519,190.12,In Transit,2024-10-08
PO0002784,2024-03-13,SUP035,SKU0038,4624,203.67,Approved,2024-04-13
PO0002785,2024-04-25,SUP025,SKU0075,4693,575.2,Ordered,2024-06-01
PO0002786,2024-02-15,SUP001,SKU0038,3618,194.83,Delayed,2024-02-29
PO0002787,2024-05-17,SUP031,SKU0024,269,386.24,Delayed,2024-06-30
PO0002788,2024-06-12,SUP011,SKU0091,2494,202.59,Received,2024-06-18
PO0002789,2023-11-28,SUP028,SKU0008,1771,483.06,Received,2023-12-22
PO0002790,2023-07-19,SUP049,SKU0059,2465,562.56,In Transit,2023-08-13
PO0002791,2023-05-21,SUP005,SKU0109,1374,185.1,Approved,2023-07-04
PO0002792,2024-05-05,SUP005,SKU0070,2312,175.45,Approved,2024-06-18
PO0002793,2025-07-13,SUP022,SKU0096,1094,414.81,In Transit,2025-08-13
PO0002794,2025-08-10,SUP033,SKU0021,1100,496.93,In Transit,2025-08-27
PO0002795,2024-07-23,SUP006,SKU0073,3018,104.25,Received,2024-08-08
PO0002796,2023-12-28,SUP025,SKU0031,1650,104.15,Received,2024-02-03
PO0002797,2023-02-07,SUP040,SKU0051,807,334.74,Ordered,2023-02-15
PO0002798,2023-10-26,SUP022,SKU0101,1413,486.44,Delayed,2023-11-26
PO0002799,2025-12-31,SUP013,SKU0053,4021,554.59,Delayed,2026-02-10
PO0002800,2024-12-20,SUP002,SKU0054,2886,492.53,Received,2025-01-31
PO0002801,2023-08-01,SUP033,SKU0026,3396,208.62,Ordered,2023-08-18
PO0002802,2025-09-17,SUP050,SKU0051,4903,319.85,Approved,2025-10-06
PO0002803,2024-04-09,SUP043,SKU0030,4149,477.92,Received,2024-05-07
PO0002804,2025-03-04,SUP021,SKU0092,3121,138.93,Approved,2025-03-20
PO0002805,2023-03-16,SUP029,SKU0012,1640,26.14,Received,2023-04-19
PO0002806,2023-02-05,SUP043,SKU0082,3151,101.77,Received,2023-03-05
PO0002807,2023-01-16,SUP021,SKU0118,3896,364.57,Approved,2023-02-01
PO0002808,2025-12-02,SUP036,SKU0088,1054,285.7,Received,2025-12-29
PO0002809,2025-10-09,SUP036,SKU0115,4618,208.77,Received,2025-11-05
PO0002810,2023-09-03,SUP040,SKU0018,366,545.77,Delayed,2023-09-11
PO0002811,2024-10-11,SUP016,SKU0050,2656,543.77,Received,2024-11-01
PO0002812,2024-08-23,SUP003,SKU0081,973,274.28,Received,2024-09-24
PO0002813,2023-10-08,SUP045,SKU0090,2215,283.48,Ordered,2023-10-21
PO0002814,2024-07-28,SUP022,SKU0028,3475,194.39,In Transit,2024-08-28
PO0002815,2025-01-15,SUP005,SKU0095,4181,184.55,Received,2025-02-28
PO0002816,2025-04-13,SUP002,SKU0059,314,641.13,Received,2025-05-25
PO0002817,2024-01-14,SUP046,SKU0048,862,27.74,In Transit,2024-02-24
PO0002818,2023-07-25,SUP024,SKU0103,1028,211.03,Received,2023-08-03
PO0002819,2024-11-14,SUP021,SKU0092,1113,138.45,Ordered,2024-11-30
PO0002820,2023-06-11,SUP015,SKU0072,502,16.48,In Transit,2023-07-22
PO0002821,2023-06-13,SUP046,SKU0065,4596,346.3,Delayed,2023-07-24
PO0002822,2024-08-31,SUP036,SKU0034,2537,369.93,Received,2024-09-27
PO0002823,2023-03-25,SUP020,SKU0097,3542,473.42,Received,2023-04-22
PO0002824,2024-07-05,SUP048,SKU0060,526,356.33,Approved,2024-07-30
PO0002825,2023-01-09,SUP007,SKU0083,4007,349.97,Received,2023-01-22
PO0002826,2025-04-11,SUP035,SKU0111,975,319.12,In Transit,2025-05-12
PO0002827,2024-05-22,SUP006,SKU0063,2836,376.26,Delayed,2024-06-07
PO0002828,2023-08-01,SUP041,SKU0003,237,41.38,Delayed,2023-08-11
PO0002829,2023-09-17,SUP011,SKU0030,4275,447.79,Received,2023-09-23
PO0002830,2023-01-11,SUP044,SKU0109,4384,185.16,In Transit,2023-01-21
PO0002831,2024-01-20,SUP032,SKU0116,4585,131.92,Received,2024-03-02
PO0002832,2024-03-08,SUP040,SKU0049,3282,291.52,In Transit,2024-03-16
PO0002833,2024-08-22,SUP023,SKU0077,1215,308.31,In Transit,2024-09-22
PO0002834,2025-04-22,SUP038,SKU0072,2456,16.45,In Transit,2025-05-16
PO0002835,2023-09-13,SUP046,SKU0035,3542,180.93,In Transit,2023-10-24
PO0002836,2025-10-16,SUP001,SKU0033,1038,517.23,Ordered,2025-10-30
PO0002837,2024-06-02,SUP045,SKU0074,1150,453.84,Delayed,2024-06-15
PO0002838,2023-09-03,SUP043,SKU0098,2138,203.73,Approved,2023-10-01
PO0002839,2024-04-17,SUP016,SKU0036,481,444.84,Delayed,2024-05-08
PO0002840,2025-03-19,SUP009,SKU0035,1886,181.75,Approved,2025-04-09
PO0002841,2023-01-06,SUP042,SKU0040,1821,73.97,Delayed,2023-02-13
PO0002842,2023-01-29,SUP027,SKU0051,976,295.08,Received,2023-02-07
PO0002843,2023-10-23,SUP010,SKU0084,1109,427.15,Received,2023-11-14
PO0002844,2025-04-21,SUP025,SKU0078,4350,539.75,Received,2025-05-28
PO0002845,2024-02-17,SUP041,SKU0085,1295,555.44,Received,2024-02-27
PO0002846,2024-01-21,SUP043,SKU0102,2088,469.82,Received,2024-02-18
PO0002847,2025-06-14,SUP004,SKU0056,2165,161.24,Received,2025-06-24
PO0002848,2023-11-21,SUP004,SKU0035,588,199.7,In Transit,2023-12-01
PO0002849,2024-08-15,SUP014,SKU0075,3486,507.47,Received,2024-09-21
PO0002850,2023-10-16,SUP019,SKU0003,2388,38.94,Approved,2023-10-21
PO0002851,2025-08-27,SUP049,SKU0029,4438,270.59,Received,2025-09-21
PO0002852,2024-12-13,SUP020,SKU0071,1937,143.29,Delayed,2025-01-10
PO0002853,2024-07-18,SUP031,SKU0115,3299,190.55,Received,2024-08-31
PO0002854,2024-03-27,SUP029,SKU0026,1193,199.97,Ordered,2024-04-30
PO0002855,2025-09-22,SUP025,SKU0059,1893,641.74,In Transit,2025-10-29
PO0002856,2025-11-09,SUP042,SKU0066,1285,417.07,Delayed,2025-12-17
PO0002857,2025-01-29,SUP034,SKU0075,2187,571.25,Received,2025-02-18
PO0002858,2025-11-23,SUP020,SKU0086,3407,84.98,In Transit,2025-12-21
PO0002859,2023-08-08,SUP016,SKU0118,2416,377.84,Ordered,2023-08-29
PO0002860,2025-12-21,SUP012,SKU0003,4171,45.61,Approved,2026-01-12
PO0002861,2023-11-02,SUP002,SKU0095,2781,202.2,In Transit,2023-12-14
PO0002862,2025-05-09,SUP037,SKU0098,2895,197.97,Ordered,2025-05-14
PO0002863,2024-01-19,SUP007,SKU0100,2609,352.94,Received,2024-02-01
PO0002864,2024-05-29,SUP045,SKU0112,2327,261.79,Delayed,2024-06-11
PO0002865,2025-04-03,SUP043,SKU0088,4730,284.08,Approved,2025-05-01
PO0002866,2025-02-17,SUP031,SKU0059,1707,630.49,Received,2025-04-02
PO0002867,2023-04-04,SUP022,SKU0043,3023,134.92,Ordered,2023-05-05
PO0002868,2025-12-26,SUP022,SKU0059,4139,552.98,In Transit,2026-01-26
PO0002869,2023-02-03,SUP045,SKU0058,724,159.92,Ordered,2023-02-16
PO0002870,2024-04-18,SUP027,SKU0008,459,434.63,Received,2024-04-27
PO0002871,2025-12-31,SUP048,SKU0035,694,175.13,In Transit,2026-01-25
PO0002872,2025-06-22,SUP046,SKU0031,1211,97.45,Ordered,2025-08-02
PO0002873,2024-03-23,SUP024,SKU0112,893,233.5,Approved,2024-04-01
PO0002874,2025-04-17,SUP008,SKU0092,2397,152.06,Received,2025-05-14
PO0002875,2024-03-04,SUP006,SKU0074,2891,484.86,In Transit,2024-03-20
PO0002876,2023-09-01,SUP006,SKU0107,2150,587.57,In Transit,2023-09-17
PO0002877,2024-05-08,SUP003,SKU0039,3999,53.75,In Transit,2024-06-09
PO0002878,2023-12-09,SUP043,SKU0092,152,160.43,Received,2024-01-06
PO0002879,2024-03-19,SUP027,SKU0021,2809,458.91,In Transit,2024-03-28
PO0002880,2024-04-14,SUP037,SKU0113,2374,434.96,Delayed,2024-04-19
PO0002881,2024-12-15,SUP023,SKU0074,3805,452.02,Ordered,2025-01-15
PO0002882,2023-02-25,SUP048,SKU0093,898,81.43,In Transit,2023-03-22
PO0002883,2023-02-13,SUP043,SKU0050,2354,506.58,Ordered,2023-03-13
PO0002884,2024-04-24,SUP048,SKU0063,470,421.72,Ordered,2024-05-19
PO0002885,2024-03-04,SUP013,SKU0026,1186,212.27,Approved,2024-04-14
PO0002886,2025-07-09,SUP015,SKU0038,1201,192.78,Delayed,2025-08-19
PO0002887,2024-02-23,SUP024,SKU0040,2554,75.64,Received,2024-03-03
PO0002888,2023-11-12,SUP045,SKU0051,618,325.08,Ordered,2023-11-25
PO0002889,2025-08-28,SUP025,SKU0048,162,24.13,Approved,2025-10-04
PO0002890,2025-12-27,SUP012,SKU0098,3543,202.67,Ordered,2026-01-18
PO0002891,2024-03-09,SUP005,SKU0028,1359,174.31,Received,2024-04-22
PO0002892,2024-04-14,SUP045,SKU0090,1461,254.17,In Transit,2024-04-27
PO0002893,2025-12-23,SUP038,SKU0075,4897,603.67,Received,2026-01-16
PO0002894,2023-11-19,SUP039,SKU0039,4465,53.45,Ordered,2023-12-09
PO0002895,2025-07-08,SUP028,SKU0038,1510,217.43,Received,2025-08-01
PO0002896,2024-07-25,SUP021,SKU0105,2231,399.44,Delayed,2024-08-10
PO0002897,2023-02-11,SUP013,SKU0040,3424,67.99,In Transit,2023-03-24
PO0002898,2025-08-10,SUP006,SKU0042,4862,13.85,Delayed,2025-08-26
PO0002899,2023-09-17,SUP004,SKU0041,1982,513.11,In Transit,2023-09-27
PO0002900,2023-08-20,SUP036,SKU0042,4026,14.68,Delayed,2023-09-16
PO0002901,2023-10-04,SUP004,SKU0070,4343,150.24,Ordered,2023-10-14
PO0002902,2023-09-16,SUP016,SKU0002,515,180.71,In Transit,2023-10-07
PO0002903,2023-06-01,SUP016,SKU0106,4515,492.33,Received,2023-06-22
PO0002904,2025-12-11,SUP035,SKU0083,866,366.69,Received,2026-01-11
PO0002905,2023-10-06,SUP012,SKU0029,460,292.07,Ordered,2023-10-28
PO0002906,2023-10-14,SUP015,SKU0049,832,311.74,In Transit,2023-11-24
PO0002907,2025-06-24,SUP005,SKU0047,3558,380.08,In Transit,2025-08-07
PO0002908,2023-06-14,SUP048,SKU0028,2736,175.93,Delayed,2023-07-09
PO0002909,2024-07-19,SUP022,SKU0115,345,181.1,Approved,2024-08-19
PO0002910,2023-02-25,SUP050,SKU0082,298,106.0,Delayed,2023-03-16
PO0002911,2023-03-04,SUP006,SKU0030,2741,440.83,Delayed,2023-03-20
PO0002912,2023-06-16,SUP006,SKU0017,1659,585.35,Approved,2023-07-02
PO0002913,2025-06-18,SUP035,SKU0057,3143,386.52,Delayed,2025-07-19
PO0002914,2023-02-22,SUP047,SKU0079,1326,16.14,Received,2023-03-07
PO0002915,2025-02-15,SUP044,SKU0047,1043,385.45,In Transit,2025-02-25
PO0002916,2024-08-16,SUP049,SKU0061,2493,419.6,Approved,2024-09-10
PO0002917,2023-10-30,SUP039,SKU0095,4821,193.44,Received,2023-11-19
PO0002918,2025-10-02,SUP034,SKU0088,727,260.89,Received,2025-10-22
PO0002919,2025-10-23,SUP040,SKU0104,447,530.78,Received,2025-10-31
PO0002920,2023-03-24,SUP033,SKU0039,3660,51.45,Approved,2023-04-10
PO0002921,2023-04-11,SUP001,SKU0084,2240,428.5,Received,2023-04-25
PO0002922,2024-12-08,SUP041,SKU0076,2897,211.04,Delayed,2024-12-18
PO0002923,2025-11-22,SUP018,SKU0026,4442,205.85,Received,2025-11-27
PO0002924,2023-09-09,SUP016,SKU0072,3483,16.04,Received,2023-09-30
PO0002925,2025-11-13,SUP015,SKU0065,2734,310.26,Approved,2025-12-24
PO0002926,2025-01-19,SUP020,SKU0036,1494,449.43,Received,2025-02-16
PO0002927,2023-03-27,SUP036,SKU0102,422,482.54,Approved,2023-04-23
PO0002928,2025-04-12,SUP014,SKU0037,2069,353.8,In Transit,2025-05-19
PO0002929,2025-07-31,SUP040,SKU0006,3008,363.27,Approved,2025-08-08
PO0002930,2025-12-12,SUP012,SKU0118,1130,362.92,Received,2026-01-03
PO0002931,2023-04-07,SUP008,SKU0101,3308,460.36,In Transit,2023-05-04
PO0002932,2023-09-12,SUP036,SKU0018,4435,540.85,Received,2023-10-09
PO0002933,2024-06-13,SUP042,SKU0067,1553,209.63,Received,2024-07-21
PO0002934,2025-10-17,SUP016,SKU0036,4324,399.15,Delayed,2025-11-07
PO0002935,2024-01-20,SUP034,SKU0116,625,136.43,Ordered,2024-02-09
PO0002936,2023-11-14,SUP044,SKU0040,636,65.81,Received,2023-11-24
PO0002937,2024-08-27,SUP047,SKU0038,1499,213.63,Delayed,2024-09-09
PO0002938,2024-09-21,SUP027,SKU0099,2537,460.13,Ordered,2024-09-30
PO0002939,2025-05-09,SUP049,SKU0086,1169,91.52,Delayed,2025-06-03
PO0002940,2025-12-18,SUP028,SKU0037,1852,331.74,Received,2026-01-11
PO0002941,2023-06-18,SUP030,SKU0037,434,383.47,Received,2023-07-11
PO0002942,2025-03-09,SUP011,SKU0115,3005,217.57,Received,2025-03-15
PO0002943,2024-08-18,SUP003,SKU0055,1628,161.5,Ordered,2024-09-19
PO0002944,2025-01-25,SUP022,SKU0059,4552,606.27,Received,2025-02-25
PO0002945,2024-01-28,SUP047,SKU0011,290,269.64,Received,2024-02-10
PO0002946,2025-02-11,SUP020,SKU0051,3468,322.55,Received,2025-03-11
PO0002947,2025-11-16,SUP037,SKU0017,4444,588.22,Approved,2025-11-21
PO0002948,2024-04-07,SUP047,SKU0056,992,174.32,In Transit,2024-04-20
PO0002949,2025-10-22,SUP034,SKU0071,1561,154.33,Received,2025-11-11
PO0002950,2024-11-10,SUP047,SKU0077,1199,312.15,Delayed,2024-11-23
PO0002951,2023-05-07,SUP044,SKU0120,2884,217.05,Delayed,2023-05-17
PO0002952,2023-04-28,SUP019,SKU0045,2056,336.71,Ordered,2023-05-03
PO0002953,2024-03-03,SUP049,SKU0086,3008,88.25,In Transit,2024-03-28
PO0002954,2024-06-11,SUP038,SKU0011,2681,280.85,Approved,2024-07-05
PO0002955,2025-03-19,SUP047,SKU0004,1917,521.1,Approved,2025-04-01
PO0002956,2023-07-04,SUP007,SKU0019,3825,476.04,Delayed,2023-07-17
PO0002957,2023-09-11,SUP035,SKU0050,495,551.26,Ordered,2023-10-12
PO0002958,2024-05-08,SUP038,SKU0097,848,528.87,Ordered,2024-06-01
PO0002959,2025-10-05,SUP014,SKU0004,1203,481.65,Received,2025-11-11
PO0002960,2024-04-07,SUP003,SKU0048,3431,27.66,Delayed,2024-05-09
PO0002961,2023-06-07,SUP006,SKU0044,4236,517.04,Received,2023-06-23
PO0002962,2025-03-08,SUP007,SKU0042,3882,16.38,Received,2025-03-21
PO0002963,2025-12-10,SUP001,SKU0100,187,365.83,Ordered,2025-12-24
PO0002964,2023-02-24,SUP002,SKU0003,4901,38.36,Received,2023-04-07
PO0002965,2023-08-18,SUP036,SKU0014,1147,380.98,In Transit,2023-09-14
PO0002966,2023-01-27,SUP016,SKU0040,3190,68.53,Delayed,2023-02-17
PO0002967,2025-10-15,SUP017,SKU0054,2423,489.73,In Transit,2025-10-27
PO0002968,2023-09-03,SUP047,SKU0035,3503,206.1,In Transit,2023-09-16
PO0002969,2024-03-13,SUP026,SKU0039,3113,52.93,Received,2024-04-20
PO0002970,2023-10-02,SUP004,SKU0005,724,398.34,Approved,2023-10-12
PO0002971,2023-09-10,SUP034,SKU0103,4810,219.83,In Transit,2023-09-30
PO0002972,2024-08-21,SUP015,SKU0027,1995,258.06,Received,2024-10-01
PO0002973,2024-12-03,SUP002,SKU0090,4905,247.4,Received,2025-01-14
PO0002974,2024-02-03,SUP011,SKU0116,1391,151.52,In Transit,2024-02-09
PO0002975,2025-11-01,SUP010,SKU0101,702,459.13,Received,2025-11-23
PO0002976,2024-11-17,SUP022,SKU0105,3526,358.02,Received,2024-12-18
PO0002977,2023-03-16,SUP045,SKU0078,2508,482.41,In Transit,2023-03-29
PO0002978,2025-04-14,SUP048,SKU0093,451,79.19,Delayed,2025-05-09
PO0002979,2023-02-13,SUP050,SKU0082,2864,93.64,Received,2023-03-04
PO0002980,2025-05-27,SUP028,SKU0056,479,179.72,Approved,2025-06-20
PO0002981,2023-08-27,SUP048,SKU0105,1155,385.38,Approved,2023-09-21
PO0002982,2023-03-28,SUP013,SKU0023,553,385.4,Ordered,2023-05-08
PO0002983,2025-01-09,SUP025,SKU0079,3359,15.83,Approved,2025-02-15
PO0002984,2023-02-25,SUP025,SKU0015,1361,387.34,Approved,2023-04-03
PO0002985,2024-10-18,SUP048,SKU0082,1843,90.92,Ordered,2024-11-12
PO0002986,2024-03-23,SUP017,SKU0072,2889,16.75,Received,2024-04-04
PO0002987,2025-11-08,SUP036,SKU0111,1602,330.64,Approved,2025-12-05
PO0002988,2025-09-21,SUP041,SKU0044,4075,509.56,In Transit,2025-10-01
PO0002989,2023-10-20,SUP040,SKU0037,1827,395.14,Received,2023-10-28
PO0002990,2024-08-17,SUP048,SKU0114,430,270.5,Received,2024-09-11
PO0002991,2023-01-11,SUP034,SKU0088,3765,296.21,Received,2023-01-31
PO0002992,2024-09-03,SUP016,SKU0015,4006,400.64,In Transit,2024-09-24
PO0002993,2025-12-18,SUP009,SKU0093,3437,67.55,Ordered,2026-01-08
PO0002994,2025-02-05,SUP040,SKU0120,1116,217.81,Delayed,2025-02-13
PO0002995,2025-01-28,SUP029,SKU0033,247,538.33,Approved,2025-03-03
PO0002996,2025-11-05,SUP024,SKU0085,4724,599.58,Approved,2025-11-14
PO0002997,2024-08-15,SUP019,SKU0060,4802,359.78,Approved,2024-08-20
PO0002998,2025-07-16,SUP017,SKU0007,4875,347.3,Received,2025-07-28
PO0002999,2025-05-11,SUP050,SKU0105,4791,415.23,Delayed,2025-05-30
PO0003000,2024-08-30,SUP036,SKU0099,3837,453.32,In Transit,2024-09-26
PO0003001,2024-08-28,SUP010,SKU0038,4484,224.77,In Transit,2024-09-19
PO0003002,2025-02-25,SUP041,SKU0120,4759,227.13,Received,2025-03-07
PO0003003,2023-07-30,SUP019,SKU0066,274,477.01,Received,2023-08-04
PO0003004,2024-02-03,SUP012,SKU0018,1659,475.79,Ordered,2024-02-25
PO0003005,2024-08-25,SUP050,SKU0031,1257,108.91,Received,2024-09-13
PO0003006,2025-04-07,SUP037,SKU0118,4686,434.17,Approved,2025-04-12
PO0003007,2025-04-15,SUP040,SKU0083,288,422.96,Received,2025-04-23
PO0003008,2023-11-14,SUP026,SKU0114,1064,290.5,Received,2023-12-22
PO0003009,2023-03-04,SUP042,SKU0046,3720,86.47,Ordered,2023-04-11
PO0003010,2024-09-25,SUP036,SKU0118,1968,399.14,Ordered,2024-10-22
PO0003011,2024-10-29,SUP043,SKU0036,3063,437.95,In Transit,2024-11-26
PO0003012,2023-10-11,SUP043,SKU0120,4696,251.46,Received,2023-11-08
PO0003013,2023-01-07,SUP023,SKU0074,3438,481.61,Approved,2023-02-07
PO0003014,2023-10-19,SUP045,SKU0096,4738,423.9,Received,2023-11-01
PO0003015,2023-03-03,SUP036,SKU0081,1306,295.43,Received,2023-03-30
PO0003016,2023-10-28,SUP028,SKU0100,2279,310.53,In Transit,2023-11-21
PO0003017,2025-02-22,SUP037,SKU0116,3199,134.9,Delayed,2025-02-27
PO0003018,2023-05-30,SUP014,SKU0073,222,99.77,Received,2023-07-06
PO0003019,2023-07-21,SUP044,SKU0105,1293,411.98,In Transit,2023-07-31
PO0003020,2024-10-04,SUP037,SKU0062,2859,291.94,Approved,2024-10-09
PO0003021,2024-05-30,SUP013,SKU0088,2287,274.81,Ordered,2024-07-10
PO0003022,2024-05-07,SUP038,SKU0111,2645,358.34,Received,2024-05-31
PO0003023,2023-03-25,SUP002,SKU0107,1445,552.84,Ordered,2023-05-06
PO0003024,2023-01-03,SUP001,SKU0028,4309,174.99,Received,2023-01-17
PO0003025,2025-03-08,SUP005,SKU0008,551,426.49,Received,2025-04-21
PO0003026,2025-10-28,SUP013,SKU0119,714,407.61,Ordered,2025-12-08
PO0003027,2024-11-16,SUP002,SKU0079,492,16.01,Received,2024-12-28
PO0003028,2025-12-16,SUP004,SKU0014,2387,326.91,Delayed,2025-12-26
PO0003029,2023-05-30,SUP048,SKU0037,2732,328.16,Received,2023-06-24
PO0003030,2023-12-29,SUP041,SKU0044,4374,485.91,In Transit,2024-01-08
PO0003031,2025-06-26,SUP042,SKU0058,3468,178.12,Approved,2025-08-03
PO0003032,2025-01-24,SUP015,SKU0003,2392,39.72,Received,2025-03-06
PO0003033,2025-06-21,SUP029,SKU0053,2406,493.95,Approved,2025-07-25
PO0003034,2025-07-08,SUP009,SKU0075,3403,579.29,Received,2025-07-29
PO0003035,2023-09-24,SUP039,SKU0031,1223,100.0,In Transit,2023-10-14
PO0003036,2023-07-08,SUP048,SKU0100,4131,353.22,Received,2023-08-02
PO0003037,2025-02-26,SUP004,SKU0023,1418,388.86,In Transit,2025-03-08
PO0003038,2023-05-17,SUP050,SKU0102,2258,425.83,In Transit,2023-06-05
PO0003039,2025-12-28,SUP017,SKU0020,650,463.71,Ordered,2026-01-09
PO0003040,2024-02-20,SUP030,SKU0113,2001,443.57,Ordered,2024-03-14
PO0003041,2024-10-05,SUP023,SKU0056,1502,168.38,Received,2024-11-05
PO0003042,2023-08-11,SUP030,SKU0034,4562,436.41,Received,2023-09-03
PO0003043,2023-01-22,SUP014,SKU0113,1445,500.49,Approved,2023-02-28
PO0003044,2023-12-01,SUP001,SKU0048,3211,23.83,Received,2023-12-15
PO0003045,2024-05-02,SUP033,SKU0011,2703,241.66,Received,2024-05-19
PO0003046,2024-12-07,SUP025,SKU0065,1093,298.84,Received,2025-01-13
PO0003047,2023-06-02,SUP043,SKU0057,4566,406.83,Received,2023-06-30
PO0003048,2023-04-11,SUP047,SKU0104,1481,591.47,Received,2023-04-24
PO0003049,2023-04-08,SUP010,SKU0098,3340,210.83,Approved,2023-04-30
PO0003050,2023-07-13,SUP028,SKU0034,2356,384.75,Approved,2023-08-06
PO0003051,2024-04-29,SUP029,SKU0073,1778,102.14,Approved,2024-06-02
PO0003052,2025-03-26,SUP031,SKU0044,4476,476.85,Ordered,2025-05-09
PO0003053,2025-08-06,SUP048,SKU0071,4193,149.6,Ordered,2025-08-31
PO0003054,2024-01-18,SUP005,SKU0042,214,16.0,Delayed,2024-03-02
PO0003055,2023-07-08,SUP032,SKU0032,4925,419.29,Ordered,2023-08-19
PO0003056,2023-07-29,SUP041,SKU0013,1684,256.19,Received,2023-08-08
PO0003057,2023-12-18,SUP037,SKU0014,4573,345.47,Received,2023-12-23
PO0003058,2025-06-15,SUP015,SKU0086,3589,100.89,Ordered,2025-07-26
PO0003059,2024-05-12,SUP008,SKU0031,4321,96.55,Delayed,2024-06-08
PO0003060,2024-10-14,SUP027,SKU0017,338,568.63,In Transit,2024-10-23
PO0003061,2025-07-09,SUP048,SKU0028,287,177.07,Delayed,2025-08-03
PO0003062,2025-05-27,SUP026,SKU0068,1074,426.27,Delayed,2025-07-04
PO0003063,2023-05-06,SUP026,SKU0053,4167,478.32,Received,2023-06-13
PO0003064,2025-11-27,SUP050,SKU0077,1300,336.95,Approved,2025-12-16
PO0003065,2025-01-17,SUP049,SKU0036,118,414.65,Ordered,2025-02-11
PO0003066,2023-06-22,SUP043,SKU0105,1500,366.13,Delayed,2023-07-20
PO0003067,2024-12-16,SUP021,SKU0071,1404,132.78,Received,2025-01-01
PO0003068,2025-01-19,SUP001,SKU0043,2844,136.76,Received,2025-02-02
PO0003069,2023-08-03,SUP044,SKU0105,2270,383.69,Ordered,2023-08-13
PO0003070,2023-05-30,SUP034,SKU0009,1527,153.69,In Transit,2023-06-19
PO0003071,2023-10-12,SUP021,SKU0066,4751,443.14,Received,2023-10-28
PO0003072,2023-03-22,SUP036,SKU0057,4938,426.98,Delayed,2023-04-18
PO0003073,2024-07-03,SUP016,SKU0031,3622,105.76,In Transit,2024-07-24
PO0003074,2024-08-14,SUP035,SKU0075,232,600.22,Ordered,2024-09-14
PO0003075,2023-03-19,SUP022,SKU0049,377,338.66,Delayed,2023-04-19
PO0003076,2024-04-15,SUP043,SKU0041,4542,483.34,Delayed,2024-05-13
PO0003077,2024-05-28,SUP033,SKU0071,2490,149.06,Received,2024-06-14
PO0003078,2024-11-22,SUP048,SKU0017,4295,593.9,Approved,2024-12-17
PO0003079,2023-06-22,SUP019,SKU0065,2940,315.5,In Transit,2023-06-27
PO0003080,2025-11-05,SUP030,SKU0120,393,248.51,Received,2025-11-28
PO0003081,2023-07-07,SUP023,SKU0107,1566,525.84,In Transit,2023-08-07
PO0003082,2025-04-02,SUP029,SKU0066,3298,450.34,In Transit,2025-05-06
PO0003083,2024-01-18,SUP002,SKU0019,3802,452.24,Approved,2024-02-29
PO0003084,2023-05-11,SUP047,SKU0043,3879,135.56,In Transit,2023-05-24
PO0003085,2025-10-05,SUP025,SKU0064,4539,84.58,In Transit,2025-11-11
PO0003086,2025-06-12,SUP033,SKU0028,4173,185.07,Ordered,2025-06-29
PO0003087,2023-09-23,SUP021,SKU0002,4328,183.18,Received,2023-10-09
PO0003088,2023-03-20,SUP042,SKU0025,4459,11.04,In Transit,2023-04-27
PO0003089,2023-01-02,SUP026,SKU0081,1625,312.06,Ordered,2023-02-09
PO0003090,2025-01-25,SUP004,SKU0118,2306,428.0,Delayed,2025-02-04
PO0003091,2025-01-08,SUP049,SKU0056,3296,174.77,In Transit,2025-02-02
PO0003092,2024-11-10,SUP044,SKU0022,3840,388.42,Approved,2024-11-20
PO0003093,2023-09-13,SUP011,SKU0044,2390,558.75,Ordered,2023-09-19
PO0003094,2024-12-02,SUP024,SKU0005,2298,393.37,In Transit,2024-12-11
PO0003095,2025-03-16,SUP030,SKU0074,4962,437.52,Ordered,2025-04-08
PO0003096,2024-12-23,SUP040,SKU0092,2509,138.54,Ordered,2024-12-31
PO0003097,2023-09-30,SUP044,SKU0120,4463,250.62,Received,2023-10-10
PO0003098,2025-03-12,SUP015,SKU0120,1693,241.38,In Transit,2025-04-22
PO0003099,2023-07-31,SUP022,SKU0062,3416,248.47,Approved,2023-08-31
PO0003100,2024-11-02,SUP012,SKU0026,4466,232.93,Delayed,2024-11-24
PO0003101,2025-09-16,SUP012,SKU0067,2912,203.05,In Transit,2025-10-08
PO0003102,2023-12-18,SUP026,SKU0055,4926,155.52,Delayed,2024-01-25
PO0003103,2024-03-31,SUP022,SKU0027,4439,269.18,Delayed,2024-05-01
PO0003104,2025-01-27,SUP007,SKU0115,1931,214.15,In Transit,2025-02-09
PO0003105,2023-08-06,SUP036,SKU0063,3304,392.45,Approved,2023-09-02
PO0003106,2025-09-29,SUP034,SKU0014,2253,389.45,In Transit,2025-10-19
PO0003107,2024-10-26,SUP002,SKU0049,2725,326.52,Delayed,2024-12-07
PO0003108,2024-08-11,SUP017,SKU0082,1936,89.1,Received,2024-08-23
PO0003109,2023-09-03,SUP044,SKU0014,4296,380.03,Approved,2023-09-13
PO0003110,2023-08-20,SUP031,SKU0085,4066,550.49,Ordered,2023-10-03
PO0003111,2025-12-04,SUP046,SKU0096,2832,421.57,Received,2026-01-14
PO0003112,2023-03-19,SUP006,SKU0119,3083,419.08,Received,2023-04-04
PO0003113,2023-06-30,SUP021,SKU0097,2505,510.61,Received,2023-07-16
PO0003114,2024-11-02,SUP013,SKU0091,978,184.76,Ordered,2024-12-13
PO0003115,2025-01-19,SUP040,SKU0040,1856,75.39,Received,2025-01-27
PO0003116,2025-12-10,SUP007,SKU0047,2050,385.75,Received,2025-12-23
PO0003117,2024-10-11,SUP003,SKU0098,231,240.11,Received,2024-11-12
PO0003118,2023-11-03,SUP045,SKU0018,993,493.88,Approved,2023-11-16
PO0003119,2023-03-14,SUP050,SKU0117,2998,301.57,Received,2023-04-02
PO0003120,2025-12-19,SUP008,SKU0083,4947,387.04,In Transit,2026-01-15
PO0003121,2023-05-04,SUP039,SKU0025,1178,12.05,Approved,2023-05-24
PO0003122,2024-07-10,SUP024,SKU0044,1163,489.96,In Transit,2024-07-19
PO0003123,2025-12-14,SUP036,SKU0050,2953,529.21,Ordered,2026-01-10
PO0003124,2024-11-08,SUP036,SKU0110,3607,367.74,Received,2024-12-05
PO0003125,2025-11-03,SUP027,SKU0118,3784,400.64,Received,2025-11-12
PO0003126,2024-09-03,SUP011,SKU0099,1232,493.13,Received,2024-09-09
PO0003127,2025-11-10,SUP022,SKU0085,2390,594.92,Received,2025-12-11
PO0003128,2025-05-14,SUP024,SKU0032,2699,440.21,In Transit,2025-05-23
PO0003129,2024-08-12,SUP012,SKU0089,4212,357.31,In Transit,2024-09-03
PO0003130,2023-09-01,SUP006,SKU0087,3607,591.76,Approved,2023-09-17
PO0003131,2023-10-06,SUP001,SKU0115,422,181.49,Received,2023-10-20
PO0003132,2025-02-01,SUP041,SKU0022,1980,389.74,Ordered,2025-02-11
PO0003133,2023-05-29,SUP016,SKU0006,1174,353.38,Approved,2023-06-19
PO0003134,2024-10-29,SUP021,SKU0106,667,458.82,Received,2024-11-14
PO0003135,2024-11-27,SUP031,SKU0031,376,103.66,Delayed,2025-01-10
PO0003136,2025-05-21,SUP036,SKU0042,1592,15.55,Received,2025-06-17
PO0003137,2024-09-13,SUP019,SKU0108,4358,415.15,Received,2024-09-18
PO0003138,2025-03-01,SUP038,SKU0111,4119,311.07,Delayed,2025-03-25
PO0003139,2024-03-30,SUP028,SKU0037,3778,389.01,Received,2024-04-23
PO0003140,2024-08-22,SUP042,SKU0058,3485,161.54,Approved,2024-09-29
PO0003141,2023-09-23,SUP024,SKU0116,4321,152.72,Delayed,2023-10-02
PO0003142,2023-12-10,SUP024,SKU0054,2458,433.25,Approved,2023-12-19
PO0003143,2025-12-12,SUP014,SKU0008,1516,481.06,Approved,2026-01-18
PO0003144,2023-10-01,SUP013,SKU0115,615,184.82,In Transit,2023-11-11
PO0003145,2023-10-21,SUP042,SKU0107,158,569.33,In Transit,2023-11-28
PO0003146,2023-07-09,SUP004,SKU0092,3189,154.88,Approved,2023-07-19
PO0003147,2025-11-30,SUP016,SKU0012,3502,27.64,Ordered,2025-12-21
PO0003148,2024-02-22,SUP046,SKU0115,4628,198.28,Approved,2024-04-03
PO0003149,2025-12-26,SUP011,SKU0030,3963,463.42,Delayed,2026-01-01
PO0003150,2023-06-28,SUP043,SKU0052,3835,16.01,Ordered,2023-07-26
PO0003151,2024-12-17,SUP031,SKU0041,3903,472.34,Delayed,2025-01-30
PO0003152,2025-01-13,SUP036,SKU0031,2276,102.88,Received,2025-02-09
PO0003153,2023-11-13,SUP037,SKU0052,367,16.52,In Transit,2023-11-18
PO0003154,2023-07-04,SUP033,SKU0074,3815,436.48,Delayed,2023-07-21
PO0003155,2024-05-08,SUP047,SKU0022,937,374.88,In Transit,2024-05-21
PO0003156,2024-01-08,SUP046,SKU0006,3700,375.21,Delayed,2024-02-18
PO0003157,2025-08-18,SUP012,SKU0061,618,436.9,Ordered,2025-09-09
PO0003158,2024-02-11,SUP029,SKU0049,1879,337.07,Delayed,2024-03-16
PO0003159,2024-01-17,SUP002,SKU0008,2769,432.49,Ordered,2024-02-28
PO0003160,2024-03-14,SUP048,SKU0076,3474,247.51,Approved,2024-04-08
PO0003161,2025-05-24,SUP021,SKU0049,4893,284.24,Received,2025-06-09
PO0003162,2024-04-28,SUP036,SKU0034,4610,373.42,Ordered,2024-05-25
PO0003163,2024-10-27,SUP042,SKU0106,3079,506.97,Ordered,2024-12-04
PO0003164,2024-02-21,SUP021,SKU0031,4654,112.29,Received,2024-03-08
PO0003165,2025-05-05,SUP008,SKU0062,4106,278.32,Received,2025-06-01
PO0003166,2025-10-06,SUP015,SKU0025,1423,12.17,Received,2025-11-16
PO0003167,2024-05-21,SUP002,SKU0029,4777,286.43,Received,2024-07-02
PO0003168,2025-10-17,SUP040,SKU0008,1054,432.37,Received,2025-10-25
PO0003169,2025-06-17,SUP001,SKU0084,1630,403.46,Received,2025-07-01
PO0003170,2023-05-24,SUP011,SKU0078,554,503.36,Delayed,2023-05-30
PO0003171,2025-08-17,SUP049,SKU0074,4417,483.7,Delayed,2025-09-11
PO0003172,2023-08-19,SUP014,SKU0016,4116,226.0,Received,2023-09-25
PO0003173,2023-10-11,SUP038,SKU0031,4673,112.41,In Transit,2023-11-04
PO0003174,2024-05-12,SUP009,SKU0054,1322,416.59,Delayed,2024-06-02
PO0003175,2023-07-21,SUP009,SKU0117,3084,315.74,Delayed,2023-08-11
PO0003176,2023-04-22,SUP036,SKU0094,1643,233.51,Approved,2023-05-19
PO0003177,2024-06-27,SUP049,SKU0030,4640,471.45,Delayed,2024-07-22
PO0003178,2025-08-11,SUP034,SKU0120,4224,239.45,In Transit,2025-08-31
PO0003179,2025-06-16,SUP023,SKU0108,1825,429.07,Delayed,2025-07-17
PO0003180,2025-02-01,SUP043,SKU0052,4313,16.63,Ordered,2025-03-01
PO0003181,2025-12-31,SUP026,SKU0115,598,211.68,Approved,2026-02-07
PO0003182,2024-02-18,SUP002,SKU0045,2378,392.06,Ordered,2024-03-31
PO0003183,2025-03-05,SUP042,SKU0016,771,230.64,In Transit,2025-04-12
PO0003184,2024-10-18,SUP008,SKU0005,3870,378.07,Ordered,2024-11-14
PO0003185,2024-03-06,SUP047,SKU0016,4773,234.28,Approved,2024-03-19
PO0003186,2023-02-16,SUP050,SKU0008,1322,475.09,Ordered,2023-03-07
PO0003187,2024-12-14,SUP043,SKU0078,296,478.5,Ordered,2025-01-11
PO0003188,2025-09-05,SUP018,SKU0108,4289,387.72,In Transit,2025-09-10
PO0003189,2024-02-07,SUP001,SKU0097,4823,506.68,Received,2024-02-21
PO0003190,2023-06-19,SUP014,SKU0025,4961,11.46,In Transit,2023-07-26
PO0003191,2023-08-24,SUP010,SKU0023,3358,349.17,Ordered,2023-09-15
PO0003192,2023-11-07,SUP008,SKU0009,1797,156.54,Delayed,2023-12-04
PO0003193,2025-07-31,SUP027,SKU0067,3922,218.15,Ordered,2025-08-09
PO0003194,2023-04-20,SUP008,SKU0047,831,336.04,Received,2023-05-17
PO0003195,2025-04-04,SUP007,SKU0066,1160,489.76,Approved,2025-04-17
PO0003196,2023-09-05,SUP040,SKU0004,361,485.73,Delayed,2023-09-13
PO0003197,2024-12-03,SUP043,SKU0012,4434,30.53,Ordered,2024-12-31
PO0003198,2024-02-10,SUP040,SKU0053,1853,458.23,In Transit,2024-02-18
PO0003199,2024-01-30,SUP028,SKU0087,3215,521.85,In Transit,2024-02-23
PO0003200,2023-01-28,SUP043,SKU0051,1565,302.03,Delayed,2023-02-25
PO0003201,2024-09-09,SUP050,SKU0029,4367,272.86,Received,2024-09-28
PO0003202,2023-12-27,SUP007,SKU0117,838,308.47,In Transit,2024-01-09
PO0003203,2025-03-19,SUP041,SKU0019,4399,439.52,Received,2025-03-29
PO0003204,2023-01-18,SUP037,SKU0055,2775,180.57,Ordered,2023-01-23
PO0003205,2024-08-10,SUP025,SKU0030,1155,426.86,In Transit,2024-09-16
PO0003206,2024-02-01,SUP045,SKU0044,3104,568.56,Received,2024-02-14
PO0003207,2025-02-18,SUP005,SKU0053,110,535.83,Ordered,2025-04-03
PO0003208,2024-12-08,SUP009,SKU0011,4879,260.66,Approved,2024-12-29
PO0003209,2023-07-19,SUP015,SKU0078,3816,481.23,Received,2023-08-29
PO0003210,2024-01-26,SUP028,SKU0063,3041,407.0,In Transit,2024-02-19
PO0003211,2025-01-20,SUP025,SKU0059,2614,615.55,Ordered,2025-02-26
PO0003212,2024-03-10,SUP002,SKU0026,2224,240.9,Delayed,2024-04-21
PO0003213,2023-11-16,SUP002,SKU0015,1253,410.14,Approved,2023-12-28
PO0003214,2025-05-15,SUP008,SKU0078,3064,532.86,Received,2025-06-11
PO0003215,2024-04-17,SUP036,SKU0047,4153,347.83,Ordered,2024-05-14
PO0003216,2023-05-06,SUP029,SKU0103,799,226.46,In Transit,2023-06-09
PO0003217,2023-02-15,SUP027,SKU0095,1969,177.7,Received,2023-02-24
PO0003218,2025-12-23,SUP042,SKU0026,976,214.37,Received,2026-01-30
PO0003219,2023-11-21,SUP044,SKU0071,162,136.71,Delayed,2023-12-01
PO0003220,2024-08-07,SUP003,SKU0015,2145,340.56,Approved,2024-09-08
PO0003221,2025-01-13,SUP026,SKU0039,4166,52.46,Delayed,2025-02-20
PO0003222,2025-07-13,SUP024,SKU0038,3566,229.43,Received,2025-07-22
PO0003223,2023-05-13,SUP024,SKU0093,3727,75.63,Received,2023-05-22
PO0003224,2025-01-31,SUP019,SKU0013,3582,287.53,Ordered,2025-02-05
PO0003225,2024-05-29,SUP031,SKU0025,971,10.63,Received,2024-07-12
PO0003226,2025-08-03,SUP028,SKU0027,122,242.97,In Transit,2025-08-27
PO0003227,2023-05-02,SUP050,SKU0037,1070,381.69,In Transit,2023-05-21
PO0003228,2023-09-09,SUP003,SKU0027,1797,238.55,Delayed,2023-10-11
PO0003229,2025-04-24,SUP036,SKU0070,1982,147.69,Received,2025-05-21
PO0003230,2024-07-19,SUP049,SKU0109,837,171.86,Received,2024-08-13
PO0003231,2025-11-23,SUP003,SKU0059,4559,527.89,Approved,2025-12-25
PO0003232,2025-01-20,SUP029,SKU0087,979,501.44,Approved,2025-02-23
PO0003233,2023-08-10,SUP022,SKU0054,598,456.65,Ordered,2023-09-10
PO0003234,2025-11-07,SUP003,SKU0011,3447,258.39,Ordered,2025-12-09
PO0003235,2023-04-21,SUP030,SKU0076,1977,222.24,Approved,2023-05-14
PO0003236,2024-08-12,SUP024,SKU0030,4447,515.38,Received,2024-08-21
PO0003237,2024-09-06,SUP013,SKU0033,3381,492.92,Delayed,2024-10-17
PO0003238,2024-02-07,SUP002,SKU0064,242,92.13,Ordered,2024-03-20
PO0003239,2024-12-15,SUP035,SKU0113,4426,500.33,Received,2025-01-15
PO0003240,2025-05-22,SUP046,SKU0027,3618,268.56,Received,2025-07-02
PO0003241,2023-03-02,SUP014,SKU0078,1087,527.34,Received,2023-04-08
PO0003242,2024-02-12,SUP043,SKU0011,1741,266.42,Ordered,2024-03-11
PO0003243,2025-06-19,SUP017,SKU0049,3683,334.83,Received,2025-07-01
PO0003244,2023-11-01,SUP006,SKU0087,2993,548.59,In Transit,2023-11-17
PO0003245,2024-05-07,SUP009,SKU0061,3991,398.28,Approved,2024-05-28
PO0003246,2024-06-28,SUP026,SKU0071,3498,142.6,Received,2024-08-05
PO0003247,2024-11-07,SUP041,SKU0043,4927,122.81,Approved,2024-11-17
PO0003248,2023-08-27,SUP004,SKU0091,3761,199.33,Delayed,2023-09-06
PO0003249,2025-08-15,SUP008,SKU0084,2166,361.0,Delayed,2025-09-11
PO0003250,2024-06-21,SUP038,SKU0004,2032,495.29,In Transit,2024-07-15
PO0003251,2023-05-20,SUP046,SKU0073,4711,103.62,Delayed,2023-06-30
PO0003252,2024-07-06,SUP037,SKU0025,124,11.04,Delayed,2024-07-11
PO0003253,2023-05-15,SUP021,SKU0039,1510,47.05,In Transit,2023-05-31
PO0003254,2025-10-24,SUP003,SKU0116,4930,133.59,In Transit,2025-11-25
PO0003255,2025-10-14,SUP026,SKU0111,4435,367.71,Delayed,2025-11-21
PO0003256,2024-04-03,SUP042,SKU0062,633,250.3,In Transit,2024-05-11
PO0003257,2025-06-18,SUP044,SKU0027,1085,280.02,Received,2025-06-28
PO0003258,2024-08-22,SUP007,SKU0019,3465,512.21,Approved,2024-09-04
PO0003259,2023-11-01,SUP014,SKU0042,4072,14.36,Approved,2023-12-08
PO0003260,2025-09-20,SUP031,SKU0104,4777,525.5,Ordered,2025-11-03
PO0003261,2023-12-23,SUP049,SKU0096,2740,409.54,Ordered,2024-01-17
PO0003262,2025-11-21,SUP043,SKU0001,4941,333.27,In Transit,2025-12-19
PO0003263,2023-08-22,SUP040,SKU0052,3754,18.17,Approved,2023-08-30
PO0003264,2024-06-24,SUP011,SKU0072,3629,18.45,Delayed,2024-06-30
PO0003265,2023-10-13,SUP002,SKU0101,1855,481.13,In Transit,2023-11-24
PO0003266,2025-08-01,SUP035,SKU0020,1505,390.42,Received,2025-09-01
PO0003267,2023-04-23,SUP011,SKU0076,324,235.98,Delayed,2023-04-29
PO0003268,2024-06-15,SUP007,SKU0037,4570,392.24,Approved,2024-06-28
PO0003269,2024-04-26,SUP024,SKU0049,4782,311.42,In Transit,2024-05-05
PO0003270,2025-07-07,SUP010,SKU0043,1017,124.4,Received,2025-07-29
PO0003271,2023-02-15,SUP047,SKU0008,4503,462.23,In Transit,2023-02-28
PO0003272,2024-08-16,SUP043,SKU0073,4263,89.3,Approved,2024-09-13
PO0003273,2025-03-28,SUP017,SKU0088,2591,282.46,Ordered,2025-04-09
PO0003274,2023-09-04,SUP029,SKU0070,3016,161.22,Delayed,2023-10-08
PO0003275,2024-04-22,SUP037,SKU0043,3707,148.52,Received,2024-04-27
PO0003276,2025-06-15,SUP001,SKU0117,4516,301.26,Approved,2025-06-29
PO0003277,2024-06-15,SUP035,SKU0111,483,329.47,Received,2024-07-16
PO0003278,2025-08-27,SUP043,SKU0084,867,423.97,Ordered,2025-09-24
PO0003279,2024-01-22,SUP025,SKU0044,4715,474.45,In Transit,2024-02-28
PO0003280,2025-04-05,SUP006,SKU0019,788,514.68,In Transit,2025-04-21
PO0003281,2025-10-20,SUP044,SKU0001,4936,312.03,Ordered,2025-10-30
PO0003282,2025-05-17,SUP036,SKU0024,4234,390.53,Delayed,2025-06-13
PO0003283,2025-03-14,SUP038,SKU0114,4008,302.65,Approved,2025-04-07
PO0003284,2024-07-01,SUP003,SKU0075,4923,534.35,Delayed,2024-08-02
PO0003285,2023-08-30,SUP017,SKU0054,824,486.7,Received,2023-09-11
PO0003286,2023-08-19,SUP023,SKU0059,3599,531.51,In Transit,2023-09-19
PO0003287,2024-05-23,SUP012,SKU0036,4093,406.82,Delayed,2024-06-14
PO0003288,2024-04-04,SUP022,SKU0001,3191,317.5,Received,2024-05-05
PO0003289,2025-03-26,SUP012,SKU0038,2499,218.67,In Transit,2025-04-17
PO0003290,2025-05-13,SUP045,SKU0021,2418,532.23,Received,2025-05-26
PO0003291,2025-02-24,SUP035,SKU0010,2136,36.07,In Transit,2025-03-27
PO0003292,2025-05-29,SUP002,SKU0078,2276,516.07,Received,2025-07-10
PO0003293,2023-11-07,SUP005,SKU0014,3736,322.02,In Transit,2023-12-21
PO0003294,2024-11-23,SUP007,SKU0064,3261,84.44,Received,2024-12-06
PO0003295,2024-05-12,SUP041,SKU0106,3431,465.34,In Transit,2024-05-22
PO0003296,2023-09-14,SUP001,SKU0039,4216,56.63,Ordered,2023-09-28
PO0003297,2024-06-28,SUP035,SKU0109,3377,173.37,In Transit,2024-07-29
PO0003298,2024-04-11,SUP040,SKU0007,436,352.08,Ordered,2024-04-19
PO0003299,2024-06-13,SUP026,SKU0043,4028,126.24,In Transit,2024-07-21
PO0003300,2025-06-30,SUP039,SKU0068,4816,393.11,Approved,2025-07-20
PO0003301,2023-05-10,SUP006,SKU0092,2556,135.23,Approved,2023-05-26
PO0003302,2024-05-23,SUP023,SKU0031,1437,113.5,Ordered,2024-06-23
PO0003303,2025-04-14,SUP007,SKU0110,2005,352.58,Delayed,2025-04-27
PO0003304,2025-04-14,SUP001,SKU0006,2899,322.04,Ordered,2025-04-28
PO0003305,2023-03-31,SUP017,SKU0047,2731,368.1,Approved,2023-04-12
PO0003306,2025-03-31,SUP022,SKU0066,279,489.47,Received,2025-05-01
PO0003307,2024-07-24,SUP049,SKU0002,2574,180.25,Received,2024-08-18
PO0003308,2023-09-13,SUP040,SKU0029,897,292.14,Delayed,2023-09-21
PO0003309,2023-03-06,SUP013,SKU0097,2468,492.04,In Transit,2023-04-16
PO0003310,2025-05-02,SUP026,SKU0041,617,486.96,Delayed,2025-06-09
PO0003311,2025-09-18,SUP048,SKU0036,635,448.34,Ordered,2025-10-13
PO0003312,2024-06-13,SUP039,SKU0092,4509,150.0,In Transit,2024-07-03
PO0003313,2023-03-27,SUP035,SKU0006,4532,374.94,Delayed,2023-04-27
PO0003314,2023-01-06,SUP026,SKU0074,3882,476.79,Ordered,2023-02-13
PO0003315,2023-07-18,SUP018,SKU0119,752,439.79,Received,2023-07-23
PO0003316,2025-11-24,SUP007,SKU0067,1955,221.77,In Transit,2025-12-07
PO0003317,2024-01-14,SUP026,SKU0065,3184,347.06,In Transit,2024-02-21
PO0003318,2025-05-14,SUP040,SKU0013,4510,275.37,Ordered,2025-05-22
PO0003319,2025-03-21,SUP045,SKU0031,4601,101.98,In Transit,2025-04-03
PO0003320,2025-02-19,SUP037,SKU0073,2658,102.27,Approved,2025-02-24
PO0003321,2024-11-01,SUP022,SKU0032,4919,396.39,Received,2024-12-02
PO0003322,2023-04-11,SUP008,SKU0091,1116,200.31,Delayed,2023-05-08
PO0003323,2024-01-05,SUP004,SKU0094,4013,274.56,Ordered,2024-01-15
PO0003324,2025-02-20,SUP045,SKU0086,464,91.2,Approved,2025-03-05
PO0003325,2025-08-29,SUP006,SKU0057,3560,439.57,Approved,2025-09-14
PO0003326,2024-04-10,SUP039,SKU0050,4505,567.05,In Transit,2024-04-30
PO0003327,2025-03-19,SUP014,SKU0045,3550,344.57,Received,2025-04-25
PO0003328,2023-09-15,SUP007,SKU0096,4316,421.35,Received,2023-09-28
PO0003329,2025-02-01,SUP039,SKU0095,557,187.26,Approved,2025-02-21
PO0003330,2023-04-11,SUP002,SKU0015,4967,385.19,In Transit,2023-05-23
PO0003331,2024-09-08,SUP009,SKU0114,2547,294.79,In Transit,2024-09-29
PO0003332,2024-05-27,SUP012,SKU0100,484,324.04,Received,2024-06-18
PO0003333,2025-02-07,SUP044,SKU0068,2344,454.84,Delayed,2025-02-17
PO0003334,2025-06-09,SUP028,SKU0044,4175,508.11,Received,2025-07-03
PO0003335,2025-06-11,SUP017,SKU0004,1425,443.29,Received,2025-06-23
PO0003336,2024-10-06,SUP028,SKU0010,3083,34.48,Received,2024-10-30
PO0003337,2024-11-27,SUP035,SKU0011,339,264.55,Received,2024-12-28
PO0003338,2024-10-15,SUP015,SKU0090,1675,281.64,In Transit,2024-11-25
PO0003339,2023-03-01,SUP028,SKU0115,1171,189.46,Received,2023-03-25
PO0003340,2024-06-12,SUP026,SKU0061,3223,465.65,Delayed,2024-07-20
PO0003341,2024-01-13,SUP050,SKU0003,3530,40.27,Received,2024-02-01
PO0003342,2023-04-21,SUP007,SKU0109,3348,176.81,In Transit,2023-05-04
PO0003343,2024-12-11,SUP015,SKU0014,539,321.85,Delayed,2025-01-21
PO0003344,2025-05-21,SUP011,SKU0081,1629,278.1,Ordered,2025-05-27
PO0003345,2024-08-25,SUP012,SKU0059,3802,576.44,Received,2024-09-16
PO0003346,2025-08-28,SUP020,SKU0108,3386,382.89,Received,2025-09-25
PO0003347,2023-05-18,SUP025,SKU0001,327,301.13,Ordered,2023-06-24
PO0003348,2024-07-29,SUP046,SKU0004,918,450.95,In Transit,2024-09-08
PO0003349,2024-05-29,SUP035,SKU0055,4335,169.28,Approved,2024-06-29
PO0003350,2023-01-13,SUP049,SKU0049,4497,280.49,Received,2023-02-07
PO0003351,2025-11-23,SUP026,SKU0054,4041,479.42,In Transit,2025-12-31
PO0003352,2023-09-19,SUP013,SKU0112,748,240.51,In Transit,2023-10-30
PO0003353,2025-01-03,SUP029,SKU0109,211,187.09,Received,2025-02-06
PO0003354,2025-07-02,SUP009,SKU0003,3446,44.07,Ordered,2025-07-23
PO0003355,2025-05-20,SUP005,SKU0007,1306,342.27,Ordered,2025-07-03
PO0003356,2023-04-20,SUP014,SKU0029,4431,281.61,Delayed,2023-05-27
PO0003357,2025-09-07,SUP022,SKU0082,1967,97.45,Delayed,2025-10-08
PO0003358,2025-03-01,SUP049,SKU0047,4460,331.1,In Transit,2025-03-26
PO0003359,2024-12-18,SUP041,SKU0039,1482,50.43,Received,2024-12-28
PO0003360,2025-11-18,SUP012,SKU0041,2637,453.43,Delayed,2025-12-10
PO0003361,2024-04-21,SUP033,SKU0039,2756,55.71,Received,2024-05-08
PO0003362,2024-07-03,SUP004,SKU0073,357,102.02,Received,2024-07-13
PO0003363,2024-06-05,SUP020,SKU0092,3109,141.48,Received,2024-07-03
PO0003364,2024-11-24,SUP048,SKU0086,1293,100.95,Approved,2024-12-19
PO0003365,2023-08-17,SUP009,SKU0045,1685,333.1,Delayed,2023-09-07
PO0003366,2025-07-05,SUP019,SKU0109,4501,176.19,Delayed,2025-07-10
PO0003367,2025-10-03,SUP044,SKU0001,795,323.83,Received,2025-10-13
PO0003368,2024-02-27,SUP016,SKU0027,2504,271.13,Delayed,2024-03-19
PO0003369,2023-12-07,SUP032,SKU0070,1490,145.45,In Transit,2024-01-18
PO0003370,2025-02-16,SUP044,SKU0109,1490,183.25,Received,2025-02-26
PO0003371,2024-12-25,SUP046,SKU0070,203,165.5,Approved,2025-02-04
PO0003372,2023-05-18,SUP039,SKU0033,3270,575.94,Approved,2023-06-07
PO0003373,2024-06-06,SUP022,SKU0043,1692,123.03,In Transit,2024-07-07
PO0003374,2024-04-15,SUP021,SKU0003,4567,41.66,Ordered,2024-05-01
PO0003375,2024-06-30,SUP040,SKU0110,1979,361.38,Ordered,2024-07-08
PO0003376,2024-09-17,SUP001,SKU0074,392,478.98,Delayed,2024-10-01
PO0003377,2023-08-01,SUP033,SKU0069,666,232.04,Received,2023-08-18
PO0003378,2025-06-21,SUP031,SKU0115,4238,191.22,Approved,2025-08-04
PO0003379,2025-05-20,SUP023,SKU0006,1511,328.38,Received,2025-06-20
PO0003380,2025-01-06,SUP017,SKU0039,2245,51.04,In Transit,2025-01-18
PO0003381,2024-03-06,SUP035,SKU0032,3062,431.96,Received,2024-04-06
PO0003382,2024-03-21,SUP029,SKU0037,4625,331.96,Delayed,2024-04-24
PO0003383,2024-10-18,SUP016,SKU0017,4980,543.34,In Transit,2024-11-08
PO0003384,2025-07-23,SUP033,SKU0041,4298,505.67,In Transit,2025-08-09
PO0003385,2025-03-01,SUP040,SKU0003,4752,42.29,In Transit,2025-03-09
PO0003386,2025-12-16,SUP033,SKU0110,1369,402.8,Delayed,2026-01-02
PO0003387,2023-05-05,SUP020,SKU0099,2676,492.0,Delayed,2023-06-02
PO0003388,2023-09-30,SUP031,SKU0064,957,86.84,Received,2023-11-13
PO0003389,2023-10-09,SUP017,SKU0032,3187,394.0,Approved,2023-10-21
PO0003390,2025-02-19,SUP046,SKU0042,2169,14.03,Ordered,2025-04-01
PO0003391,2024-02-22,SUP036,SKU0095,1954,195.45,Ordered,2024-03-20
PO0003392,2025-12-03,SUP016,SKU0062,2051,269.97,Approved,2025-12-24
PO0003393,2023-11-06,SUP008,SKU0097,4603,515.38,Received,2023-12-03
PO0003394,2023-11-18,SUP037,SKU0092,1821,162.12,In Transit,2023-11-23
PO0003395,2025-11-20,SUP004,SKU0043,4835,137.25,Ordered,2025-11-30
PO0003396,2023-12-10,SUP010,SKU0052,1092,15.56,Approved,2024-01-01
PO0003397,2023-01-31,SUP012,SKU0040,1984,66.29,Approved,2023-02-22
PO0003398,2023-02-03,SUP005,SKU0015,4376,365.01,Received,2023-03-19
PO0003399,2025-02-16,SUP008,SKU0054,471,497.73,In Transit,2025-03-15
PO0003400,2025-09-11,SUP046,SKU0036,3264,393.01,In Transit,2025-10-22
PO0003401,2023-06-21,SUP019,SKU0073,1651,96.04,Approved,2023-06-26
PO0003402,2024-08-14,SUP004,SKU0004,2027,530.04,Received,2024-08-24
PO0003403,2024-10-15,SUP042,SKU0072,2098,17.74,Approved,2024-11-22
PO0003404,2025-11-11,SUP049,SKU0088,488,296.54,Received,2025-12-06
PO0003405,2025-05-12,SUP049,SKU0029,4608,304.74,Ordered,2025-06-06
PO0003406,2024-10-06,SUP020,SKU0093,3447,79.73,In Transit,2024-11-03
PO0003407,2024-10-09,SUP044,SKU0039,900,46.97,Ordered,2024-10-19
PO0003408,2023-02-04,SUP030,SKU0030,3411,511.8,Approved,2023-02-27
PO0003409,2025-01-27,SUP018,SKU0006,2798,374.67,In Transit,2025-02-01
PO0003410,2025-02-15,SUP029,SKU0003,710,40.23,Delayed,2025-03-21
PO0003411,2023-04-05,SUP028,SKU0113,3645,528.94,Delayed,2023-04-29
PO0003412,2025-03-09,SUP028,SKU0041,2300,449.92,Approved,2025-04-02
PO0003413,2025-03-15,SUP024,SKU0090,2550,286.24,Delayed,2025-03-24
PO0003414,2023-07-04,SUP046,SKU0017,1941,644.82,Approved,2023-08-14
PO0003415,2025-07-04,SUP035,SKU0089,2753,355.13,In Transit,2025-08-04
PO0003416,2024-07-04,SUP050,SKU0059,3945,531.26,In Transit,2024-07-23
PO0003417,2023-01-31,SUP024,SKU0001,4701,344.07,Received,2023-02-09
PO0003418,2025-05-09,SUP036,SKU0015,1757,358.16,Ordered,2025-06-05
PO0003419,2025-02-12,SUP035,SKU0026,4748,224.21,Received,2025-03-15
PO0003420,2023-11-23,SUP025,SKU0075,3861,581.71,In Transit,2023-12-30
PO0003421,2024-04-24,SUP035,SKU0022,3650,387.57,In Transit,2024-05-25
PO0003422,2023-08-31,SUP031,SKU0062,4434,292.72,Delayed,2023-10-14
PO0003423,2025-09-20,SUP040,SKU0104,695,536.29,Received,2025-09-28
PO0003424,2025-05-28,SUP012,SKU0102,3073,466.4,Approved,2025-06-19
PO0003425,2025-07-19,SUP025,SKU0098,291,228.39,Ordered,2025-08-25
PO0003426,2023-09-17,SUP002,SKU0007,812,303.15,Delayed,2023-10-29
PO0003427,2025-01-04,SUP030,SKU0024,4376,426.37,Ordered,2025-01-27
PO0003428,2025-02-17,SUP001,SKU0004,2579,537.9,In Transit,2025-03-03
PO0003429,2023-01-12,SUP049,SKU0010,4782,33.64,Ordered,2023-02-06
PO0003430,2023-05-30,SUP030,SKU0076,3059,222.4,Received,2023-06-22
PO0003431,2023-08-30,SUP030,SKU0042,4086,14.87,Delayed,2023-09-22
PO0003432,2023-07-04,SUP043,SKU0110,1230,373.14,Received,2023-08-01
PO0003433,2024-01-14,SUP005,SKU0010,891,34.84,Delayed,2024-02-27
PO0003434,2023-10-24,SUP018,SKU0066,852,462.19,In Transit,2023-10-29
PO0003435,2025-04-04,SUP009,SKU0030,3669,450.4,Ordered,2025-04-25
PO0003436,2023-10-16,SUP039,SKU0047,4011,351.93,In Transit,2023-11-05
PO0003437,2023-06-02,SUP029,SKU0045,537,380.12,Received,2023-07-06
PO0003438,2025-01-20,SUP018,SKU0016,1180,199.85,In Transit,2025-01-25
PO0003439,2024-12-10,SUP044,SKU0093,2505,72.4,Approved,2024-12-20
PO0003440,2024-10-15,SUP028,SKU0098,4243,203.46,In Transit,2024-11-08
PO0003441,2023-10-17,SUP009,SKU0028,3107,177.21,Approved,2023-11-07
PO0003442,2023-02-06,SUP047,SKU0089,507,352.26,Received,2023-02-19
PO0003443,2024-03-25,SUP046,SKU0078,2903,511.58,Approved,2024-05-05
PO0003444,2025-07-29,SUP011,SKU0081,1830,320.79,Received,2025-08-04
PO0003445,2025-08-20,SUP012,SKU0074,4221,416.86,In Transit,2025-09-11
PO0003446,2024-11-02,SUP047,SKU0077,2393,283.2,Approved,2024-11-15
PO0003447,2025-09-21,SUP034,SKU0104,4332,516.3,Delayed,2025-10-11
PO0003448,2024-06-20,SUP046,SKU0020,3807,401.83,Ordered,2024-07-31
PO0003449,2025-05-09,SUP005,SKU0096,3290,451.4,In Transit,2025-06-22
PO0003450,2025-02-03,SUP001,SKU0110,4044,341.55,Received,2025-02-17
PO0003451,2023-05-01,SUP006,SKU0021,1051,506.22,Approved,2023-05-17
PO0003452,2023-12-31,SUP030,SKU0018,994,565.9,Delayed,2024-01-23
PO0003453,2023-06-26,SUP021,SKU0103,1623,226.29,Delayed,2023-07-12
PO0003454,2023-03-31,SUP048,SKU0081,3071,284.67,Received,2023-04-25
PO0003455,2023-04-20,SUP037,SKU0021,1215,468.83,Approved,2023-04-25
PO0003456,2025-08-04,SUP005,SKU0024,3624,427.74,Delayed,2025-09-17
PO0003457,2023-01-31,SUP001,SKU0016,4063,206.41,Delayed,2023-02-14
PO0003458,2023-06-27,SUP033,SKU0007,4802,345.85,In Transit,2023-07-14
PO0003459,2024-11-01,SUP045,SKU0036,2500,401.97,Delayed,2024-11-14
PO0003460,2023-10-16,SUP037,SKU0108,4375,410.48,In Transit,2023-10-21
PO0003461,2024-03-12,SUP027,SKU0052,2923,15.86,Received,2024-03-21
PO0003462,2024-07-25,SUP031,SKU0021,1046,490.16,Delayed,2024-09-07
PO0003463,2023-06-30,SUP040,SKU0071,4316,157.08,Received,2023-07-08
PO0003464,2024-02-19,SUP020,SKU0098,4510,201.54,Delayed,2024-03-18
PO0003465,2023-05-25,SUP003,SKU0072,2212,16.67,Ordered,2023-06-26
PO0003466,2024-12-21,SUP050,SKU0058,4699,179.41,Received,2025-01-09
PO0003467,2024-03-30,SUP044,SKU0103,1600,209.81,Received,2024-04-09
PO0003468,2024-03-12,SUP047,SKU0103,3048,226.77,In Transit,2024-03-25
PO0003469,2024-05-10,SUP022,SKU0110,1340,368.09,Approved,2024-06-10
PO0003470,2025-04-10,SUP018,SKU0112,4570,254.03,Delayed,2025-04-15
PO0003471,2025-05-29,SUP029,SKU0102,1687,479.08,Ordered,2025-07-02
PO0003472,2024-05-29,SUP020,SKU0035,4539,190.38,In Transit,2024-06-26
PO0003473,2024-09-13,SUP012,SKU0101,2704,513.38,Received,2024-10-05
PO0003474,2024-09-02,SUP026,SKU0101,1229,488.19,Received,2024-10-10
PO0003475,2024-11-15,SUP004,SKU0041,3749,520.88,Received,2024-11-25
PO0003476,2023-04-13,SUP026,SKU0060,3049,380.31,Received,2023-05-21
PO0003477,2024-12-22,SUP006,SKU0047,3083,397.56,Ordered,2025-01-07
PO0003478,2024-02-26,SUP037,SKU0083,1597,402.87,Approved,2024-03-02
PO0003479,2023-03-11,SUP035,SKU0029,2830,320.2,Received,2023-04-11
PO0003480,2023-08-08,SUP003,SKU0024,4141,430.71,Received,2023-09-09
PO0003481,2023-02-26,SUP043,SKU0016,933,233.88,Approved,2023-03-26
PO0003482,2023-06-20,SUP007,SKU0102,3890,497.03,Received,2023-07-03
PO0003483,2023-07-14,SUP039,SKU0028,256,164.64,Received,2023-08-03
PO0003484,2025-06-30,SUP044,SKU0061,3287,401.37,Delayed,2025-07-10
PO0003485,2023-12-29,SUP011,SKU0105,294,383.79,In Transit,2024-01-04
PO0003486,2025-01-29,SUP015,SKU0018,2681,549.02,Received,2025-03-11
PO0003487,2023-06-20,SUP044,SKU0028,1551,194.99,Approved,2023-06-30
PO0003488,2023-10-04,SUP012,SKU0098,3685,237.53,In Transit,2023-10-26
PO0003489,2025-01-01,SUP004,SKU0077,186,292.81,Received,2025-01-11
PO0003490,2023-04-14,SUP006,SKU0052,2717,15.79,Ordered,2023-04-30
PO0003491,2024-01-10,SUP023,SKU0046,4918,88.05,Delayed,2024-02-10
PO0003492,2024-11-26,SUP003,SKU0045,3688,342.28,Received,2024-12-28
PO0003493,2023-07-24,SUP049,SKU0092,3728,153.87,Ordered,2023-08-18
PO0003494,2025-08-07,SUP039,SKU0024,4611,382.05,Received,2025-08-27
PO0003495,2025-01-19,SUP042,SKU0114,329,317.24,Delayed,2025-02-26
PO0003496,2023-05-15,SUP004,SKU0057,179,465.0,Received,2023-05-25
PO0003497,2024-03-18,SUP020,SKU0100,199,317.95,In Transit,2024-04-15
PO0003498,2023-08-31,SUP001,SKU0032,2372,403.63,Approved,2023-09-14
PO0003499,2024-03-15,SUP028,SKU0044,473,518.05,Delayed,2024-04-08
PO0003500,2024-08-05,SUP005,SKU0115,689,201.46,Delayed,2024-09-18
PO0003501,2023-07-12,SUP015,SKU0003,2859,44.8,In Transit,2023-08-22
PO0003502,2023-12-23,SUP035,SKU0042,3042,14.54,Ordered,2024-01-23
PO0003503,2025-02-04,SUP044,SKU0060,4745,371.97,Approved,2025-02-14
PO0003504,2025-01-10,SUP025,SKU0068,678,390.1,Received,2025-02-16
PO0003505,2025-09-24,SUP037,SKU0078,4831,470.22,Approved,2025-09-29
PO0003506,2025-03-25,SUP037,SKU0098,3610,239.37,In Transit,2025-03-30
PO0003507,2023-05-01,SUP005,SKU0116,4578,136.07,Received,2023-06-14
PO0003508,2025-09-04,SUP017,SKU0111,461,353.55,Ordered,2025-09-16
PO0003509,2025-09-07,SUP033,SKU0116,2287,144.63,Ordered,2025-09-24
PO0003510,2024-03-22,SUP043,SKU0003,1687,42.22,Received,2024-04-19
PO0003511,2024-09-20,SUP038,SKU0117,3171,345.7,Approved,2024-10-14
PO0003512,2023-01-06,SUP026,SKU0093,4120,73.67,Ordered,2023-02-13
PO0003513,2024-11-15,SUP021,SKU0023,165,362.19,Delayed,2024-12-01
PO0003514,2024-12-13,SUP001,SKU0059,697,584.05,Received,2024-12-27
PO0003515,2024-10-03,SUP017,SKU0092,1165,159.62,Ordered,2024-10-15
PO0003516,2024-08-08,SUP007,SKU0094,3863,251.7,Ordered,2024-08-21
PO0003517,2023-05-06,SUP041,SKU0100,1630,348.93,In Transit,2023-05-16
PO0003518,2023-11-03,SUP015,SKU0036,1913,408.83,Approved,2023-12-14
PO0003519,2023-05-23,SUP001,SKU0113,361,490.17,Delayed,2023-06-06
PO0003520,2025-05-13,SUP044,SKU0045,480,347.56,Approved,2025-05-23
PO0003521,2025-04-27,SUP033,SKU0097,2174,488.89,Ordered,2025-05-14
PO0003522,2023-08-27,SUP006,SKU0061,3245,431.21,Ordered,2023-09-12
PO0003523,2023-10-06,SUP040,SKU0113,153,462.17,Delayed,2023-10-14
PO0003524,2024-11-16,SUP030,SKU0061,2836,463.09,In Transit,2024-12-09
PO0003525,2025-07-12,SUP021,SKU0037,4733,386.26,Approved,2025-07-28
PO0003526,2023-12-17,SUP038,SKU0108,4962,435.5,Received,2024-01-10
PO0003527,2023-12-10,SUP026,SKU0008,480,437.04,Ordered,2024-01-17
PO0003528,2025-05-08,SUP043,SKU0117,1567,341.54,Delayed,2025-06-05
PO0003529,2023-10-17,SUP030,SKU0021,3131,484.21,Ordered,2023-11-09
PO0003530,2023-06-09,SUP017,SKU0082,3884,108.38,Approved,2023-06-21
PO0003531,2023-09-16,SUP001,SKU0097,3744,475.65,Received,2023-09-30
PO0003532,2023-11-28,SUP015,SKU0057,4611,382.18,Ordered,2024-01-08
PO0003533,2025-06-02,SUP045,SKU0093,1478,68.33,In Transit,2025-06-15
PO0003534,2023-12-17,SUP005,SKU0009,2988,181.73,In Transit,2024-01-30
PO0003535,2023-09-12,SUP034,SKU0014,4792,386.13,Delayed,2023-10-02
PO0003536,2023-01-09,SUP044,SKU0046,3098,93.71,Received,2023-01-19
PO0003537,2023-08-06,SUP050,SKU0064,1018,91.01,Ordered,2023-08-25
PO0003538,2026-01-01,SUP024,SKU0043,2822,137.06,Approved,2026-01-10
PO0003539,2024-10-02,SUP037,SKU0030,3899,490.47,Received,2024-10-07
PO0003540,2023-12-09,SUP046,SKU0083,871,376.1,In Transit,2024-01-19
PO0003541,2023-04-02,SUP046,SKU0028,512,186.2,Received,2023-05-13
PO0003542,2024-04-29,SUP031,SKU0018,4482,543.65,Delayed,2024-06-12
PO0003543,2024-03-18,SUP005,SKU0003,4585,45.62,In Transit,2024-05-01
PO0003544,2023-11-13,SUP033,SKU0095,4866,191.12,Ordered,2023-11-30
PO0003545,2025-11-08,SUP018,SKU0078,2817,569.04,Received,2025-11-13
PO0003546,2023-04-20,SUP043,SKU0043,886,149.15,Ordered,2023-05-18
PO0003547,2023-12-11,SUP047,SKU0024,4005,391.54,Approved,2023-12-24
PO0003548,2023-12-30,SUP036,SKU0119,1851,455.11,In Transit,2024-01-26
PO0003549,2023-09-19,SUP041,SKU0001,1973,303.19,Ordered,2023-09-29
PO0003550,2023-05-02,SUP017,SKU0065,826,304.39,Received,2023-05-14
PO0003551,2024-07-24,SUP042,SKU0090,1831,278.97,Delayed,2024-08-31
PO0003552,2025-12-10,SUP048,SKU0088,998,256.15,Received,2026-01-04
PO0003553,2024-02-06,SUP045,SKU0043,183,140.4,Delayed,2024-02-19
PO0003554,2023-01-27,SUP009,SKU0036,395,436.58,Approved,2023-02-17
PO0003555,2024-07-21,SUP046,SKU0066,1322,426.95,Ordered,2024-08-31
PO0003556,2023-09-25,SUP046,SKU0042,3695,14.99,Ordered,2023-11-05
PO0003557,2023-07-31,SUP016,SKU0090,3155,278.26,Approved,2023-08-21
PO0003558,2023-09-25,SUP033,SKU0088,866,275.89,Approved,2023-10-12
PO0003559,2025-04-13,SUP017,SKU0090,3342,250.48,Delayed,2025-04-25
PO0003560,2023-04-28,SUP023,SKU0013,4973,254.56,Received,2023-05-29
PO0003561,2025-07-24,SUP030,SKU0095,3015,187.98,In Transit,2025-08-16
PO0003562,2023-07-16,SUP040,SKU0022,4501,361.99,Approved,2023-07-24
PO0003563,2023-02-16,SUP042,SKU0077,1426,345.15,Approved,2023-03-26
PO0003564,2025-05-01,SUP044,SKU0067,706,206.4,Received,2025-05-11
PO0003565,2023-03-25,SUP011,SKU0042,4868,15.75,In Transit,2023-03-31
PO0003566,2024-03-22,SUP008,SKU0011,338,248.51,Delayed,2024-04-18
PO0003567,2024-07-19,SUP005,SKU0069,3271,217.66,Ordered,2024-09-01
PO0003568,2023-06-16,SUP013,SKU0086,1070,92.49,Approved,2023-07-27
PO0003569,2025-10-23,SUP004,SKU0003,3105,40.85,Received,2025-11-02
PO0003570,2025-05-05,SUP026,SKU0096,3872,452.43,Approved,2025-06-12
PO0003571,2025-02-23,SUP015,SKU0101,3327,525.94,Approved,2025-04-05
PO0003572,2025-11-14,SUP026,SKU0037,3065,350.3,Received,2025-12-22
PO0003573,2024-08-10,SUP050,SKU0031,2186,99.09,Approved,2024-08-29
PO0003574,2025-06-22,SUP028,SKU0119,3307,487.55,Delayed,2025-07-16
PO0003575,2024-09-19,SUP039,SKU0023,1644,400.52,In Transit,2024-10-09
PO0003576,2025-05-03,SUP023,SKU0063,169,387.06,In Transit,2025-06-03
PO0003577,2025-02-10,SUP011,SKU0068,3816,403.57,Ordered,2025-02-16
PO0003578,2025-02-28,SUP009,SKU0099,3654,531.59,Approved,2025-03-21
PO0003579,2023-07-01,SUP019,SKU0033,1303,501.43,Received,2023-07-06
PO0003580,2023-10-09,SUP048,SKU0096,2914,451.34,In Transit,2023-11-03
PO0003581,2024-10-18,SUP018,SKU0030,1339,434.82,In Transit,2024-10-23
PO0003582,2025-11-17,SUP041,SKU0007,421,329.4,Received,2025-11-27
PO0003583,2023-07-20,SUP048,SKU0047,3438,338.34,Ordered,2023-08-14
PO0003584,2024-09-29,SUP046,SKU0081,793,310.6,In Transit,2024-11-09
PO0003585,2025-02-17,SUP017,SKU0063,1907,378.89,Received,2025-03-01
PO0003586,2024-05-05,SUP009,SKU0006,2407,374.31,Ordered,2024-05-26
PO0003587,2025-01-18,SUP043,SKU0068,571,418.62,Ordered,2025-02-15
PO0003588,2024-04-05,SUP016,SKU0007,2235,356.59,Approved,2024-04-26
PO0003589,2024-05-08,SUP005,SKU0006,744,357.76,Received,2024-06-21
PO0003590,2025-12-19,SUP032,SKU0114,3423,265.35,Delayed,2026-01-30
PO0003591,2024-06-30,SUP024,SKU0087,3924,569.43,Received,2024-07-09
PO0003592,2024-07-04,SUP032,SKU0003,2810,44.1,Received,2024-08-15
PO0003593,2024-07-03,SUP047,SKU0103,2848,250.15,Received,2024-07-16
PO0003594,2024-05-06,SUP028,SKU0016,3136,219.77,Received,2024-05-30
PO0003595,2025-03-15,SUP025,SKU0058,4971,183.33,Received,2025-04-21
PO0003596,2023-05-11,SUP028,SKU0045,1809,386.9,Ordered,2023-06-04
PO0003597,2023-06-11,SUP012,SKU0049,2911,297.3,Approved,2023-07-03
PO0003598,2026-01-01,SUP045,SKU0063,164,408.85,In Transit,2026-01-14
PO0003599,2024-09-19,SUP033,SKU0041,817,520.73,Ordered,2024-10-06
PO0003600,2025-03-28,SUP039,SKU0010,1268,33.33,Received,2025-04-17
PO0003601,2025-02-19,SUP026,SKU0076,2574,245.79,Ordered,2025-03-29
PO0003602,2023-08-20,SUP016,SKU0073,210,97.63,Received,2023-09-10
PO0003603,2023-10-07,SUP016,SKU0031,3114,108.93,In Transit,2023-10-28
PO0003604,2023-09-01,SUP018,SKU0060,1587,375.38,Received,2023-09-06
PO0003605,2023-04-18,SUP043,SKU0096,2269,427.27,In Transit,2023-05-16
PO0003606,2024-02-05,SUP016,SKU0083,1389,419.18,Approved,2024-02-26
PO0003607,2024-09-08,SUP050,SKU0044,2694,557.34,Ordered,2024-09-27
PO0003608,2023-04-25,SUP029,SKU0042,4741,14.74,Delayed,2023-05-29
PO0003609,2025-07-26,SUP015,SKU0088,954,306.35,Delayed,2025-09-05
PO0003610,2023-02-07,SUP002,SKU0109,4475,177.26,Delayed,2023-03-21
PO0003611,2023-09-07,SUP032,SKU0016,4448,230.95,Ordered,2023-10-19
PO0003612,2023-10-18,SUP008,SKU0101,750,471.55,In Transit,2023-11-14
PO0003613,2025-07-03,SUP006,SKU0087,4662,515.76,Ordered,2025-07-19
PO0003614,2024-03-04,SUP024,SKU0027,2388,276.09,Ordered,2024-03-13
PO0003615,2025-06-05,SUP033,SKU0119,3873,423.5,Delayed,2025-06-22
PO0003616,2025-10-17,SUP004,SKU0104,1021,550.97,Delayed,2025-10-27
PO0003617,2023-12-02,SUP042,SKU0046,307,96.04,Received,2024-01-09
PO0003618,2024-11-30,SUP048,SKU0002,1309,170.4,Received,2024-12-25
PO0003619,2025-08-05,SUP029,SKU0019,1181,480.88,Received,2025-09-08
PO0003620,2024-10-25,SUP027,SKU0108,1642,387.9,Approved,2024-11-03
PO0003621,2023-08-17,SUP018,SKU0014,607,367.28,Approved,2023-08-22
PO0003622,2025-01-01,SUP010,SKU0018,3698,560.88,Approved,2025-01-23
PO0003623,2023-02-20,SUP024,SKU0034,2766,414.05,Delayed,2023-03-01
PO0003624,2023-04-04,SUP003,SKU0038,307,230.61,Received,2023-05-06
PO0003625,2023-12-31,SUP047,SKU0113,1148,441.3,Ordered,2024-01-13
PO0003626,2024-10-16,SUP030,SKU0057,1696,391.83,Approved,2024-11-08
PO0003627,2024-09-08,SUP015,SKU0103,4799,238.45,Approved,2024-10-19
PO0003628,2024-03-21,SUP049,SKU0055,3360,165.65,Delayed,2024-04-15
PO0003629,2023-06-27,SUP032,SKU0009,1447,181.78,Ordered,2023-08-08
PO0003630,2023-09-07,SUP013,SKU0030,3197,484.06,Received,2023-10-18
PO0003631,2023-11-12,SUP034,SKU0104,3301,515.56,Delayed,2023-12-02
PO0003632,2023-02-24,SUP039,SKU0109,1627,174.84,Delayed,2023-03-16
PO0003633,2025-09-19,SUP016,SKU0086,2917,87.0,Received,2025-10-10
PO0003634,2024-12-22,SUP043,SKU0119,1846,481.31,Ordered,2025-01-19
PO0003635,2023-12-13,SUP010,SKU0026,3726,209.26,In Transit,2024-01-04
PO0003636,2024-01-25,SUP034,SKU0078,1527,469.01,Received,2024-02-14
PO0003637,2025-08-28,SUP045,SKU0087,1919,569.81,Ordered,2025-09-10
PO0003638,2023-09-22,SUP015,SKU0051,3567,300.29,In Transit,2023-11-02
PO0003639,2024-12-17,SUP003,SKU0096,3946,406.23,Approved,2025-01-18
PO0003640,2025-07-29,SUP003,SKU0041,4289,459.27,In Transit,2025-08-30
PO0003641,2025-10-16,SUP008,SKU0114,4242,311.0,Ordered,2025-11-12
PO0003642,2025-02-19,SUP003,SKU0006,908,310.19,Approved,2025-03-23
PO0003643,2023-11-16,SUP026,SKU0080,917,433.34,In Transit,2023-12-24
PO0003644,2024-03-31,SUP036,SKU0063,4689,413.64,Ordered,2024-04-27
PO0003645,2023-07-03,SUP032,SKU0089,3661,418.62,Received,2023-08-14
PO0003646,2025-12-29,SUP017,SKU0060,3397,382.58,Received,2026-01-10
PO0003647,2025-06-25,SUP049,SKU0115,2251,185.01,Ordered,2025-07-20
PO0003648,2024-03-19,SUP045,SKU0028,1351,164.61,Ordered,2024-04-01
PO0003649,2025-11-07,SUP002,SKU0046,969,97.21,Received,2025-12-19
PO0003650,2024-06-03,SUP010,SKU0079,2935,14.88,Delayed,2024-06-25
PO0003651,2023-11-12,SUP046,SKU0040,1608,66.33,Received,2023-12-23
PO0003652,2025-04-09,SUP004,SKU0006,3188,321.8,In Transit,2025-04-19
PO0003653,2024-11-22,SUP014,SKU0081,3144,310.48,Received,2024-12-29
PO0003654,2024-05-11,SUP041,SKU0115,4022,214.31,Ordered,2024-05-21
PO0003655,2023-05-17,SUP042,SKU0095,1039,193.11,Received,2023-06-24
PO0003656,2025-03-23,SUP044,SKU0033,4128,503.55,Ordered,2025-04-02
PO0003657,2023-01-13,SUP032,SKU0077,2682,297.28,In Transit,2023-02-24
PO0003658,2024-09-16,SUP050,SKU0068,1099,443.45,Received,2024-10-05
PO0003659,2023-11-01,SUP001,SKU0021,687,470.84,Received,2023-11-15
PO0003660,2023-12-24,SUP026,SKU0011,569,261.29,Received,2024-01-31
PO0003661,2025-03-28,SUP015,SKU0029,4776,315.8,Received,2025-05-08
PO0003662,2025-01-18,SUP025,SKU0120,618,230.26,Received,2025-02-24
PO0003663,2025-09-02,SUP003,SKU0111,3061,322.75,In Transit,2025-10-04
PO0003664,2023-05-29,SUP012,SKU0108,651,402.22,Received,2023-06-20
PO0003665,2024-07-02,SUP005,SKU0085,734,597.86,Delayed,2024-08-15
PO0003666,2024-12-01,SUP022,SKU0097,3608,491.84,In Transit,2025-01-01
PO0003667,2023-07-07,SUP037,SKU0034,3179,409.49,Ordered,2023-07-12
PO0003668,2024-10-19,SUP029,SKU0010,4582,34.53,Ordered,2024-11-22
PO0003669,2023-05-04,SUP031,SKU0031,104,109.63,Approved,2023-06-17
PO0003670,2024-06-03,SUP011,SKU0120,3660,261.96,Delayed,2024-06-09
PO0003671,2023-01-31,SUP005,SKU0015,4164,343.36,Delayed,2023-03-16
PO0003672,2023-07-03,SUP010,SKU0041,2618,448.08,Ordered,2023-07-25
PO0003673,2024-05-13,SUP049,SKU0071,3622,156.51,In Transit,2024-06-07
PO0003674,2025-04-06,SUP030,SKU0025,4457,11.61,Received,2025-04-29
PO0003675,2025-04-11,SUP003,SKU0057,4739,462.65,Received,2025-05-13
PO0003676,2024-03-17,SUP005,SKU0085,1451,581.35,Received,2024-04-30
PO0003677,2024-04-18,SUP006,SKU0110,1618,346.48,Delayed,2024-05-04
PO0003678,2025-03-08,SUP044,SKU0104,331,546.91,Received,2025-03-18
PO0003679,2025-12-22,SUP035,SKU0056,3992,184.36,Received,2026-01-22
PO0003680,2024-12-22,SUP016,SKU0098,1803,239.27,Delayed,2025-01-12
PO0003681,2024-09-24,SUP013,SKU0095,1044,195.84,Delayed,2024-11-04
PO0003682,2025-02-21,SUP022,SKU0012,2629,27.21,In Transit,2025-03-24
PO0003683,2024-11-16,SUP012,SKU0024,2010,388.36,Approved,2024-12-08
PO0003684,2023-11-21,SUP008,SKU0029,4901,270.82,Approved,2023-12-18
PO0003685,2024-12-15,SUP032,SKU0120,3197,228.28,Received,2025-01-26
PO0003686,2025-07-23,SUP019,SKU0067,4031,187.18,Approved,2025-07-28
PO0003687,2023-01-03,SUP009,SKU0006,3547,375.75,Received,2023-01-24
PO0003688,2025-03-21,SUP020,SKU0024,2632,423.64,Received,2025-04-18
PO0003689,2025-10-13,SUP026,SKU0002,2539,183.02,In Transit,2025-11-20
PO0003690,2025-07-10,SUP020,SKU0085,829,580.57,Ordered,2025-08-07
PO0003691,2025-02-28,SUP023,SKU0021,3594,517.82,Approved,2025-03-31
PO0003692,2024-06-10,SUP022,SKU0110,370,338.34,Ordered,2024-07-11
PO0003693,2024-12-23,SUP021,SKU0073,1907,97.96,Approved,2025-01-08
PO0003694,2025-03-01,SUP018,SKU0083,4728,379.56,Ordered,2025-03-06
PO0003695,2025-08-09,SUP029,SKU0009,747,154.94,Delayed,2025-09-12
PO0003696,2025-01-03,SUP009,SKU0117,4763,335.0,Ordered,2025-01-24
PO0003697,2024-10-19,SUP014,SKU0103,505,238.56,In Transit,2024-11-25
PO0003698,2025-08-12,SUP047,SKU0082,165,92.49,Received,2025-08-25
PO0003699,2023-08-14,SUP011,SKU0119,4433,414.72,Received,2023-08-20
PO0003700,2024-02-27,SUP028,SKU0088,2555,265.61,Approved,2024-03-22
PO0003701,2024-10-05,SUP040,SKU0104,2475,597.16,In Transit,2024-10-13
PO0003702,2024-11-17,SUP040,SKU0021,3323,483.7,Received,2024-11-25
PO0003703,2025-04-27,SUP043,SKU0014,3660,338.89,Received,2025-05-25
PO0003704,2024-06-20,SUP019,SKU0106,1913,468.47,Received,2024-06-25
PO0003705,2023-05-30,SUP020,SKU0102,1093,460.93,In Transit,2023-06-27
PO0003706,2024-05-15,SUP049,SKU0052,2086,18.26,Received,2024-06-09
PO0003707,2024-07-18,SUP038,SKU0003,3793,39.84,In Transit,2024-08-11
PO0003708,2024-07-06,SUP027,SKU0042,2261,13.55,Delayed,2024-07-15
PO0003709,2023-12-17,SUP010,SKU0119,1939,404.63,Received,2024-01-08
PO0003710,2025-10-22,SUP027,SKU0034,1151,410.54,Received,2025-10-31
PO0003711,2024-03-23,SUP037,SKU0046,4467,95.14,In Transit,2024-03-28
PO0003712,2024-07-06,SUP007,SKU0101,2141,451.14,Approved,2024-07-19
PO0003713,2025-07-01,SUP009,SKU0095,601,199.24,Approved,2025-07-22
PO0003714,2025-09-07,SUP049,SKU0087,455,537.13,Received,2025-10-02
PO0003715,2025-11-28,SUP023,SKU0099,1678,472.82,Delayed,2025-12-29
PO0003716,2025-04-25,SUP024,SKU0012,2858,28.86,In Transit,2025-05-04
PO0003717,2023-09-28,SUP050,SKU0108,1129,374.87,Approved,2023-10-17
PO0003718,2023-03-29,SUP020,SKU0038,2378,215.55,Received,2023-04-26
PO0003719,2025-02-20,SUP005,SKU0078,1315,544.25,Ordered,2025-04-05
PO0003720,2023-04-22,SUP002,SKU0101,1258,522.78,Received,2023-06-03
PO0003721,2023-08-07,SUP009,SKU0036,1040,400.01,Received,2023-08-28
PO0003722,2024-11-13,SUP026,SKU0108,3018,415.48,In Transit,2024-12-21
PO0003723,2025-03-13,SUP013,SKU0065,2809,323.82,Delayed,2025-04-23
PO0003724,2025-08-23,SUP001,SKU0096,4649,451.26,Approved,2025-09-06
PO0003725,2024-03-23,SUP005,SKU0067,2238,216.21,In Transit,2024-05-06
PO0003726,2024-09-03,SUP013,SKU0053,2224,524.76,Received,2024-10-14
PO0003727,2025-03-05,SUP015,SKU0100,793,309.11,In Transit,2025-04-15
PO0003728,2025-01-29,SUP004,SKU0077,1776,301.53,Ordered,2025-02-08
PO0003729,2024-01-26,SUP027,SKU0108,1390,448.86,Delayed,2024-02-04
PO0003730,2023-10-05,SUP003,SKU0028,2137,166.5,Received,2023-11-06
PO0003731,2024-08-22,SUP012,SKU0043,2271,133.16,Delayed,2024-09-13
PO0003732,2023-08-09,SUP002,SKU0064,2567,86.07,Received,2023-09-20
PO0003733,2025-05-01,SUP033,SKU0058,3346,183.49,In Transit,2025-05-18
PO0003734,2023-02-27,SUP003,SKU0087,4623,570.84,Delayed,2023-03-31
PO0003735,2024-10-04,SUP046,SKU0099,1253,500.67,Received,2024-11-14
PO0003736,2025-02-20,SUP049,SKU0030,4872,515.89,Ordered,2025-03-17
PO0003737,2023-07-03,SUP042,SKU0038,4091,210.08,Received,2023-08-10
PO0003738,2023-05-12,SUP030,SKU0010,2258,32.4,Approved,2023-06-04
PO0003739,2024-09-10,SUP014,SKU0051,2709,277.84,Ordered,2024-10-17
PO0003740,2025-01-20,SUP004,SKU0057,1438,395.4,In Transit,2025-01-30
PO0003741,2024-07-28,SUP028,SKU0073,3301,95.36,Received,2024-08-21
PO0003742,2024-11-20,SUP047,SKU0119,1406,418.09,Ordered,2024-12-03
PO0003743,2025-12-01,SUP010,SKU0053,2015,455.43,Approved,2025-12-23
PO0003744,2023-10-03,SUP022,SKU0037,3387,365.57,Approved,2023-11-03
PO0003745,2024-03-17,SUP014,SKU0015,181,353.34,Ordered,2024-04-23
PO0003746,2024-02-09,SUP017,SKU0098,3444,218.5,Approved,2024-02-21
PO0003747,2023-09-09,SUP043,SKU0115,3604,211.07,Received,2023-10-07
PO0003748,2023-01-22,SUP029,SKU0015,3596,346.78,Received,2023-02-25
PO0003749,2024-12-12,SUP049,SKU0011,2682,247.75,Delayed,2025-01-06
PO0003750,2023-04-27,SUP012,SKU0098,2377,226.12,Ordered,2023-05-19
PO0003751,2023-04-25,SUP006,SKU0001,1517,353.88,Delayed,2023-05-11
PO0003752,2024-06-13,SUP032,SKU0077,1497,297.65,Ordered,2024-07-25
PO0003753,2024-07-08,SUP046,SKU0082,1179,89.87,In Transit,2024-08-18
PO0003754,2024-08-29,SUP030,SKU0108,657,449.99,In Transit,2024-09-21
PO0003755,2023-02-03,SUP006,SKU0021,3820,520.52,Ordered,2023-02-19
PO0003756,2023-09-29,SUP019,SKU0030,526,508.5,Approved,2023-10-04
PO0003757,2025-06-18,SUP047,SKU0118,3488,430.65,Received,2025-07-01
PO0003758,2025-08-05,SUP047,SKU0084,932,424.2,Received,2025-08-18
PO0003759,2025-10-11,SUP021,SKU0038,2233,209.05,In Transit,2025-10-27
PO0003760,2024-01-10,SUP017,SKU0051,509,297.82,Delayed,2024-01-22
PO0003761,2024-04-10,SUP035,SKU0031,3710,96.07,Delayed,2024-05-11
PO0003762,2025-08-18,SUP041,SKU0031,1315,99.9,Approved,2025-08-28
PO0003763,2024-01-04,SUP010,SKU0096,2694,422.97,In Transit,2024-01-26
PO0003764,2024-12-03,SUP025,SKU0018,3329,542.89,Received,2025-01-09
PO0003765,2024-06-05,SUP033,SKU0025,1307,12.48,Received,2024-06-22
PO0003766,2024-05-25,SUP041,SKU0012,1637,28.74,Approved,2024-06-04
PO0003767,2024-01-17,SUP007,SKU0097,1164,472.56,Approved,2024-01-30
PO0003768,2023-09-02,SUP034,SKU0091,3851,214.11,Approved,2023-09-22
PO0003769,2024-04-27,SUP045,SKU0041,2939,537.17,In Transit,2024-05-10
PO0003770,2025-05-01,SUP048,SKU0021,509,515.72,Approved,2025-05-26
PO0003771,2025-07-19,SUP004,SKU0105,4070,374.81,Approved,2025-07-29
PO0003772,2024-04-06,SUP039,SKU0119,1337,431.75,In Transit,2024-04-26
PO0003773,2024-05-30,SUP045,SKU0084,3007,372.21,Received,2024-06-12
PO0003774,2023-08-13,SUP032,SKU0034,935,375.74,Ordered,2023-09-24
PO0003775,2025-10-05,SUP025,SKU0102,2185,447.21,In Transit,2025-11-11
PO0003776,2025-07-19,SUP012,SKU0012,1439,26.24,Received,2025-08-10
PO0003777,2023-11-03,SUP010,SKU0086,1025,91.66,Received,2023-11-25
PO0003778,2024-10-18,SUP044,SKU0079,2235,14.97,Delayed,2024-10-28
PO0003779,2025-02-22,SUP013,SKU0062,1699,279.14,Approved,2025-04-04
PO0003780,2024-02-05,SUP013,SKU0036,2474,407.7,Received,2024-03-17
PO0003781,2023-02-07,SUP020,SKU0002,4214,192.7,Received,2023-03-07
PO0003782,2025-11-07,SUP039,SKU0056,4852,194.16,Approved,2025-11-27
PO0003783,2024-07-08,SUP030,SKU0020,270,449.65,Approved,2024-07-31
PO0003784,2025-02-05,SUP040,SKU0047,3192,383.36,Delayed,2025-02-13
PO0003785,2024-12-16,SUP005,SKU0022,2665,359.33,Delayed,2025-01-29
PO0003786,2025-07-06,SUP032,SKU0081,2208,308.54,Ordered,2025-08-17
PO0003787,2025-03-24,SUP028,SKU0032,1813,387.96,In Transit,2025-04-17
PO0003788,2024-10-10,SUP027,SKU0101,2010,461.83,Received,2024-10-19
PO0003789,2025-10-16,SUP031,SKU0032,2712,440.81,Ordered,2025-11-29
PO0003790,2025-01-04,SUP037,SKU0094,1358,225.73,Approved,2025-01-09
PO0003791,2025-03-28,SUP023,SKU0005,4546,379.5,In Transit,2025-04-28
PO0003792,2023-10-02,SUP002,SKU0048,3121,26.21,Ordered,2023-11-13
PO0003793,2023-11-06,SUP038,SKU0095,2441,177.2,Received,2023-11-30
PO0003794,2025-04-20,SUP014,SKU0067,444,193.19,Received,2025-05-27
PO0003795,2024-10-08,SUP049,SKU0119,4864,436.17,Received,2024-11-02
PO0003796,2024-05-15,SUP030,SKU0049,1362,319.67,Ordered,2024-06-07
PO0003797,2024-08-30,SUP043,SKU0110,1573,339.82,Received,2024-09-27
PO0003798,2023-06-05,SUP022,SKU0055,2223,168.76,Approved,2023-07-06
PO0003799,2024-11-26,SUP007,SKU0032,1693,391.69,Approved,2024-12-09
PO0003800,2024-04-01,SUP042,SKU0116,4509,146.47,Approved,2024-05-09
PO0003801,2023-03-31,SUP018,SKU0118,4801,400.29,Ordered,2023-04-05
PO0003802,2023-11-18,SUP005,SKU0018,785,482.86,Ordered,2024-01-01
PO0003803,2023-07-13,SUP012,SKU0023,724,374.02,Received,2023-08-04
PO0003804,2025-11-13,SUP043,SKU0115,1022,208.19,In Transit,2025-12-11
PO0003805,2023-11-11,SUP028,SKU0079,4551,14.46,Received,2023-12-05
PO0003806,2025-04-02,SUP020,SKU0115,169,183.93,In Transit,2025-04-30
PO0003807,2023-08-13,SUP034,SKU0117,2776,307.03,In Transit,2023-09-02
PO0003808,2023-04-30,SUP025,SKU0025,2633,12.58,Ordered,2023-06-06
PO0003809,2023-01-02,SUP003,SKU0048,3280,24.16,In Transit,2023-02-03
PO0003810,2025-10-16,SUP029,SKU0087,4396,537.29,Received,2025-11-19
PO0003811,2025-12-02,SUP021,SKU0013,3276,276.47,Received,2025-12-18
PO0003812,2025-03-28,SUP048,SKU0040,2646,74.79,Approved,2025-04-22
PO0003813,2025-06-10,SUP047,SKU0081,1159,284.08,Delayed,2025-06-23
PO0003814,2024-01-05,SUP008,SKU0045,1254,373.23,Received,2024-02-01
PO0003815,2023-10-24,SUP012,SKU0016,715,203.67,Approved,2023-11-15
PO0003816,2024-09-17,SUP045,SKU0076,623,209.06,Ordered,2024-09-30
PO0003817,2024-06-02,SUP035,SKU0081,1877,318.89,Approved,2024-07-03
PO0003818,2024-07-30,SUP047,SKU0099,4078,537.08,In Transit,2024-08-12
PO0003819,2023-08-18,SUP006,SKU0031,3958,110.7,Received,2023-09-03
PO0003820,2023-11-11,SUP049,SKU0022,3428,389.87,In Transit,2023-12-06
PO0003821,2024-07-22,SUP037,SKU0117,4415,296.36,Ordered,2024-07-27
PO0003822,2025-11-18,SUP045,SKU0012,1731,26.76,In Transit,2025-12-01
PO0003823,2023-02-10,SUP004,SKU0094,1896,268.59,Received,2023-02-20
PO0003824,2025-04-19,SUP002,SKU0059,1477,608.96,Approved,2025-05-31
PO0003825,2023-01-12,SUP023,SKU0083,1711,404.32,In Transit,2023-02-12
PO0003826,2024-11-20,SUP013,SKU0046,4556,90.58,Approved,2024-12-31
PO0003827,2023-01-08,SUP021,SKU0025,480,11.06,Ordered,2023-01-24
PO0003828,2024-07-07,SUP016,SKU0019,4437,511.36,In Transit,2024-07-28
PO0003829,2023-01-04,SUP023,SKU0101,4631,502.62,Received,2023-02-04
PO0003830,2023-12-17,SUP043,SKU0066,4724,476.55,Approved,2024-01-14
PO0003831,2023-05-03,SUP029,SKU0055,3361,165.81,Received,2023-06-06
PO0003832,2023-12-02,SUP030,SKU0109,3672,187.18,Ordered,2023-12-25
PO0003833,2023-12-30,SUP036,SKU0103,1794,247.16,In Transit,2024-01-26
PO0003834,2025-02-28,SUP044,SKU0084,1769,375.09,Received,2025-03-10
PO0003835,2025-04-14,SUP048,SKU0022,782,383.55,Delayed,2025-05-09
PO0003836,2023-08-22,SUP041,SKU0093,4542,80.43,Received,2023-09-01
PO0003837,2023-12-29,SUP026,SKU0035,3826,175.21,Received,2024-02-05
PO0003838,2024-09-16,SUP050,SKU0070,990,144.49,Approved,2024-10-05
PO0003839,2024-01-24,SUP010,SKU0075,4243,582.39,Ordered,2024-02-15
PO0003840,2024-04-07,SUP046,SKU0105,1348,359.77,In Transit,2024-05-18
PO0003841,2025-11-06,SUP047,SKU0029,1933,287.42,Ordered,2025-11-19
PO0003842,2025-08-02,SUP048,SKU0057,618,426.47,Received,2025-08-27
PO0003843,2023-02-10,SUP026,SKU0095,4050,191.63,Approved,2023-03-20
PO0003844,2023-03-30,SUP028,SKU0089,3132,411.09,Ordered,2023-04-23
PO0003845,2023-01-13,SUP041,SKU0106,4509,489.45,Delayed,2023-01-23
PO0003846,2024-06-29,SUP016,SKU0114,714,300.11,Received,2024-07-20
PO0003847,2025-06-29,SUP027,SKU0005,1056,410.71,In Transit,2025-07-08
PO0003848,2023-08-15,SUP023,SKU0090,4961,262.32,In Transit,2023-09-15
PO0003849,2024-05-20,SUP035,SKU0046,2548,89.72,Received,2024-06-20
PO0003850,2023-12-31,SUP048,SKU0096,236,455.47,Delayed,2024-01-25
PO0003851,2023-11-05,SUP045,SKU0100,3301,329.69,Delayed,2023-11-18
PO0003852,2025-03-28,SUP035,SKU0024,3249,442.03,In Transit,2025-04-28
PO0003853,2024-12-25,SUP037,SKU0048,871,23.96,Received,2024-12-30
PO0003854,2024-02-23,SUP020,SKU0070,4255,163.51,Ordered,2024-03-22
PO0003855,2024-12-04,SUP021,SKU0120,1931,244.07,Delayed,2024-12-20
PO0003856,2025-06-10,SUP041,SKU0093,173,78.21,Delayed,2025-06-20
PO0003857,2024-09-02,SUP009,SKU0013,4845,288.51,Approved,2024-09-23
PO0003858,2025-06-30,SUP018,SKU0046,3992,85.89,In Transit,2025-07-05
PO0003859,2025-04-23,SUP028,SKU0006,4935,377.15,Received,2025-05-17
PO0003860,2023-05-09,SUP049,SKU0068,3687,436.65,Received,2023-06-03
PO0003861,2025-09-19,SUP002,SKU0097,4707,464.24,In Transit,2025-10-31
PO0003862,2025-07-25,SUP020,SKU0007,4179,311.15,Received,2025-08-22
PO0003863,2024-08-05,SUP026,SKU0017,2359,537.69,In Transit,2024-09-12
PO0003864,2024-02-01,SUP039,SKU0064,4229,97.26,Approved,2024-02-21
PO0003865,2025-04-21,SUP030,SKU0045,2086,342.75,Received,2025-05-14
PO0003866,2025-11-28,SUP041,SKU0100,2912,318.15,Delayed,2025-12-08
PO0003867,2025-12-28,SUP007,SKU0046,3219,88.67,In Transit,2026-01-10
PO0003868,2025-12-29,SUP002,SKU0072,2272,16.53,Approved,2026-02-09
PO0003869,2023-12-08,SUP043,SKU0074,4316,474.36,Approved,2024-01-05
PO0003870,2024-10-31,SUP011,SKU0086,1068,100.31,Approved,2024-11-06
PO0003871,2023-12-02,SUP026,SKU0093,1243,81.14,Approved,2024-01-09
PO0003872,2025-03-23,SUP026,SKU0031,2474,104.3,Approved,2025-04-30
PO0003873,2023-02-07,SUP035,SKU0067,1567,198.13,Received,2023-03-10
PO0003874,2025-01-04,SUP034,SKU0041,955,516.36,Approved,2025-01-24
PO0003875,2024-01-25,SUP043,SKU0078,437,503.23,Received,2024-02-22
PO0003876,2024-04-30,SUP040,SKU0041,4974,513.1,Received,2024-05-08
PO0003877,2023-08-06,SUP036,SKU0029,2947,291.37,Ordered,2023-09-02
PO0003878,2023-01-30,SUP010,SKU0113,3762,511.15,Approved,2023-02-21
PO0003879,2023-04-07,SUP001,SKU0088,1843,255.02,Received,2023-04-21
PO0003880,2025-03-10,SUP049,SKU0016,3403,199.7,In Transit,2025-04-04
PO0003881,2024-12-29,SUP042,SKU0022,1765,346.13,Received,2025-02-05
PO0003882,2025-03-04,SUP019,SKU0091,895,198.13,In Transit,2025-03-09
PO0003883,2024-01-28,SUP029,SKU0023,4534,396.5,Received,2024-03-02
PO0003884,2025-06-03,SUP029,SKU0115,4765,181.84,Received,2025-07-07
PO0003885,2023-02-09,SUP042,SKU0030,1069,475.4,Ordered,2023-03-19
PO0003886,2025-04-28,SUP042,SKU0049,386,281.5,Delayed,2025-06-05
PO0003887,2024-02-22,SUP028,SKU0039,3150,55.81,Approved,2024-03-17
PO0003888,2023-04-08,SUP015,SKU0086,2323,101.88,Received,2023-05-19
PO0003889,2024-05-31,SUP009,SKU0061,4976,479.3,Received,2024-06-21
PO0003890,2025-09-18,SUP018,SKU0083,2909,420.24,In Transit,2025-09-23
PO0003891,2025-03-31,SUP024,SKU0090,1450,256.02,Approved,2025-04-09
PO0003892,2025-02-12,SUP010,SKU0023,1132,354.42,Received,2025-03-06
PO0003893,2025-06-12,SUP031,SKU0022,1221,368.98,Received,2025-07-26
PO0003894,2024-01-01,SUP012,SKU0035,1581,175.98,Approved,2024-01-23
PO0003895,2024-11-10,SUP016,SKU0058,1865,188.71,Delayed,2024-12-01
PO0003896,2024-08-26,SUP029,SKU0009,340,159.94,Received,2024-09-29
PO0003897,2025-09-10,SUP025,SKU0017,2586,592.45,Delayed,2025-10-17
PO0003898,2024-10-28,SUP024,SKU0003,4992,39.32,Received,2024-11-06
PO0003899,2024-10-30,SUP011,SKU0118,889,425.23,Ordered,2024-11-05
PO0003900,2025-12-30,SUP015,SKU0053,2660,455.11,Approved,2026-02-09
PO0003901,2023-10-08,SUP019,SKU0060,2828,401.8,Ordered,2023-10-13
PO0003902,2023-07-28,SUP011,SKU0030,4981,430.57,Delayed,2023-08-03
PO0003903,2024-05-25,SUP026,SKU0066,1146,466.7,Approved,2024-07-02
PO0003904,2023-05-20,SUP046,SKU0101,3969,458.81,Delayed,2023-06-30
PO0003905,2023-10-21,SUP041,SKU0044,3895,516.83,Received,2023-10-31
PO0003906,2024-07-08,SUP035,SKU0061,4569,461.08,In Transit,2024-08-08
PO0003907,2024-12-10,SUP036,SKU0107,2729,578.82,Received,2025-01-06
PO0003908,2024-10-27,SUP011,SKU0086,1582,95.59,Received,2024-11-02
PO0003909,2023-12-15,SUP044,SKU0031,2936,95.78,Received,2023-12-25
PO0003910,2023-07-27,SUP026,SKU0009,1047,184.1,Received,2023-09-03
PO0003911,2025-09-28,SUP024,SKU0041,788,484.86,Approved,2025-10-07
PO0003912,2024-11-19,SUP004,SKU0027,4434,282.02,Approved,2024-11-29
PO0003913,2025-01-13,SUP020,SKU0057,859,403.57,Received,2025-02-10
PO0003914,2024-09-21,SUP018,SKU0074,3963,422.88,Received,2024-09-26
PO0003915,2024-03-15,SUP023,SKU0021,1256,478.6,In Transit,2024-04-15
PO0003916,2024-08-28,SUP008,SKU0119,3878,410.98,In Transit,2024-09-24
PO0003917,2024-09-06,SUP045,SKU0047,4778,361.05,Received,2024-09-19
PO0003918,2024-08-15,SUP039,SKU0050,1764,489.75,Ordered,2024-09-04
PO0003919,2025-09-27,SUP033,SKU0116,4477,126.14,Ordered,2025-10-14
PO0003920,2023-09-13,SUP034,SKU0068,1883,423.5,Approved,2023-10-03
PO0003921,2024-02-16,SUP016,SKU0112,4369,278.89,Ordered,2024-03-08
PO0003922,2025-05-24,SUP003,SKU0042,4302,14.92,In Transit,2025-06-25
PO0003923,2023-12-25,SUP036,SKU0088,659,272.22,Ordered,2024-01-21
PO0003924,2025-09-09,SUP035,SKU0019,3992,444.8,Received,2025-10-10
PO0003925,2025-06-09,SUP012,SKU0017,2688,609.27,Received,2025-07-01
PO0003926,2024-01-07,SUP008,SKU0110,3746,388.35,Received,2024-02-03
PO0003927,2024-10-31,SUP043,SKU0045,1842,388.38,Delayed,2024-11-28
PO0003928,2024-04-08,SUP031,SKU0042,4293,13.65,In Transit,2024-05-22
PO0003929,2023-08-08,SUP023,SKU0023,3580,398.08,Ordered,2023-09-08
PO0003930,2024-08-22,SUP018,SKU0012,3225,29.0,Delayed,2024-08-27
PO0003931,2025-09-08,SUP029,SKU0086,3203,102.15,In Transit,2025-10-12
PO0003932,2025-03-25,SUP038,SKU0099,634,541.94,Ordered,2025-04-18
PO0003933,2024-03-05,SUP026,SKU0050,1218,549.23,In Transit,2024-04-12
PO0003934,2024-06-10,SUP025,SKU0074,3622,425.71,Received,2024-07-17
PO0003935,2023-04-18,SUP040,SKU0071,4913,146.93,Approved,2023-04-26
PO0003936,2023-03-17,SUP008,SKU0011,495,262.52,In Transit,2023-04-13
PO0003937,2024-11-27,SUP031,SKU0116,1966,141.38,In Transit,2025-01-10
PO0003938,2024-04-24,SUP044,SKU0072,2888,16.09,Delayed,2024-05-04
PO0003939,2023-06-24,SUP035,SKU0058,4969,170.57,In Transit,2023-07-25
PO0003940,2024-08-17,SUP019,SKU0097,1494,530.9,Received,2024-08-22
PO0003941,2024-07-21,SUP048,SKU0108,4315,435.94,Received,2024-08-15
PO0003942,2025-07-26,SUP038,SKU0041,3136,483.82,In Transit,2025-08-19
PO0003943,2025-01-29,SUP050,SKU0056,4116,172.89,Delayed,2025-02-17
PO0003944,2024-12-14,SUP049,SKU0071,4359,133.94,In Transit,2025-01-08
PO0003945,2023-08-16,SUP038,SKU0057,520,396.86,Approved,2023-09-09
PO0003946,2025-06-22,SUP048,SKU0074,4882,443.66,In Transit,2025-07-17
PO0003947,2023-06-01,SUP009,SKU0034,2551,404.38,Ordered,2023-06-22
PO0003948,2025-07-14,SUP006,SKU0059,3885,528.04,Received,2025-07-30
PO0003949,2025-12-19,SUP020,SKU0120,2251,259.52,Approved,2026-01-16
PO0003950,2024-06-28,SUP014,SKU0049,3585,310.39,Ordered,2024-08-04
PO0003951,2025-12-07,SUP026,SKU0068,4387,396.26,Ordered,2026-01-14
PO0003952,2024-03-21,SUP041,SKU0083,343,362.86,In Transit,2024-03-31
PO0003953,2024-11-30,SUP049,SKU0020,3658,453.42,Approved,2024-12-25
PO0003954,2023-06-17,SUP037,SKU0013,2113,274.96,Received,2023-06-22
PO0003955,2023-06-13,SUP018,SKU0076,2857,233.48,Approved,2023-06-18
PO0003956,2023-12-08,SUP007,SKU0035,3747,189.03,Approved,2023-12-21
PO0003957,2025-01-28,SUP021,SKU0104,1310,557.93,Received,2025-02-13
PO0003958,2025-05-16,SUP038,SKU0096,1801,391.63,Received,2025-06-09
PO0003959,2023-07-03,SUP041,SKU0100,2664,354.54,In Transit,2023-07-13
PO0003960,2023-02-12,SUP049,SKU0086,3906,102.67,Approved,2023-03-09
PO0003961,2024-10-14,SUP013,SKU0014,1136,369.25,Approved,2024-11-24
PO0003962,2023-09-06,SUP008,SKU0083,4815,365.27,In Transit,2023-10-03
PO0003963,2023-06-13,SUP001,SKU0108,2136,450.98,In Transit,2023-06-27
PO0003964,2023-09-15,SUP037,SKU0091,3985,188.31,Delayed,2023-09-20
PO0003965,2024-10-07,SUP023,SKU0061,1093,418.06,Received,2024-11-07
PO0003966,2023-03-28,SUP037,SKU0006,583,356.64,Received,2023-04-02
PO0003967,2025-12-31,SUP007,SKU0062,4214,277.92,Approved,2026-01-13
PO0003968,2024-08-03,SUP021,SKU0081,599,323.92,Received,2024-08-19
PO0003969,2024-03-10,SUP046,SKU0045,3876,336.85,Approved,2024-04-20
PO0003970,2024-12-03,SUP045,SKU0081,4449,300.85,Received,2024-12-16
PO0003971,2025-04-03,SUP009,SKU0036,3703,389.37,Delayed,2025-04-24
PO0003972,2024-12-15,SUP033,SKU0116,3384,141.12,Ordered,2025-01-01
PO0003973,2024-12-24,SUP016,SKU0028,594,184.57,Delayed,2025-01-14
PO0003974,2024-11-14,SUP035,SKU0039,2735,56.71,Received,2024-12-15
PO0003975,2023-07-05,SUP024,SKU0004,2491,486.11,Ordered,2023-07-14
PO0003976,2023-06-26,SUP042,SKU0036,2838,455.86,Received,2023-08-03
PO0003977,2024-05-05,SUP038,SKU0097,4092,522.4,Received,2024-05-29
PO0003978,2024-12-11,SUP008,SKU0073,929,96.18,Ordered,2025-01-07
PO0003979,2025-03-15,SUP044,SKU0027,448,271.92,In Transit,2025-03-25
PO0003980,2024-05-06,SUP031,SKU0087,4082,505.06,Approved,2024-06-19
PO0003981,2023-11-21,SUP035,SKU0032,4970,409.76,Delayed,2023-12-22
PO0003982,2025-02-13,SUP027,SKU0109,138,166.84,Ordered,2025-02-22
PO0003983,2024-08-27,SUP012,SKU0066,4369,414.57,Received,2024-09-18
PO0003984,2024-06-09,SUP005,SKU0011,3476,238.75,Approved,2024-07-23
PO0003985,2025-08-03,SUP021,SKU0076,1777,222.36,Delayed,2025-08-19
PO0003986,2024-09-05,SUP027,SKU0106,2275,442.69,Received,2024-09-14
PO0003987,2023-09-12,SUP003,SKU0045,1647,369.97,In Transit,2023-10-14
PO0003988,2023-01-03,SUP009,SKU0009,4117,184.19,Approved,2023-01-24
PO0003989,2024-06-24,SUP010,SKU0067,4086,204.32,Received,2024-07-16
PO0003990,2023-10-03,SUP033,SKU0100,939,322.01,Received,2023-10-20
PO0003991,2024-07-08,SUP030,SKU0095,1050,193.01,In Transit,2024-07-31
PO0003992,2024-04-15,SUP038,SKU0014,2696,377.88,Approved,2024-05-09
PO0003993,2025-04-23,SUP037,SKU0094,467,245.76,Received,2025-04-28
PO0003994,2024-06-16,SUP045,SKU0092,129,149.89,Ordered,2024-06-29
PO0003995,2025-11-01,SUP035,SKU0019,2379,515.09,In Transit,2025-12-02
PO0003996,2025-07-19,SUP049,SKU0100,2308,363.1,Received,2025-08-13
PO0003997,2023-08-18,SUP046,SKU0096,2042,442.24,Received,2023-09-28
PO0003998,2025-07-18,SUP009,SKU0093,4121,68.69,Received,2025-08-08
PO0003999,2024-02-07,SUP002,SKU0056,3580,189.99,In Transit,2024-03-20
PO0004000,2023-09-03,SUP007,SKU0060,3243,410.29,Received,2023-09-16
PO0004001,2023-03-13,SUP013,SKU0022,2599,417.38,In Transit,2023-04-23
PO0004002,2025-10-28,SUP049,SKU0069,4382,240.32,In Transit,2025-11-22
PO0004003,2025-10-07,SUP014,SKU0051,4592,302.91,Delayed,2025-11-13
PO0004004,2025-01-05,SUP033,SKU0088,1922,293.52,Ordered,2025-01-22
PO0004005,2025-04-08,SUP019,SKU0118,3990,393.54,Received,2025-04-13
PO0004006,2023-07-13,SUP015,SKU0031,169,105.38,In Transit,2023-08-23
PO0004007,2023-08-19,SUP023,SKU0065,1681,319.38,Delayed,2023-09-19
PO0004008,2025-05-08,SUP002,SKU0085,1626,595.34,Received,2025-06-19
PO0004009,2023-09-30,SUP023,SKU0074,2266,472.69,Approved,2023-10-31
PO0004010,2024-06-20,SUP005,SKU0039,1495,55.54,Ordered,2024-08-03
PO0004011,2023-06-24,SUP040,SKU0031,385,107.84,Received,2023-07-02
PO0004012,2025-07-11,SUP030,SKU0079,1197,13.25,Received,2025-08-03
PO0004013,2023-05-16,SUP002,SKU0040,563,73.83,Received,2023-06-27
PO0004014,2024-07-11,SUP007,SKU0120,4728,225.54,Received,2024-07-24
PO0004015,2025-01-30,SUP050,SKU0116,2067,148.69,Delayed,2025-02-18
PO0004016,2023-06-04,SUP004,SKU0024,4054,437.9,Received,2023-06-14
PO0004017,2023-07-22,SUP041,SKU0059,1283,543.22,Received,2023-08-01
PO0004018,2025-08-11,SUP002,SKU0024,4911,439.21,In Transit,2025-09-22
PO0004019,2025-08-30,SUP010,SKU0043,3293,148.81,In Transit,2025-09-21
PO0004020,2025-04-13,SUP014,SKU0014,1601,333.86,Approved,2025-05-20
PO0004021,2025-10-12,SUP020,SKU0002,1280,169.06,Approved,2025-11-09
PO0004022,2024-06-26,SUP045,SKU0083,1852,359.97,Approved,2024-07-09
PO0004023,2023-08-09,SUP035,SKU0111,522,303.79,Received,2023-09-09
PO0004024,2025-02-22,SUP034,SKU0044,3635,475.91,Received,2025-03-14
PO0004025,2024-03-16,SUP004,SKU0077,3990,283.63,In Transit,2024-03-26
PO0004026,2025-03-28,SUP029,SKU0090,1491,242.97,Ordered,2025-05-01
PO0004027,2023-03-13,SUP003,SKU0085,4970,570.59,Ordered,2023-04-14
PO0004028,2025-03-11,SUP027,SKU0106,1210,445.35,Received,2025-03-20
PO0004029,2024-02-07,SUP027,SKU0096,4554,421.69,Approved,2024-02-16
PO0004030,2024-11-25,SUP030,SKU0047,3997,371.64,Approved,2024-12-18
PO0004031,2023-05-03,SUP007,SKU0011,4154,247.45,Received,2023-05-16
PO0004032,2023-01-26,SUP002,SKU0092,3879,139.44,Received,2023-03-09
PO0004033,2023-07-03,SUP013,SKU0058,383,179.07,Ordered,2023-08-13
PO0004034,2023-11-25,SUP006,SKU0088,994,263.9,Received,2023-12-11
PO0004035,2023-03-26,SUP048,SKU0028,4272,176.35,Approved,2023-04-20
PO0004036,2025-03-09,SUP032,SKU0038,1267,199.34,Approved,2025-04-20
PO0004037,2024-06-03,SUP021,SKU0040,2388,74.34,Approved,2024-06-19
PO0004038,2025-10-12,SUP008,SKU0011,4765,243.48,Approved,2025-11-08
PO0004039,2025-08-28,SUP001,SKU0084,3825,378.46,Ordered,2025-09-11
PO0004040,2025-04-13,SUP004,SKU0001,1285,348.31,Received,2025-04-23
PO0004041,2024-08-23,SUP009,SKU0102,1604,457.64,Approved,2024-09-13
PO0004042,2025-03-24,SUP001,SKU0099,1280,478.28,Ordered,2025-04-07
PO0004043,2024-07-06,SUP049,SKU0040,774,65.81,Delayed,2024-07-31
PO0004044,2023-02-04,SUP038,SKU0096,2324,398.6,Received,2023-02-28
PO0004045,2025-08-29,SUP012,SKU0118,3178,406.85,Ordered,2025-09-20
PO0004046,2024-01-10,SUP027,SKU0071,2992,139.43,Ordered,2024-01-19
PO0004047,2023-09-25,SUP031,SKU0055,3450,150.82,Received,2023-11-08
PO0004048,2024-09-06,SUP047,SKU0099,4664,446.85,Delayed,2024-09-19
PO0004049,2023-10-02,SUP018,SKU0052,2925,18.24,Received,2023-10-07
PO0004050,2024-12-19,SUP008,SKU0003,3231,37.78,Approved,2025-01-15
PO0004051,2023-08-06,SUP037,SKU0011,1004,251.43,In Transit,2023-08-11
PO0004052,2023-07-06,SUP011,SKU0035,3621,191.79,Received,2023-07-12
PO0004053,2024-08-07,SUP047,SKU0042,4489,16.15,Received,2024-08-20
PO0004054,2025-09-07,SUP036,SKU0011,3605,276.03,In Transit,2025-10-04
PO0004055,2025-05-12,SUP009,SKU0090,1852,264.7,Approved,2025-06-02
PO0004056,2023-01-20,SUP033,SKU0086,4405,89.66,Received,2023-02-06
PO0004057,2024-06-14,SUP002,SKU0055,4287,172.9,Received,2024-07-26
PO0004058,2023-07-01,SUP037,SKU0020,997,429.93,Received,2023-07-06
PO0004059,2024-08-20,SUP040,SKU0006,4746,318.2,Received,2024-08-28
PO0004060,2024-09-07,SUP003,SKU0009,512,164.81,Delayed,2024-10-09
PO0004061,2025-12-19,SUP050,SKU0103,1751,224.71,Delayed,2026-01-07
PO0004062,2023-09-19,SUP013,SKU0071,2770,158.65,Received,2023-10-30
PO0004063,2024-07-04,SUP033,SKU0101,3680,462.06,Approved,2024-07-21
PO0004064,2025-10-29,SUP011,SKU0098,1060,207.75,In Transit,2025-11-04
PO0004065,2025-04-20,SUP021,SKU0036,2347,419.37,Ordered,2025-05-06
PO0004066,2023-01-20,SUP011,SKU0060,640,422.49,Ordered,2023-01-26
PO0004067,2025-10-03,SUP044,SKU0018,1315,554.04,Received,2025-10-13
PO0004068,2024-11-04,SUP001,SKU0034,1805,423.08,Approved,2024-11-18
PO0004069,2023-05-05,SUP002,SKU0004,248,495.75,Received,2023-06-16
PO0004070,2024-05-24,SUP019,SKU0087,3403,534.38,In Transit,2024-05-29
PO0004071,2023-08-16,SUP040,SKU0116,139,125.39,In Transit,2023-08-24
PO0004072,2023-07-04,SUP008,SKU0076,2165,212.44,Approved,2023-07-31
PO0004073,2023-02-17,SUP038,SKU0056,856,174.89,Delayed,2023-03-13
PO0004074,2023-11-08,SUP016,SKU0022,1237,397.33,Ordered,2023-11-29
PO0004075,2025-07-24,SUP048,SKU0116,4867,144.04,In Transit,2025-08-18
PO0004076,2025-07-30,SUP048,SKU0088,466,274.22,In Transit,2025-08-24
PO0004077,2024-11-20,SUP020,SKU0007,4550,359.19,Approved,2024-12-18
PO0004078,2025-05-20,SUP031,SKU0011,2213,255.02,Approved,2025-07-03
PO0004079,2023-04-14,SUP002,SKU0013,4988,286.05,In Transit,2023-05-26
PO0004080,2025-11-20,SUP018,SKU0034,1895,381.88,Approved,2025-11-25
PO0004081,2023-07-18,SUP047,SKU0102,2101,513.43,Approved,2023-07-31
PO0004082,2023-07-16,SUP034,SKU0090,797,256.95,Delayed,2023-08-05
PO0004083,2025-01-26,SUP045,SKU0080,2222,431.15,Ordered,2025-02-08
PO0004084,2024-09-24,SUP010,SKU0112,248,241.35,Received,2024-10-16
PO0004085,2023-01-25,SUP005,SKU0063,3073,379.09,Ordered,2023-03-10
PO0004086,2024-07-22,SUP027,SKU0118,3467,360.18,Received,2024-07-31
PO0004087,2025-02-07,SUP037,SKU0014,4992,339.06,In Transit,2025-02-12
PO0004088,2024-07-13,SUP026,SKU0082,3638,97.68,Delayed,2024-08-20
PO0004089,2023-04-20,SUP007,SKU0119,579,449.37,Received,2023-05-03
PO0004090,2023-02-02,SUP009,SKU0064,4516,98.41,Delayed,2023-02-23
PO0004091,2025-11-04,SUP010,SKU0029,1228,305.4,In Transit,2025-11-26
PO0004092,2025-07-03,SUP039,SKU0045,2467,391.36,Ordered,2025-07-23
PO0004093,2025-03-11,SUP010,SKU0039,375,52.11,In Transit,2025-04-02
PO0004094,2023-05-24,SUP032,SKU0022,2246,397.59,Ordered,2023-07-05
PO0004095,2025-08-15,SUP015,SKU0027,3036,270.72,Ordered,2025-09-25
PO0004096,2025-04-22,SUP020,SKU0045,1408,390.13,Ordered,2025-05-20
PO0004097,2024-12-06,SUP030,SKU0017,242,529.84,Approved,2024-12-29
PO0004098,2023-11-23,SUP040,SKU0076,875,252.61,In Transit,2023-12-01
PO0004099,2023-10-13,SUP036,SKU0065,2819,293.54,Approved,2023-11-09
PO0004100,2025-05-07,SUP005,SKU0084,1547,420.59,Received,2025-06-20
PO0004101,2024-12-09,SUP037,SKU0010,246,33.08,Received,2024-12-14
PO0004102,2023-08-23,SUP003,SKU0079,598,14.6,Ordered,2023-09-24
PO0004103,2024-03-24,SUP004,SKU0005,2266,407.88,Approved,2024-04-03
PO0004104,2023-04-21,SUP006,SKU0115,1146,202.21,In Transit,2023-05-07
PO0004105,2023-10-21,SUP030,SKU0020,809,383.97,Delayed,2023-11-13
PO0004106,2023-12-26,SUP013,SKU0022,1141,388.31,Delayed,2024-02-05
PO0004107,2025-05-24,SUP005,SKU0051,2974,279.73,Approved,2025-07-07
PO0004108,2024-06-25,SUP035,SKU0081,3165,271.67,Delayed,2024-07-26
PO0004109,2025-05-29,SUP028,SKU0063,2763,380.78,Delayed,2025-06-22
PO0004110,2024-06-13,SUP020,SKU0118,3227,415.47,Received,2024-07-11
PO0004111,2023-12-30,SUP010,SKU0117,3702,317.15,Ordered,2024-01-21
PO0004112,2024-09-06,SUP025,SKU0074,306,411.86,Approved,2024-10-13
PO0004113,2024-11-12,SUP016,SKU0079,156,14.31,Delayed,2024-12-03
PO0004114,2024-02-24,SUP047,SKU0011,2632,260.41,Ordered,2024-03-08
PO0004115,2024-06-15,SUP016,SKU0003,2964,42.12,Received,2024-07-06
PO0004116,2023-06-20,SUP032,SKU0065,3457,320.78,Ordered,2023-08-01
PO0004117,2024-10-12,SUP049,SKU0027,931,276.64,Ordered,2024-11-06
PO0004118,2025-07-28,SUP043,SKU0073,1601,96.47,Approved,2025-08-25
PO0004119,2025-11-09,SUP026,SKU0060,3526,399.88,Received,2025-12-17
PO0004120,2024-12-20,SUP045,SKU0051,3378,332.34,Ordered,2025-01-02
PO0004121,2024-07-19,SUP005,SKU0115,3720,215.09,Received,2024-09-01
PO0004122,2025-06-24,SUP033,SKU0047,2308,385.12,Received,2025-07-11
PO0004123,2025-08-27,SUP030,SKU0094,759,257.95,In Transit,2025-09-19
PO0004124,2023-05-04,SUP041,SKU0119,1801,432.56,Approved,2023-05-14
PO0004125,2025-04-25,SUP007,SKU0100,4280,324.71,In Transit,2025-05-08
PO0004126,2025-09-16,SUP020,SKU0029,1292,274.16,Received,2025-10-14
PO0004127,2024-07-10,SUP014,SKU0090,2619,242.84,Delayed,2024-08-16
PO0004128,2025-05-08,SUP048,SKU0110,3199,377.59,Approved,2025-06-02
PO0004129,2023-11-05,SUP006,SKU0053,2854,534.34,Received,2023-11-21
PO0004130,2024-06-01,SUP039,SKU0063,3018,375.88,Received,2024-06-21
PO0004131,2023-12-19,SUP002,SKU0050,3374,557.03,Received,2024-01-30
PO0004132,2024-08-02,SUP042,SKU0031,820,108.71,Approved,2024-09-09
PO0004133,2025-10-06,SUP050,SKU0049,1702,313.52,Approved,2025-10-25
PO0004134,2025-12-23,SUP010,SKU0120,3897,227.17,Delayed,2026-01-14
PO0004135,2025-05-28,SUP015,SKU0043,2612,128.25,Delayed,2025-07-08
PO0004136,2024-08-11,SUP033,SKU0108,4218,438.41,Delayed,2024-08-28
PO0004137,2023-05-13,SUP034,SKU0050,4333,515.72,Received,2023-06-02
PO0004138,2023-02-17,SUP026,SKU0053,3419,480.72,Approved,2023-03-27
PO0004139,2024-12-12,SUP007,SKU0065,925,349.98,Ordered,2024-12-25
PO0004140,2023-07-06,SUP011,SKU0052,3139,16.47,Delayed,2023-07-12
PO0004141,2024-07-25,SUP006,SKU0087,1627,512.12,Approved,2024-08-10
PO0004142,2023-08-31,SUP046,SKU0082,3388,89.95,In Transit,2023-10-11
PO0004143,2025-12-17,SUP028,SKU0072,134,18.37,Ordered,2026-01-10
PO0004144,2025-10-14,SUP010,SKU0009,923,175.23,Delayed,2025-11-05
PO0004145,2025-10-31,SUP025,SKU0120,533,262.49,Ordered,2025-12-07
PO0004146,2023-12-01,SUP004,SKU0080,1751,411.09,Received,2023-12-11
PO0004147,2023-04-12,SUP006,SKU0106,832,517.21,Approved,2023-04-28
PO0004148,2023-01-28,SUP014,SKU0095,2539,207.98,Received,2023-03-06
PO0004149,2023-08-28,SUP016,SKU0046,976,97.13,Received,2023-09-18
PO0004150,2023-07-22,SUP038,SKU0052,3922,18.02,In Transit,2023-08-15
PO0004151,2025-04-29,SUP003,SKU0026,959,238.38,Received,2025-05-31
PO0004152,2023-11-15,SUP049,SKU0053,3006,523.55,In Transit,2023-12-10
PO0004153,2023-04-15,SUP047,SKU0104,4256,524.64,In Transit,2023-04-28
PO0004154,2024-08-06,SUP041,SKU0095,3922,204.24,Received,2024-08-16
PO0004155,2025-01-16,SUP001,SKU0060,1086,351.73,Received,2025-01-30
PO0004156,2024-11-28,SUP015,SKU0120,2866,240.61,Delayed,2025-01-08
PO0004157,2023-09-02,SUP002,SKU0063,3971,437.05,In Transit,2023-10-14
PO0004158,2025-12-18,SUP044,SKU0093,3734,74.63,Approved,2025-12-28
PO0004159,2025-08-23,SUP009,SKU0006,3933,350.37,Approved,2025-09-13
PO0004160,2024-04-09,SUP030,SKU0106,1017,530.65,Approved,2024-05-02
PO0004161,2025-05-23,SUP002,SKU0112,4626,267.14,Approved,2025-07-04
PO0004162,2025-08-20,SUP010,SKU0112,1163,277.62,Delayed,2025-09-11
PO0004163,2025-02-25,SUP017,SKU0103,4041,229.18,Approved,2025-03-09
PO0004164,2026-01-01,SUP013,SKU0051,4074,294.93,Ordered,2026-02-11
PO0004165,2023-03-24,SUP029,SKU0001,3534,330.95,Approved,2023-04-27
PO0004166,2023-01-15,SUP012,SKU0113,2449,487.83,Delayed,2023-02-06
PO0004167,2025-01-20,SUP023,SKU0030,3913,507.18,In Transit,2025-02-20
PO0004168,2023-03-06,SUP001,SKU0088,1490,288.98,Delayed,2023-03-20
PO0004169,2024-08-23,SUP013,SKU0028,1205,167.15,Received,2024-10-03
PO0004170,2024-01-17,SUP011,SKU0070,1095,157.01,Approved,2024-01-23
PO0004171,2025-02-26,SUP039,SKU0053,3232,510.19,Received,2025-03-18
PO0004172,2024-06-15,SUP026,SKU0042,3967,13.56,Received,2024-07-23
PO0004173,2024-12-31,SUP005,SKU0024,3679,429.94,Approved,2025-02-13
PO0004174,2024-05-18,SUP037,SKU0031,3087,107.28,Ordered,2024-05-23
PO0004175,2023-07-03,SUP021,SKU0032,549,435.9,Received,2023-07-19
PO0004176,2024-09-02,SUP010,SKU0109,3281,157.52,Received,2024-09-24
PO0004177,2023-01-20,SUP014,SKU0116,1718,135.43,Delayed,2023-02-26
PO0004178,2025-12-06,SUP050,SKU0063,2213,434.65,Ordered,2025-12-25
PO0004179,2024-07-31,SUP014,SKU0034,1021,411.71,Ordered,2024-09-06
PO0004180,2023-10-08,SUP019,SKU0070,4538,171.93,In Transit,2023-10-13
PO0004181,2023-05-16,SUP015,SKU0088,293,253.01,Approved,2023-06-26
PO0004182,2025-05-20,SUP039,SKU0100,711,359.24,Received,2025-06-09
PO0004183,2024-04-13,SUP003,SKU0081,1307,277.05,Approved,2024-05-15
PO0004184,2025-02-11,SUP031,SKU0027,3087,277.38,Delayed,2025-03-27
PO0004185,2025-03-05,SUP045,SKU0009,2482,164.83,Ordered,2025-03-18
PO0004186,2024-04-18,SUP043,SKU0015,2803,353.56,In Transit,2024-05-16
PO0004187,2023-07-05,SUP006,SKU0009,125,162.2,Approved,2023-07-21
PO0004188,2024-07-19,SUP032,SKU0024,3545,399.69,Ordered,2024-08-30
PO0004189,2025-10-01,SUP033,SKU0024,4894,444.0,Approved,2025-10-18
PO0004190,2024-10-17,SUP031,SKU0115,2121,201.82,Received,2024-11-30
PO0004191,2023-08-16,SUP009,SKU0024,4572,442.59,Received,2023-09-06
PO0004192,2025-10-06,SUP022,SKU0107,906,514.59,In Transit,2025-11-06
PO0004193,2025-02-01,SUP049,SKU0050,4710,539.53,Approved,2025-02-26
PO0004194,2024-11-30,SUP024,SKU0010,2226,32.16,Delayed,2024-12-09
PO0004195,2023-04-04,SUP049,SKU0118,3883,370.58,Delayed,2023-04-29
PO0004196,2025-02-24,SUP002,SKU0101,1357,464.51,Received,2025-04-07
PO0004197,2025-06-10,SUP049,SKU0026,3129,233.38,Received,2025-07-05
PO0004198,2025-08-05,SUP030,SKU0015,1257,338.92,Approved,2025-08-28
PO0004199,2025-06-23,SUP007,SKU0047,323,361.14,Approved,2025-07-06
PO0004200,2025-10-21,SUP030,SKU0001,1103,318.0,Received,2025-11-13
PO0004201,2025-09-11,SUP035,SKU0110,1983,372.61,Delayed,2025-10-12
PO0004202,2023-05-06,SUP014,SKU0036,900,424.05,Received,2023-06-12
PO0004203,2024-04-12,SUP034,SKU0062,230,281.07,Received,2024-05-02
PO0004204,2024-08-30,SUP005,SKU0103,2571,229.77,Received,2024-10-13
PO0004205,2025-07-29,SUP043,SKU0115,1583,195.09,Ordered,2025-08-26
PO0004206,2023-12-20,SUP022,SKU0070,2226,169.21,Received,2024-01-20
PO0004207,2025-12-17,SUP026,SKU0072,1308,18.61,Ordered,2026-01-24
PO0004208,2025-11-23,SUP020,SKU0039,474,51.26,Received,2025-12-21
PO0004209,2024-05-28,SUP009,SKU0018,184,510.58,Received,2024-06-18
PO0004210,2024-02-28,SUP010,SKU0039,4017,56.41,Delayed,2024-03-21
PO0004211,2024-02-27,SUP022,SKU0098,1805,229.86,Received,2024-03-29
PO0004212,2025-09-01,SUP027,SKU0033,1233,512.23,Ordered,2025-09-10
PO0004213,2024-03-22,SUP034,SKU0120,3632,249.79,Received,2024-04-11
PO0004214,2023-04-17,SUP027,SKU0074,347,473.57,In Transit,2023-04-26
PO0004215,2025-12-07,SUP026,SKU0081,4944,311.88,Ordered,2026-01-14
PO0004216,2023-04-28,SUP045,SKU0062,2841,281.27,Ordered,2023-05-11
PO0004217,2024-06-15,SUP001,SKU0119,2941,470.51,Delayed,2024-06-29
PO0004218,2025-12-10,SUP039,SKU0004,1286,488.45,In Transit,2025-12-30
PO0004219,2025-05-06,SUP048,SKU0092,786,161.34,Received,2025-05-31
PO0004220,2025-07-09,SUP028,SKU0087,2208,569.23,Received,2025-08-02
PO0004221,2024-01-28,SUP044,SKU0047,2735,357.56,Approved,2024-02-07
PO0004222,2025-08-28,SUP033,SKU0084,4977,428.19,Received,2025-09-14
PO0004223,2024-11-25,SUP023,SKU0034,2186,374.62,Approved,2024-12-26
PO0004224,2023-02-26,SUP016,SKU0031,4416,98.25,Ordered,2023-03-19
PO0004225,2025-09-03,SUP014,SKU0012,3396,30.47,Ordered,2025-10-10
PO0004226,2025-07-21,SUP047,SKU0057,1789,396.95,Delayed,2025-08-03
PO0004227,2023-12-27,SUP012,SKU0025,1306,11.42,Approved,2024-01-18
PO0004228,2023-06-03,SUP030,SKU0022,3139,394.71,Received,2023-06-26
PO0004229,2025-05-22,SUP039,SKU0023,1088,419.82,Approved,2025-06-11
PO0004230,2025-05-16,SUP011,SKU0069,568,234.9,Ordered,2025-05-22
PO0004231,2025-01-31,SUP008,SKU0038,2467,202.85,In Transit,2025-02-27
PO0004232,2025-04-07,SUP037,SKU0041,4633,463.7,Received,2025-04-12
PO0004233,2023-12-26,SUP007,SKU0093,3580,81.06,Approved,2024-01-08
PO0004234,2024-02-29,SUP038,SKU0020,1567,397.32,Ordered,2024-03-24
PO0004235,2025-04-26,SUP037,SKU0052,4602,15.46,Received,2025-05-01
PO0004236,2024-01-13,SUP044,SKU0086,3356,89.65,Approved,2024-01-23
PO0004237,2023-05-05,SUP028,SKU0038,4575,192.51,Approved,2023-05-29
PO0004238,2025-07-11,SUP030,SKU0106,258,528.32,Approved,2025-08-03
PO0004239,2025-03-30,SUP013,SKU0058,3750,187.16,Approved,2025-05-10
PO0004240,2024-12-02,SUP044,SKU0042,188,16.32,Received,2024-12-12
PO0004241,2024-02-11,SUP014,SKU0049,1613,305.23,Received,2024-03-19
PO0004242,2024-01-11,SUP017,SKU0052,2390,16.7,Ordered,2024-01-23
PO0004243,2023-08-20,SUP029,SKU0077,1409,318.28,Received,2023-09-23
PO0004244,2025-06-06,SUP016,SKU0059,4648,526.98,Ordered,2025-06-27
PO0004245,2023-03-08,SUP048,SKU0001,3357,343.81,Received,2023-04-02
PO0004246,2024-06-16,SUP004,SKU0054,1380,495.06,In Transit,2024-06-26
PO0004247,2024-10-27,SUP007,SKU0098,1893,230.36,Ordered,2024-11-09
PO0004248,2023-09-18,SUP030,SKU0072,1394,18.95,Received,2023-10-11
PO0004249,2024-01-05,SUP035,SKU0017,812,547.66,In Transit,2024-02-05
PO0004250,2023-08-30,SUP025,SKU0063,1920,390.74,Approved,2023-10-06
PO0004251,2024-09-03,SUP050,SKU0073,4713,104.8,Approved,2024-09-22
PO0004252,2023-09-14,SUP028,SKU0012,3538,28.74,Delayed,2023-10-08
PO0004253,2024-11-09,SUP011,SKU0028,3816,190.19,In Transit,2024-11-15
PO0004254,2024-09-14,SUP023,SKU0083,1782,392.0,Received,2024-10-15
PO0004255,2025-02-04,SUP002,SKU0115,3808,208.65,In Transit,2025-03-18
PO0004256,2025-06-09,SUP020,SKU0031,122,101.53,Received,2025-07-07
PO0004257,2025-01-14,SUP049,SKU0086,3481,100.51,Approved,2025-02-08
PO0004258,2023-12-14,SUP003,SKU0075,4569,496.44,Delayed,2024-01-15
PO0004259,2023-07-31,SUP037,SKU0065,1507,324.62,Ordered,2023-08-05
PO0004260,2024-01-17,SUP050,SKU0011,736,281.92,Received,2024-02-05
PO0004261,2024-05-02,SUP040,SKU0017,366,561.7,In Transit,2024-05-10
PO0004262,2023-03-12,SUP038,SKU0098,1944,205.52,Ordered,2023-04-05
PO0004263,2024-12-14,SUP013,SKU0082,2125,93.02,Approved,2025-01-24
PO0004264,2023-12-10,SUP016,SKU0023,3028,350.62,Ordered,2023-12-31
PO0004265,2025-02-05,SUP042,SKU0013,2814,260.66,Approved,2025-03-15
PO0004266,2023-08-21,SUP040,SKU0027,1953,289.28,Received,2023-08-29
PO0004267,2024-11-03,SUP046,SKU0087,373,509.84,Received,2024-12-14
PO0004268,2025-10-29,SUP036,SKU0108,4689,395.32,Ordered,2025-11-25
PO0004269,2024-02-01,SUP049,SKU0038,2111,199.64,Ordered,2024-02-26
PO0004270,2024-08-26,SUP016,SKU0093,3328,80.52,In Transit,2024-09-16
PO0004271,2025-05-23,SUP009,SKU0087,159,573.04,Approved,2025-06-13
PO0004272,2024-12-11,SUP037,SKU0061,4510,484.73,Ordered,2024-12-16
PO0004273,2023-09-08,SUP009,SKU0120,2307,251.26,Approved,2023-09-29
PO0004274,2023-11-28,SUP038,SKU0108,571,408.5,Received,2023-12-22
PO0004275,2025-03-15,SUP021,SKU0060,1196,418.92,Approved,2025-03-31
PO0004276,2023-10-20,SUP016,SKU0057,4166,415.71,Approved,2023-11-10
PO0004277,2025-09-12,SUP030,SKU0057,2631,431.53,Received,2025-10-05
PO0004278,2023-11-24,SUP005,SKU0113,221,472.06,In Transit,2024-01-07
PO0004279,2024-07-03,SUP042,SKU0091,861,198.46,Received,2024-08-10
PO0004280,2024-12-01,SUP040,SKU0034,901,408.97,Ordered,2024-12-09
PO0004281,2025-03-21,SUP029,SKU0048,722,26.88,Approved,2025-04-24
PO0004282,2025-09-13,SUP024,SKU0090,2001,278.51,Ordered,2025-09-22
PO0004283,2025-05-17,SUP018,SKU0068,3978,414.65,Delayed,2025-05-22
PO0004284,2025-11-07,SUP041,SKU0084,3365,378.07,Approved,2025-11-17
PO0004285,2023-10-18,SUP045,SKU0039,308,55.83,Received,2023-10-31
PO0004286,2023-09-04,SUP029,SKU0020,1972,383.7,In Transit,2023-10-08
PO0004287,2023-11-21,SUP043,SKU0099,4466,533.59,Received,2023-12-19
PO0004288,2023-10-09,SUP018,SKU0109,600,161.6,Delayed,2023-10-14
PO0004289,2023-08-05,SUP005,SKU0054,2998,477.59,Received,2023-09-18
PO0004290,2024-12-27,SUP001,SKU0100,2703,310.57,Ordered,2025-01-10
PO0004291,2023-10-13,SUP007,SKU0107,4866,570.77,Received,2023-10-26
PO0004292,2024-05-01,SUP043,SKU0080,504,447.91,Received,2024-05-29
PO0004293,2025-09-20,SUP038,SKU0050,3876,554.64,Received,2025-10-14
PO0004294,2025-08-12,SUP039,SKU0094,1139,243.56,Delayed,2025-09-01
PO0004295,2024-05-29,SUP009,SKU0108,1356,451.99,In Transit,2024-06-19
PO0004296,2024-04-28,SUP046,SKU0039,2183,53.12,Delayed,2024-06-08
PO0004297,2024-10-20,SUP045,SKU0067,4521,219.75,In Transit,2024-11-02
PO0004298,2024-01-05,SUP048,SKU0112,160,247.19,In Transit,2024-01-30
PO0004299,2025-09-16,SUP032,SKU0085,439,581.95,Delayed,2025-10-28
PO0004300,2025-02-21,SUP037,SKU0078,1724,569.06,Ordered,2025-02-26
PO0004301,2023-12-15,SUP038,SKU0029,4929,325.17,Received,2024-01-08
PO0004302,2024-12-26,SUP007,SKU0017,3032,631.4,Approved,2025-01-08
PO0004303,2023-12-06,SUP022,SKU0094,3927,260.65,Delayed,2024-01-06
PO0004304,2024-08-16,SUP028,SKU0076,2352,209.6,In Transit,2024-09-09
PO0004305,2024-11-14,SUP041,SKU0031,4224,109.11,Received,2024-11-24
PO0004306,2025-12-15,SUP034,SKU0060,1673,409.55,In Transit,2026-01-04
PO0004307,2023-12-18,SUP050,SKU0097,2726,535.94,Delayed,2024-01-06
PO0004308,2025-09-05,SUP009,SKU0064,3413,96.2,Approved,2025-09-26
PO0004309,2025-11-06,SUP018,SKU0048,3359,25.74,Delayed,2025-11-11
PO0004310,2023-12-11,SUP024,SKU0025,2599,12.43,Delayed,2023-12-20
PO0004311,2024-10-15,SUP048,SKU0092,3157,135.42,In Transit,2024-11-09
PO0004312,2025-03-13,SUP011,SKU0020,4650,394.94,Ordered,2025-03-19
PO0004313,2024-12-18,SUP001,SKU0036,970,428.01,Received,2025-01-01
PO0004314,2025-04-10,SUP011,SKU0015,2556,369.59,In Transit,2025-04-16
PO0004315,2025-04-22,SUP013,SKU0055,4924,173.27,Ordered,2025-06-02
PO0004316,2023-01-27,SUP006,SKU0120,1488,253.18,Ordered,2023-02-12
PO0004317,2024-07-14,SUP006,SKU0072,2454,17.49,Ordered,2024-07-30
PO0004318,2023-01-24,SUP001,SKU0058,3520,170.04,Delayed,2023-02-07
PO0004319,2025-06-27,SUP003,SKU0014,1200,350.45,Approved,2025-07-29
PO0004320,2024-06-21,SUP022,SKU0050,531,589.74,Received,2024-07-22
PO0004321,2025-05-31,SUP013,SKU0107,1616,507.13,Received,2025-07-11
PO0004322,2023-03-22,SUP002,SKU0118,1997,406.66,Approved,2023-05-03
PO0004323,2023-06-22,SUP037,SKU0099,1899,468.72,Ordered,2023-06-27
PO0004324,2023-12-30,SUP009,SKU0031,1413,99.04,Received,2024-01-20
PO0004325,2023-07-11,SUP006,SKU0019,4948,447.25,Approved,2023-07-27
PO0004326,2023-04-06,SUP027,SKU0002,274,195.99,Ordered,2023-04-15
PO0004327,2025-08-02,SUP032,SKU0011,405,251.47,Received,2025-09-13
PO0004328,2025-03-30,SUP008,SKU0011,3524,278.11,Approved,2025-04-26
PO0004329,2025-08-28,SUP028,SKU0069,1163,217.62,Ordered,2025-09-21
PO0004330,2025-12-12,SUP046,SKU0115,2999,180.19,In Transit,2026-01-22
PO0004331,2024-10-28,SUP015,SKU0035,3893,177.83,Received,2024-12-08
PO0004332,2025-05-17,SUP006,SKU0080,3742,475.47,Delayed,2025-06-02
PO0004333,2023-10-28,SUP015,SKU0030,1011,444.67,Ordered,2023-12-08
PO0004334,2025-04-20,SUP008,SKU0065,201,327.68,In Transit,2025-05-17
PO0004335,2024-06-14,SUP019,SKU0031,863,112.81,Received,2024-06-19
PO0004336,2023-10-09,SUP013,SKU0049,912,303.73,Received,2023-11-19
PO0004337,2024-08-12,SUP008,SKU0099,1710,489.88,Received,2024-09-08
PO0004338,2025-08-20,SUP043,SKU0078,3281,523.39,Received,2025-09-17
PO0004339,2025-05-10,SUP049,SKU0092,359,145.52,Delayed,2025-06-04
PO0004340,2024-03-02,SUP017,SKU0095,2494,179.62,Approved,2024-03-14
PO0004341,2024-07-22,SUP028,SKU0120,669,237.9,Received,2024-08-15
PO0004342,2023-07-24,SUP033,SKU0044,4609,511.31,Approved,2023-08-10
PO0004343,2025-10-09,SUP040,SKU0035,4725,178.41,Received,2025-10-17
PO0004344,2024-01-10,SUP003,SKU0074,1481,427.95,Ordered,2024-02-11
PO0004345,2025-06-30,SUP020,SKU0006,2284,362.24,Approved,2025-07-28
PO0004346,2025-10-13,SUP011,SKU0102,1894,448.99,Received,2025-10-19
PO0004347,2024-11-17,SUP013,SKU0007,4204,348.39,In Transit,2024-12-28
PO0004348,2024-06-07,SUP029,SKU0092,4771,155.54,Approved,2024-07-11
PO0004349,2023-12-05,SUP023,SKU0077,2503,331.45,Received,2024-01-05
PO0004350,2024-04-06,SUP025,SKU0016,1220,213.42,In Transit,2024-05-13
PO0004351,2023-03-26,SUP018,SKU0120,3930,223.53,In Transit,2023-03-31
PO0004352,2025-06-07,SUP047,SKU0022,2280,349.65,Approved,2025-06-20
PO0004353,2023-01-07,SUP039,SKU0025,2876,10.83,Received,2023-01-27
PO0004354,2024-10-02,SUP031,SKU0039,2294,48.42,Received,2024-11-15
PO0004355,2024-07-24,SUP016,SKU0027,2731,278.26,In Transit,2024-08-14
PO0004356,2023-02-02,SUP003,SKU0036,4864,449.08,Received,2023-03-06
PO0004357,2025-12-28,SUP005,SKU0116,2245,144.01,Approved,2026-02-10
PO0004358,2024-09-16,SUP032,SKU0094,3463,261.68,Received,2024-10-28
PO0004359,2024-03-30,SUP030,SKU0048,4238,28.19,In Transit,2024-04-22
PO0004360,2024-06-20,SUP018,SKU0003,1838,41.27,Received,2024-06-25
PO0004361,2025-02-07,SUP006,SKU0054,4541,483.24,Delayed,2025-02-23
PO0004362,2024-12-20,SUP027,SKU0069,2200,240.09,Received,2024-12-29
PO0004363,2023-09-27,SUP044,SKU0042,3276,15.77,Received,2023-10-07
PO0004364,2023-05-18,SUP024,SKU0094,2532,268.94,Approved,2023-05-27
PO0004365,2025-11-29,SUP024,SKU0074,4339,469.03,In Transit,2025-12-08
PO0004366,2023-03-10,SUP004,SKU0027,1321,261.0,Delayed,2023-03-20
PO0004367,2023-12-08,SUP037,SKU0046,1001,83.46,In Transit,2023-12-13
PO0004368,2024-09-22,SUP022,SKU0012,435,30.17,Delayed,2024-10-23
PO0004369,2025-02-27,SUP002,SKU0029,2476,324.58,Received,2025-04-10
PO0004370,2025-04-23,SUP049,SKU0103,3609,208.19,Approved,2025-05-18
PO0004371,2024-04-11,SUP046,SKU0009,2131,166.17,Received,2024-05-22
PO0004372,2025-11-08,SUP016,SKU0041,1830,443.55,Received,2025-11-29
PO0004373,2025-06-20,SUP043,SKU0116,1828,125.92,Received,2025-07-18
PO0004374,2025-08-22,SUP045,SKU0036,1085,429.26,Ordered,2025-09-04
PO0004375,2024-01-10,SUP048,SKU0058,1602,170.95,Received,2024-02-04
PO0004376,2024-07-29,SUP050,SKU0054,765,470.53,In Transit,2024-08-17
PO0004377,2025-07-14,SUP033,SKU0047,4253,358.97,Ordered,2025-07-31
PO0004378,2025-10-25,SUP049,SKU0082,2799,102.31,Approved,2025-11-19
PO0004379,2025-03-04,SUP031,SKU0078,1781,528.53,Ordered,2025-04-17
PO0004380,2024-09-15,SUP044,SKU0116,1485,144.69,Delayed,2024-09-25
PO0004381,2025-10-28,SUP049,SKU0016,4045,238.13,Approved,2025-11-22
PO0004382,2024-10-06,SUP041,SKU0035,2743,203.5,Delayed,2024-10-16
PO0004383,2024-09-11,SUP037,SKU0016,1230,201.31,Approved,2024-09-16
PO0004384,2025-07-21,SUP004,SKU0057,2249,436.61,In Transit,2025-07-31
PO0004385,2025-05-15,SUP049,SKU0038,736,214.63,Received,2025-06-09
PO0004386,2025-06-25,SUP002,SKU0039,3435,50.66,Ordered,2025-08-06
PO0004387,2023-05-06,SUP049,SKU0034,671,394.2,Ordered,2023-05-31
PO0004388,2023-01-31,SUP031,SKU0072,1670,18.78,In Transit,2023-03-16
PO0004389,2023-12-30,SUP050,SKU0120,4269,255.4,Approved,2024-01-18
PO0004390,2023-11-24,SUP032,SKU0053,1083,511.24,Received,2024-01-05
PO0004391,2024-10-23,SUP050,SKU0078,1771,549.36,Ordered,2024-11-11
PO0004392,2025-08-07,SUP006,SKU0080,3848,467.55,Approved,2025-08-23
PO0004393,2025-12-29,SUP028,SKU0030,2622,482.96,Ordered,2026-01-22
PO0004394,2025-04-09,SUP038,SKU0043,2491,126.41,Ordered,2025-05-03
PO0004395,2026-01-01,SUP044,SKU0069,2020,243.49,Approved,2026-01-11
PO0004396,2024-05-01,SUP021,SKU0058,2577,180.21,Delayed,2024-05-17
PO0004397,2023-02-09,SUP008,SKU0057,2412,412.09,In Transit,2023-03-08
PO0004398,2025-05-07,SUP029,SKU0113,319,531.02,In Transit,2025-06-10
PO0004399,2024-01-03,SUP005,SKU0087,2885,573.87,Received,2024-02-16
PO0004400,2024-01-24,SUP001,SKU0119,3113,423.38,In Transit,2024-02-07
PO0004401,2025-12-22,SUP011,SKU0005,2324,391.78,In Transit,2025-12-28
PO0004402,2024-07-23,SUP043,SKU0043,2109,144.16,Delayed,2024-08-20
PO0004403,2023-10-28,SUP045,SKU0006,717,341.24,In Transit,2023-11-10
PO0004404,2023-08-17,SUP027,SKU0094,3962,249.94,Approved,2023-08-26
PO0004405,2025-03-02,SUP041,SKU0105,3187,426.63,Received,2025-03-12
PO0004406,2024-03-30,SUP044,SKU0053,1033,489.21,Delayed,2024-04-09
PO0004407,2025-12-16,SUP038,SKU0066,524,416.45,Delayed,2026-01-09
PO0004408,2024-06-01,SUP050,SKU0015,4858,404.98,Delayed,2024-06-20
PO0004409,2023-10-18,SUP042,SKU0005,4286,380.29,Approved,2023-11-25
PO0004410,2024-02-14,SUP029,SKU0092,479,136.43,Approved,2024-03-19
PO0004411,2023-11-16,SUP027,SKU0093,2544,67.49,Approved,2023-11-25
PO0004412,2024-02-21,SUP002,SKU0030,4303,484.69,Approved,2024-04-03
PO0004413,2025-11-26,SUP041,SKU0064,637,90.12,Received,2025-12-06
PO0004414,2023-11-04,SUP034,SKU0022,1456,390.83,Received,2023-11-24
PO0004415,2023-12-23,SUP042,SKU0099,2524,526.73,In Transit,2024-01-30
PO0004416,2024-10-30,SUP049,SKU0078,347,537.68,Approved,2024-11-24
PO0004417,2025-07-26,SUP010,SKU0077,4329,314.79,In Transit,2025-08-17
PO0004418,2024-11-25,SUP037,SKU0045,1606,367.98,Received,2024-11-30
PO0004419,2024-07-18,SUP006,SKU0063,716,396.46,Approved,2024-08-03
PO0004420,2025-05-16,SUP038,SKU0094,1020,260.79,Received,2025-06-09
PO0004421,2023-08-14,SUP011,SKU0109,3968,169.01,Ordered,2023-08-20
PO0004422,2023-02-01,SUP036,SKU0098,371,221.23,Approved,2023-02-28
PO0004423,2024-05-06,SUP040,SKU0015,1083,370.26,Delayed,2024-05-14
PO0004424,2023-12-25,SUP027,SKU0083,1694,398.5,Received,2024-01-03
PO0004425,2024-07-28,SUP018,SKU0003,1888,40.18,In Transit,2024-08-02
PO0004426,2025-02-20,SUP041,SKU0027,1606,270.97,Received,2025-03-02
PO0004427,2025-12-04,SUP044,SKU0106,4069,526.22,Approved,2025-12-14
PO0004428,2024-01-01,SUP001,SKU0001,2518,347.36,Delayed,2024-01-15
PO0004429,2023-10-20,SUP020,SKU0017,1429,606.13,Received,2023-11-17
PO0004430,2024-03-16,SUP027,SKU0092,4987,133.6,Approved,2024-03-25
PO0004431,2023-11-16,SUP015,SKU0063,3856,392.05,Approved,2023-12-27
PO0004432,2024-01-10,SUP036,SKU0092,2281,149.9,Received,2024-02-06
PO0004433,2023-05-01,SUP016,SKU0053,3186,520.04,Received,2023-05-22
PO0004434,2023-01-02,SUP009,SKU0015,2505,354.28,Received,2023-01-23
PO0004435,2023-09-30,SUP049,SKU0091,2625,177.92,Received,2023-10-25
PO0004436,2024-03-31,SUP045,SKU0034,3580,382.43,Approved,2024-04-13
PO0004437,2025-12-27,SUP029,SKU0060,3108,405.66,Received,2026-01-30
PO0004438,2023-02-03,SUP016,SKU0079,3377,15.66,Received,2023-02-24
PO0004439,2025-11-10,SUP035,SKU0114,1303,270.67,Delayed,2025-12-11
PO0004440,2025-07-14,SUP032,SKU0092,2137,148.36,Received,2025-08-25
PO0004441,2025-03-30,SUP027,SKU0047,1347,400.33,Ordered,2025-04-08
PO0004442,2024-04-17,SUP028,SKU0062,414,260.02,Received,2024-05-11
PO0004443,2025-12-19,SUP027,SKU0024,2424,427.04,Ordered,2025-12-28
PO0004444,2025-02-02,SUP038,SKU0074,2642,452.97,Received,2025-02-26
PO0004445,2023-12-23,SUP009,SKU0033,513,574.78,Ordered,2024-01-13
PO0004446,2025-12-10,SUP025,SKU0042,1611,14.0,Received,2026-01-16
PO0004447,2023-09-21,SUP001,SKU0094,3244,245.69,Approved,2023-10-05
PO0004448,2025-07-18,SUP037,SKU0012,4879,28.49,Ordered,2025-07-23
PO0004449,2024-12-07,SUP025,SKU0070,4933,173.64,In Transit,2025-01-13
PO0004450,2023-11-13,SUP038,SKU0005,4590,393.1,Received,2023-12-07
PO0004451,2025-09-04,SUP026,SKU0011,4654,261.61,Delayed,2025-10-12
PO0004452,2025-10-11,SUP029,SKU0025,1634,11.17,Received,2025-11-14
PO0004453,2023-01-26,SUP020,SKU0085,1094,560.19,In Transit,2023-02-23
PO0004454,2023-12-20,SUP004,SKU0029,4386,322.87,Received,2023-12-30
PO0004455,2024-05-20,SUP007,SKU0082,2781,92.9,In Transit,2024-06-02
PO0004456,2024-01-24,SUP049,SKU0022,793,356.67,Ordered,2024-02-18
PO0004457,2025-04-04,SUP001,SKU0037,340,324.56,Approved,2025-04-18
PO0004458,2024-08-16,SUP020,SKU0007,506,337.16,Delayed,2024-09-13
PO0004459,2025-08-13,SUP026,SKU0042,1302,16.02,Delayed,2025-09-20
PO0004460,2023-05-18,SUP020,SKU0025,1958,12.27,Received,2023-06-15
PO0004461,2023-05-25,SUP014,SKU0027,2561,243.37,Ordered,2023-07-01
PO0004462,2025-11-23,SUP037,SKU0088,4160,270.47,Delayed,2025-11-28
PO0004463,2025-08-20,SUP009,SKU0087,371,549.26,In Transit,2025-09-10
PO0004464,2025-06-09,SUP042,SKU0104,2780,587.98,Received,2025-07-17
PO0004465,2024-08-31,SUP011,SKU0037,1209,345.63,Approved,2024-09-06
PO0004466,2024-11-05,SUP040,SKU0009,1339,153.11,Ordered,2024-11-13
PO0004467,2024-04-23,SUP022,SKU0115,2001,181.01,Received,2024-05-24
PO0004468,2025-05-23,SUP028,SKU0039,938,53.06,Received,2025-06-16
PO0004469,2025-03-31,SUP009,SKU0034,4756,437.45,In Transit,2025-04-21
PO0004470,2023-03-11,SUP042,SKU0087,3131,528.86,Ordered,2023-04-18
PO0004471,2023-01-09,SUP006,SKU0083,3981,397.45,Ordered,2023-01-25
PO0004472,2023-01-06,SUP029,SKU0083,3446,378.2,In Transit,2023-02-09
PO0004473,2025-05-31,SUP037,SKU0071,2829,158.6,Ordered,2025-06-05
PO0004474,2024-08-17,SUP001,SKU0103,2636,218.04,Received,2024-08-31
PO0004475,2025-10-02,SUP017,SKU0110,1087,389.79,Received,2025-10-14
PO0004476,2024-04-06,SUP005,SKU0117,1690,321.22,In Transit,2024-05-20
PO0004477,2024-10-08,SUP026,SKU0085,894,532.54,Received,2024-11-15
PO0004478,2025-09-30,SUP032,SKU0050,1709,555.14,Approved,2025-11-11
PO0004479,2025-10-13,SUP023,SKU0086,608,88.84,Approved,2025-11-13
PO0004480,2024-01-03,SUP003,SKU0108,1301,429.21,In Transit,2024-02-04
PO0004481,2023-05-26,SUP038,SKU0078,1724,522.59,Ordered,2023-06-19
PO0004482,2024-03-06,SUP030,SKU0117,430,302.38,Delayed,2024-03-29
PO0004483,2024-01-12,SUP019,SKU0090,2643,254.64,Received,2024-01-17
PO0004484,2024-08-09,SUP036,SKU0036,100,448.97,Received,2024-09-05
PO0004485,2025-06-02,SUP002,SKU0049,3736,326.14,In Transit,2025-07-14
PO0004486,2025-05-01,SUP009,SKU0089,1947,371.7,Approved,2025-05-22
PO0004487,2023-01-11,SUP045,SKU0076,3953,225.98,Approved,2023-01-24
PO0004488,2023-05-27,SUP031,SKU0093,379,81.38,Delayed,2023-07-10
PO0004489,2025-01-01,SUP006,SKU0087,4059,560.44,Delayed,2025-01-17
PO0004490,2023-12-07,SUP035,SKU0115,4958,193.64,Received,2024-01-07
PO0004491,2024-12-21,SUP025,SKU0104,1677,603.28,Approved,2025-01-27
PO0004492,2023-05-31,SUP036,SKU0016,3000,217.37,Received,2023-06-27
PO0004493,2024-12-10,SUP035,SKU0047,747,380.67,Approved,2025-01-10
PO0004494,2024-10-19,SUP029,SKU0107,2234,529.84,In Transit,2024-11-22
PO0004495,2025-03-14,SUP043,SKU0072,3096,16.38,Delayed,2025-04-11
PO0004496,2023-08-28,SUP026,SKU0097,484,530.49,Received,2023-10-05
PO0004497,2023-01-06,SUP004,SKU0044,2435,466.81,Ordered,2023-01-16
PO0004498,2023-01-26,SUP046,SKU0037,2651,347.22,Received,2023-03-08
PO0004499,2023-08-29,SUP035,SKU0038,2363,233.33,Ordered,2023-09-29
PO0004500,2023-11-03,SUP012,SKU0052,767,18.16,Approved,2023-11-25
PO0004501,2024-03-04,SUP038,SKU0080,3234,436.86,Ordered,2024-03-28
PO0004502,2023-03-23,SUP016,SKU0002,4308,175.78,In Transit,2023-04-13
PO0004503,2025-03-28,SUP044,SKU0074,2383,458.46,Delayed,2025-04-07
PO0004504,2023-02-13,SUP043,SKU0119,3743,447.91,Approved,2023-03-13
PO0004505,2023-11-07,SUP026,SKU0061,2735,410.49,Delayed,2023-12-15
PO0004506,2024-11-23,SUP006,SKU0006,3230,328.63,Received,2024-12-09
PO0004507,2024-02-28,SUP014,SKU0054,2039,445.52,Received,2024-04-05
PO0004508,2023-09-28,SUP013,SKU0014,554,387.75,In Transit,2023-11-08
PO0004509,2025-08-17,SUP020,SKU0072,2259,18.46,In Transit,2025-09-14
PO0004510,2025-11-04,SUP004,SKU0011,3638,260.18,In Transit,2025-11-14
PO0004511,2025-09-16,SUP003,SKU0068,4987,401.72,Delayed,2025-10-18
PO0004512,2023-08-29,SUP039,SKU0081,859,303.54,Delayed,2023-09-18
PO0004513,2024-07-31,SUP015,SKU0029,746,272.16,Delayed,2024-09-10
PO0004514,2023-10-25,SUP025,SKU0056,3201,164.72,Received,2023-12-01
PO0004515,2024-07-18,SUP036,SKU0089,2873,390.66,Received,2024-08-14
PO0004516,2023-11-30,SUP026,SKU0093,2074,69.63,Approved,2024-01-07
PO0004517,2023-08-17,SUP039,SKU0098,3403,199.32,Received,2023-09-06
PO0004518,2023-11-22,SUP010,SKU0024,248,404.22,In Transit,2023-12-14
PO0004519,2025-08-21,SUP044,SKU0080,157,444.21,Received,2025-08-31
PO0004520,2025-01-14,SUP046,SKU0047,2381,349.17,Delayed,2025-02-24
PO0004521,2023-04-27,SUP035,SKU0044,1227,560.69,Ordered,2023-05-28
PO0004522,2023-06-13,SUP029,SKU0109,620,164.98,Delayed,2023-07-17
PO0004523,2023-05-31,SUP040,SKU0026,4788,214.22,Ordered,2023-06-08
PO0004524,2024-07-11,SUP027,SKU0005,4080,439.13,Received,2024-07-20
PO0004525,2023-09-28,SUP027,SKU0097,1572,489.43,Delayed,2023-10-07
PO0004526,2025-02-08,SUP001,SKU0048,3076,24.45,Approved,2025-02-22
PO0004527,2023-10-10,SUP048,SKU0027,3248,241.02,In Transit,2023-11-04
PO0004528,2024-09-08,SUP002,SKU0072,1162,16.82,In Transit,2024-10-20
PO0004529,2025-07-07,SUP001,SKU0105,1870,422.96,In Transit,2025-07-21
PO0004530,2025-04-01,SUP004,SKU0102,2808,511.08,Approved,2025-04-11
PO0004531,2025-03-16,SUP016,SKU0005,440,405.38,Ordered,2025-04-06
PO0004532,2025-06-07,SUP001,SKU0045,3138,325.22,Delayed,2025-06-21
PO0004533,2025-12-23,SUP042,SKU0046,818,95.22,Received,2026-01-30
PO0004534,2024-06-28,SUP001,SKU0104,4564,560.96,Approved,2024-07-12
PO0004535,2024-03-19,SUP038,SKU0040,458,72.2,Ordered,2024-04-12
PO0004536,2023-05-01,SUP048,SKU0109,2043,177.03,Ordered,2023-05-26
PO0004537,2025-01-17,SUP009,SKU0012,290,29.65,Received,2025-02-07
PO0004538,2023-11-20,SUP045,SKU0093,1738,78.26,Received,2023-12-03
PO0004539,2025-01-29,SUP037,SKU0022,3929,398.15,Received,2025-02-03
PO0004540,2024-04-18,SUP008,SKU0042,4806,15.45,Ordered,2024-05-15
PO0004541,2025-03-14,SUP003,SKU0029,505,303.66,In Transit,2025-04-15
PO0004542,2025-05-31,SUP003,SKU0036,1189,456.05,Received,2025-07-02
PO0004543,2024-12-15,SUP032,SKU0081,2518,310.81,Received,2025-01-26
PO0004544,2024-07-13,SUP041,SKU0020,4937,462.14,Approved,2024-07-23
PO0004545,2024-10-15,SUP019,SKU0067,4661,226.87,Received,2024-10-20
PO0004546,2024-08-07,SUP022,SKU0065,1944,319.45,Approved,2024-09-07
PO0004547,2023-02-03,SUP041,SKU0005,4696,382.57,In Transit,2023-02-13
PO0004548,2025-03-08,SUP023,SKU0004,2970,493.87,Received,2025-04-08
PO0004549,2024-08-02,SUP049,SKU0112,2804,252.11,Received,2024-08-27
PO0004550,2023-11-18,SUP011,SKU0007,4991,346.44,Received,2023-11-24
PO0004551,2023-11-02,SUP008,SKU0092,4141,151.28,Approved,2023-11-29
PO0004552,2024-10-06,SUP045,SKU0007,3437,319.33,Ordered,2024-10-19
PO0004553,2025-04-16,SUP007,SKU0056,3540,191.22,Received,2025-04-29
PO0004554,2025-05-16,SUP002,SKU0027,3767,237.69,Received,2025-06-27
PO0004555,2023-11-12,SUP049,SKU0006,3553,371.19,Received,2023-12-07
PO0004556,2023-02-02,SUP009,SKU0031,1711,100.18,Approved,2023-02-23
PO0004557,2025-01-19,SUP033,SKU0082,3091,89.48,Received,2025-02-05
PO0004558,2024-02-12,SUP044,SKU0013,135,245.8,Ordered,2024-02-22
PO0004559,2023-07-04,SUP028,SKU0036,4171,451.45,Received,2023-07-28
PO0004560,2025-05-16,SUP004,SKU0093,2941,74.68,In Transit,2025-05-26
PO0004561,2023-05-07,SUP024,SKU0090,1156,249.53,Received,2023-05-16
PO0004562,2023-06-03,SUP014,SKU0093,2109,75.64,Received,2023-07-10
PO0004563,2025-06-24,SUP037,SKU0001,2273,298.05,Received,2025-06-29
PO0004564,2024-06-25,SUP047,SKU0017,3093,553.97,Delayed,2024-07-08
PO0004565,2024-10-17,SUP045,SKU0083,3930,391.64,Received,2024-10-30
PO0004566,2025-07-31,SUP008,SKU0118,4791,432.02,Approved,2025-08-27
PO0004567,2025-12-10,SUP041,SKU0052,4815,17.23,Received,2025-12-20
PO0004568,2024-09-07,SUP046,SKU0065,3414,323.71,Received,2024-10-18
PO0004569,2024-11-07,SUP025,SKU0001,1108,330.56,Ordered,2024-12-14
PO0004570,2024-10-22,SUP046,SKU0013,4154,256.34,Delayed,2024-12-02
PO0004571,2025-07-31,SUP026,SKU0052,4580,18.68,Received,2025-09-07
PO0004572,2025-08-17,SUP004,SKU0089,1621,422.28,Delayed,2025-08-27
PO0004573,2025-09-06,SUP031,SKU0047,826,367.06,Ordered,2025-10-20
PO0004574,2023-01-13,SUP042,SKU0046,921,93.68,Ordered,2023-02-20
PO0004575,2023-02-22,SUP039,SKU0073,3048,97.22,Ordered,2023-03-14
PO0004576,2024-03-20,SUP013,SKU0016,1276,225.23,In Transit,2024-04-30
PO0004577,2025-09-08,SUP014,SKU0077,1191,296.1,Received,2025-10-15
PO0004578,2024-08-15,SUP017,SKU0085,427,552.99,In Transit,2024-08-27
PO0004579,2023-10-01,SUP021,SKU0002,2066,189.9,Received,2023-10-17
PO0004580,2025-07-31,SUP025,SKU0120,4963,246.48,Received,2025-09-06
PO0004581,2023-12-05,SUP029,SKU0081,3978,326.28,In Transit,2024-01-08
PO0004582,2023-11-23,SUP015,SKU0009,4482,180.4,Delayed,2024-01-03
PO0004583,2023-10-16,SUP003,SKU0116,1219,131.93,Ordered,2023-11-17
PO0004584,2023-02-14,SUP037,SKU0026,869,210.34,Approved,2023-02-19
PO0004585,2023-05-14,SUP028,SKU0010,1647,32.67,Ordered,2023-06-07
PO0004586,2025-11-23,SUP018,SKU0089,2503,358.04,Received,2025-11-28
PO0004587,2025-10-10,SUP043,SKU0116,678,142.13,In Transit,2025-11-07
PO0004588,2023-11-02,SUP039,SKU0015,174,395.92,Received,2023-11-22
PO0004589,2024-11-09,SUP021,SKU0020,788,409.28,Received,2024-11-25
PO0004590,2024-12-01,SUP009,SKU0058,3286,158.34,Received,2024-12-22
PO0004591,2024-10-24,SUP028,SKU0075,4756,571.23,In Transit,2024-11-17
PO0004592,2023-05-23,SUP013,SKU0059,4614,638.57,Approved,2023-07-03
PO0004593,2023-03-02,SUP001,SKU0076,3322,243.23,Ordered,2023-03-16
PO0004594,2024-03-13,SUP044,SKU0008,1367,432.73,Received,2024-03-23
PO0004595,2023-11-05,SUP009,SKU0086,4136,93.05,Received,2023-11-26
PO0004596,2024-03-23,SUP014,SKU0028,717,174.28,Delayed,2024-04-29
PO0004597,2025-11-02,SUP045,SKU0017,376,641.08,Received,2025-11-15
PO0004598,2024-09-03,SUP047,SKU0014,4016,323.21,Received,2024-09-16
PO0004599,2023-01-08,SUP014,SKU0010,4675,33.59,Ordered,2023-02-14
PO0004600,2025-02-14,SUP003,SKU0065,2844,325.86,Ordered,2025-03-18
PO0004601,2025-10-28,SUP020,SKU0041,1208,502.64,Approved,2025-11-25
PO0004602,2023-03-18,SUP041,SKU0068,3974,455.32,Received,2023-03-28
PO0004603,2023-04-20,SUP009,SKU0088,4163,267.6,Delayed,2023-05-11
PO0004604,2025-06-08,SUP031,SKU0085,3105,590.79,Received,2025-07-22
PO0004605,2025-07-17,SUP027,SKU0042,1228,14.61,Approved,2025-07-26
PO0004606,2025-05-30,SUP011,SKU0035,212,203.29,Ordered,2025-06-05
PO0004607,2025-04-09,SUP013,SKU0028,4264,183.08,Received,2025-05-20
PO0004608,2025-04-06,SUP017,SKU0023,3472,401.41,Received,2025-04-18
PO0004609,2025-07-06,SUP018,SKU0049,2680,316.52,Delayed,2025-07-11
PO0004610,2024-03-03,SUP007,SKU0058,4382,188.49,In Transit,2024-03-16
PO0004611,2025-09-19,SUP048,SKU0008,4804,493.17,Delayed,2025-10-14
PO0004612,2024-07-22,SUP039,SKU0063,733,383.46,Delayed,2024-08-11
PO0004613,2025-11-02,SUP028,SKU0072,381,17.56,In Transit,2025-11-26
PO0004614,2024-10-07,SUP021,SKU0115,216,214.4,In Transit,2024-10-23
PO0004615,2024-03-01,SUP010,SKU0040,3515,74.79,Received,2024-03-23
PO0004616,2024-08-30,SUP014,SKU0001,1144,302.97,Ordered,2024-10-06
PO0004617,2024-06-10,SUP025,SKU0071,930,134.07,Ordered,2024-07-17
PO0004618,2025-12-28,SUP042,SKU0097,711,531.93,Approved,2026-02-04
PO0004619,2024-11-05,SUP040,SKU0039,2461,52.44,Received,2024-11-13
PO0004620,2024-04-11,SUP017,SKU0003,233,37.5,Approved,2024-04-23
PO0004621,2024-01-09,SUP044,SKU0019,3789,467.59,Delayed,2024-01-19
PO0004622,2023-12-01,SUP009,SKU0047,1681,387.05,In Transit,2023-12-22
PO0004623,2024-09-14,SUP032,SKU0059,2559,546.55,Delayed,2024-10-26
PO0004624,2023-11-27,SUP022,SKU0082,3357,103.08,Delayed,2023-12-28
PO0004625,2025-10-29,SUP045,SKU0076,4127,209.92,In Transit,2025-11-11
PO0004626,2025-10-23,SUP034,SKU0065,1257,344.63,Ordered,2025-11-12
PO0004627,2024-02-24,SUP029,SKU0049,4407,319.5,Delayed,2024-03-29
PO0004628,2025-09-16,SUP004,SKU0008,2801,476.42,Received,2025-09-26
PO0004629,2023-05-19,SUP025,SKU0019,4377,430.89,Delayed,2023-06-25
PO0004630,2023-06-07,SUP047,SKU0103,1737,238.71,Received,2023-06-20
PO0004631,2025-01-27,SUP026,SKU0020,2606,421.09,In Transit,2025-03-06
PO0004632,2024-07-09,SUP026,SKU0064,300,95.55,Received,2024-08-16
PO0004633,2025-11-21,SUP028,SKU0085,3735,604.62,In Transit,2025-12-15
PO0004634,2025-03-03,SUP013,SKU0044,4536,490.63,Approved,2025-04-13
PO0004635,2025-06-29,SUP010,SKU0085,1749,577.65,Approved,2025-07-21
PO0004636,2023-04-14,SUP035,SKU0089,586,391.67,Ordered,2023-05-15
PO0004637,2025-05-04,SUP006,SKU0023,3247,376.22,Approved,2025-05-20
PO0004638,2023-07-22,SUP027,SKU0100,2743,328.3,Received,2023-07-31
PO0004639,2025-07-09,SUP044,SKU0071,4249,142.05,Received,2025-07-19
PO0004640,2024-11-07,SUP032,SKU0088,4382,305.57,Received,2024-12-19
PO0004641,2024-11-02,SUP049,SKU0026,3036,238.55,Received,2024-11-27
PO0004642,2023-07-24,SUP012,SKU0084,2187,395.44,Received,2023-08-15
PO0004643,2023-01-12,SUP001,SKU0101,528,473.3,Received,2023-01-26
PO0004644,2024-11-22,SUP034,SKU0087,3499,572.67,Ordered,2024-12-12
PO0004645,2024-08-19,SUP044,SKU0051,570,296.06,Received,2024-08-29
PO0004646,2025-02-22,SUP023,SKU0059,2191,564.38,Ordered,2025-03-25
PO0004647,2023-12-25,SUP017,SKU0023,2578,365.42,In Transit,2024-01-06
PO0004648,2025-08-25,SUP019,SKU0089,140,358.46,Ordered,2025-08-30
PO0004649,2024-02-17,SUP034,SKU0076,3430,248.92,Received,2024-03-08
PO0004650,2023-02-04,SUP033,SKU0091,2011,209.04,Received,2023-02-21
PO0004651,2023-03-27,SUP047,SKU0097,620,510.5,Ordered,2023-04-09
PO0004652,2025-04-16,SUP013,SKU0025,473,12.34,Received,2025-05-27
PO0004653,2024-07-02,SUP010,SKU0060,1838,385.21,Received,2024-07-24
PO0004654,2023-05-05,SUP012,SKU0117,470,341.54,Received,2023-05-27
PO0004655,2023-04-10,SUP035,SKU0063,4480,380.69,In Transit,2023-05-11
PO0004656,2024-07-23,SUP048,SKU0025,666,10.8,Delayed,2024-08-17
PO0004657,2023-01-25,SUP038,SKU0022,3649,393.69,In Transit,2023-02-18
PO0004658,2025-09-01,SUP039,SKU0066,4071,485.67,In Transit,2025-09-21
PO0004659,2025-09-24,SUP009,SKU0038,2334,205.76,Ordered,2025-10-15
PO0004660,2024-07-04,SUP008,SKU0007,1818,318.2,In Transit,2024-07-31
PO0004661,2024-07-07,SUP034,SKU0080,207,428.39,Approved,2024-07-27
PO0004662,2025-08-08,SUP014,SKU0117,2999,338.71,Received,2025-09-14
PO0004663,2025-10-04,SUP020,SKU0116,4273,152.41,Approved,2025-11-01
PO0004664,2024-10-21,SUP032,SKU0052,1924,17.37,Delayed,2024-12-02
PO0004665,2023-02-08,SUP022,SKU0062,4888,283.84,In Transit,2023-03-11
PO0004666,2023-04-03,SUP009,SKU0098,3640,197.95,Delayed,2023-04-24
PO0004667,2024-05-28,SUP018,SKU0120,1305,246.38,Approved,2024-06-02
PO0004668,2024-04-22,SUP006,SKU0008,2998,499.89,In Transit,2024-05-08
PO0004669,2023-10-14,SUP022,SKU0016,4364,207.45,Approved,2023-11-14
PO0004670,2025-08-17,SUP013,SKU0060,2657,357.61,Ordered,2025-09-27
PO0004671,2023-07-17,SUP037,SKU0039,3704,53.5,Received,2023-07-22
PO0004672,2024-08-08,SUP035,SKU0024,3678,416.54,In Transit,2024-09-08
PO0004673,2025-01-18,SUP008,SKU0072,2629,15.76,Received,2025-02-14
PO0004674,2024-07-01,SUP044,SKU0089,4381,403.07,Ordered,2024-07-11
PO0004675,2023-01-08,SUP033,SKU0095,4376,201.67,Ordered,2023-01-25
PO0004676,2024-10-17,SUP042,SKU0019,4359,508.96,Delayed,2024-11-24
PO0004677,2025-11-19,SUP018,SKU0007,968,331.81,Ordered,2025-11-24
PO0004678,2024-05-16,SUP042,SKU0001,1900,305.35,Received,2024-06-23
PO0004679,2023-03-05,SUP048,SKU0103,3053,239.84,Received,2023-03-30
PO0004680,2024-07-27,SUP011,SKU0001,3862,321.82,Received,2024-08-02
PO0004681,2024-08-22,SUP034,SKU0101,1818,445.43,Received,2024-09-11
PO0004682,2024-01-30,SUP045,SKU0022,120,374.23,Ordered,2024-02-12
PO0004683,2024-03-13,SUP043,SKU0053,808,492.01,In Transit,2024-04-10
PO0004684,2023-07-04,SUP030,SKU0109,4530,172.26,Received,2023-07-27
PO0004685,2023-10-28,SUP025,SKU0087,3063,574.11,In Transit,2023-12-04
PO0004686,2024-10-01,SUP027,SKU0096,4595,422.54,Approved,2024-10-10
PO0004687,2025-05-10,SUP010,SKU0094,2029,231.53,Delayed,2025-06-01
PO0004688,2023-10-23,SUP015,SKU0054,3981,424.96,In Transit,2023-12-03
PO0004689,2025-10-26,SUP038,SKU0080,320,489.26,Ordered,2025-11-19
PO0004690,2024-04-11,SUP031,SKU0009,4795,153.15,Delayed,2024-05-25
PO0004691,2025-05-27,SUP021,SKU0096,2334,445.71,Delayed,2025-06-12
PO0004692,2025-07-06,SUP004,SKU0030,4623,451.75,Received,2025-07-16
PO0004693,2025-07-03,SUP038,SKU0077,2745,327.09,Approved,2025-07-27
PO0004694,2025-06-30,SUP027,SKU0020,4166,408.07,Ordered,2025-07-09
PO0004695,2025-12-10,SUP005,SKU0080,4561,449.99,Delayed,2026-01-23
PO0004696,2023-03-23,SUP029,SKU0056,1821,177.7,Approved,2023-04-26
PO0004697,2024-12-23,SUP038,SKU0001,630,315.3,In Transit,2025-01-16
PO0004698,2023-04-29,SUP036,SKU0072,4859,16.57,In Transit,2023-05-26
PO0004699,2025-03-10,SUP011,SKU0027,3417,280.71,Ordered,2025-03-16
PO0004700,2025-11-01,SUP017,SKU0040,4609,71.06,Received,2025-11-13
PO0004701,2024-02-25,SUP034,SKU0080,287,478.6,Approved,2024-03-16
PO0004702,2025-09-07,SUP026,SKU0005,749,385.07,In Transit,2025-10-15
PO0004703,2025-03-28,SUP044,SKU0027,991,246.65,Delayed,2025-04-07
PO0004704,2023-02-27,SUP041,SKU0063,2833,422.19,In Transit,2023-03-09
PO0004705,2023-07-24,SUP010,SKU0087,4745,555.26,In Transit,2023-08-15
PO0004706,2025-12-07,SUP042,SKU0030,3270,505.31,Approved,2026-01-14
PO0004707,2025-11-12,SUP050,SKU0003,1196,44.26,Approved,2025-12-01
PO0004708,2025-09-27,SUP001,SKU0088,3391,274.21,In Transit,2025-10-11
PO0004709,2023-03-17,SUP008,SKU0108,485,409.36,Ordered,2023-04-13
PO0004710,2024-03-25,SUP031,SKU0034,1302,409.26,Ordered,2024-05-08
PO0004711,2025-03-04,SUP036,SKU0036,1992,401.7,Delayed,2025-03-31
PO0004712,2025-11-13,SUP043,SKU0021,3677,514.9,In Transit,2025-12-11
PO0004713,2025-07-19,SUP003,SKU0056,2087,186.69,Approved,2025-08-20
PO0004714,2025-05-11,SUP032,SKU0076,2786,228.13,In Transit,2025-06-22
PO0004715,2025-04-27,SUP034,SKU0095,1945,210.96,Ordered,2025-05-17
PO0004716,2024-11-23,SUP023,SKU0093,3754,67.06,Received,2024-12-24
PO0004717,2025-06-24,SUP016,SKU0023,931,404.26,Delayed,2025-07-15
PO0004718,2024-03-22,SUP007,SKU0119,2745,429.68,Delayed,2024-04-04
PO0004719,2023-03-29,SUP044,SKU0109,2707,170.17,Approved,2023-04-08
PO0004720,2025-01-02,SUP009,SKU0050,866,542.45,In Transit,2025-01-23
PO0004721,2024-03-31,SUP034,SKU0053,2343,526.29,Received,2024-04-20
PO0004722,2024-06-23,SUP003,SKU0019,2649,461.02,In Transit,2024-07-25
PO0004723,2024-03-04,SUP007,SKU0058,725,167.16,Received,2024-03-17
PO0004724,2025-09-16,SUP004,SKU0054,938,483.24,Ordered,2025-09-26
PO0004725,2024-10-22,SUP004,SKU0086,1725,92.13,Received,2024-11-01
PO0004726,2023-08-22,SUP021,SKU0101,3323,515.21,In Transit,2023-09-07
PO0004727,2023-06-02,SUP048,SKU0051,406,309.8,Received,2023-06-27
PO0004728,2025-07-11,SUP040,SKU0036,3756,428.39,Ordered,2025-07-19
PO0004729,2024-04-20,SUP041,SKU0003,2578,44.16,Delayed,2024-04-30
PO0004730,2024-06-30,SUP023,SKU0053,3592,506.24,Received,2024-07-31
PO0004731,2025-04-23,SUP031,SKU0045,4806,380.05,Approved,2025-06-06
PO0004732,2024-04-19,SUP050,SKU0068,3567,449.69,Received,2024-05-08
PO0004733,2024-09-02,SUP002,SKU0094,643,246.44,Ordered,2024-10-14
PO0004734,2024-10-15,SUP031,SKU0013,1891,282.95,In Transit,2024-11-28
PO0004735,2024-03-02,SUP008,SKU0007,3008,332.58,Received,2024-03-29
PO0004736,2025-01-19,SUP029,SKU0048,1412,26.35,Delayed,2025-02-22
PO0004737,2023-10-29,SUP043,SKU0059,3697,553.67,In Transit,2023-11-26
PO0004738,2025-03-16,SUP036,SKU0095,1807,199.99,Ordered,2025-04-12
PO0004739,2023-07-01,SUP022,SKU0054,4681,447.89,Delayed,2023-08-01
PO0004740,2024-09-15,SUP042,SKU0104,1440,605.96,Ordered,2024-10-23
PO0004741,2024-04-09,SUP012,SKU0106,2558,447.33,Delayed,2024-05-01
PO0004742,2025-02-02,SUP005,SKU0047,4605,352.86,Delayed,2025-03-18
PO0004743,2024-06-04,SUP035,SKU0029,2127,301.27,Received,2024-07-05
PO0004744,2023-02-19,SUP030,SKU0113,1798,463.94,Received,2023-03-14
PO0004745,2025-08-22,SUP046,SKU0054,2185,449.78,Delayed,2025-10-02
PO0004746,2023-09-08,SUP023,SKU0119,4788,432.12,Received,2023-10-09
PO0004747,2023-06-18,SUP041,SKU0094,4089,238.23,In Transit,2023-06-28
PO0004748,2023-08-24,SUP028,SKU0089,621,381.48,Received,2023-09-17
PO0004749,2023-01-27,SUP011,SKU0062,1456,243.81,Delayed,2023-02-02
PO0004750,2023-07-12,SUP026,SKU0097,4724,520.72,Delayed,2023-08-19
PO0004751,2024-08-10,SUP007,SKU0093,1967,78.57,Received,2024-08-23
PO0004752,2024-07-14,SUP043,SKU0104,4028,538.78,Approved,2024-08-11
PO0004753,2024-06-06,SUP036,SKU0118,1766,412.97,Received,2024-07-03
PO0004754,2024-08-12,SUP002,SKU0027,1152,268.31,Delayed,2024-09-23
PO0004755,2023-09-14,SUP035,SKU0110,3418,358.21,Delayed,2023-10-15
PO0004756,2024-05-09,SUP013,SKU0118,334,422.35,Received,2024-06-19
PO0004757,2024-12-13,SUP048,SKU0069,342,225.81,Delayed,2025-01-07
PO0004758,2025-02-26,SUP046,SKU0053,1633,466.26,Ordered,2025-04-08
PO0004759,2025-05-01,SUP025,SKU0116,3806,138.1,In Transit,2025-06-07
PO0004760,2025-02-12,SUP027,SKU0001,3490,322.83,Approved,2025-02-21
PO0004761,2023-01-04,SUP009,SKU0002,2667,189.31,Ordered,2023-01-25
PO0004762,2024-07-23,SUP012,SKU0017,362,544.65,Ordered,2024-08-14
PO0004763,2023-10-01,SUP044,SKU0072,1903,16.45,In Transit,2023-10-11
PO0004764,2023-03-23,SUP005,SKU0023,1810,401.13,Received,2023-05-06
PO0004765,2024-03-28,SUP027,SKU0077,4099,305.39,Delayed,2024-04-06
PO0004766,2023-02-03,SUP007,SKU0006,3985,368.61,In Transit,2023-02-16
PO0004767,2023-05-28,SUP021,SKU0036,1326,436.72,Received,2023-06-13
PO0004768,2025-04-06,SUP008,SKU0080,2347,427.94,In Transit,2025-05-03
PO0004769,2023-12-03,SUP014,SKU0041,2109,517.02,Received,2024-01-09
PO0004770,2023-05-09,SUP030,SKU0077,2590,336.4,Received,2023-06-01
PO0004771,2025-06-08,SUP020,SKU0045,1247,384.23,Received,2025-07-06
PO0004772,2023-04-18,SUP008,SKU0092,4602,144.39,Received,2023-05-15
PO0004773,2023-09-20,SUP025,SKU0038,1887,194.27,In Transit,2023-10-27
PO0004774,2024-12-31,SUP048,SKU0002,3224,194.61,Delayed,2025-01-25
PO0004775,2024-11-16,SUP023,SKU0090,4873,280.4,Delayed,2024-12-17
PO0004776,2024-01-10,SUP032,SKU0003,3693,40.59,Received,2024-02-21
PO0004777,2023-07-09,SUP020,SKU0021,468,451.55,In Transit,2023-08-06
PO0004778,2024-10-24,SUP001,SKU0092,1565,155.01,Received,2024-11-07
PO0004779,2024-12-04,SUP005,SKU0041,1806,522.39,Received,2025-01-17
PO0004780,2024-08-13,SUP044,SKU0072,2195,18.54,Received,2024-08-23
PO0004781,2025-09-12,SUP010,SKU0008,1579,464.98,In Transit,2025-10-04
PO0004782,2024-04-13,SUP037,SKU0102,106,452.0,Ordered,2024-04-18
PO0004783,2024-04-23,SUP005,SKU0050,2170,585.67,Received,2024-06-06
PO0004784,2025-02-13,SUP047,SKU0009,785,163.81,Received,2025-02-26
PO0004785,2024-08-21,SUP038,SKU0012,1721,26.98,Approved,2024-09-14
PO0004786,2023-08-23,SUP017,SKU0074,4919,443.23,In Transit,2023-09-04
PO0004787,2025-08-13,SUP038,SKU0061,2695,415.44,Ordered,2025-09-06
PO0004788,2023-01-17,SUP019,SKU0021,214,507.1,Received,2023-01-22
PO0004789,2024-05-14,SUP029,SKU0052,4159,17.64,Received,2024-06-17
PO0004790,2023-07-14,SUP033,SKU0080,1691,406.34,In Transit,2023-07-31
PO0004791,2025-02-04,SUP033,SKU0026,522,201.86,Delayed,2025-02-21
PO0004792,2025-09-10,SUP016,SKU0091,802,188.5,In Transit,2025-10-01
PO0004793,2023-06-22,SUP021,SKU0029,854,322.33,Received,2023-07-08
PO0004794,2024-04-13,SUP028,SKU0109,4043,173.44,Ordered,2024-05-07
PO0004795,2023-08-01,SUP001,SKU0053,4080,535.13,Approved,2023-08-15
PO0004796,2025-07-23,SUP007,SKU0105,471,400.14,Received,2025-08-05
PO0004797,2025-12-10,SUP021,SKU0061,3567,423.16,Received,2025-12-26
PO0004798,2025-07-19,SUP004,SKU0019,3430,487.04,Delayed,2025-07-29
PO0004799,2023-01-05,SUP010,SKU0011,3604,277.64,Delayed,2023-01-27
PO0004800,2024-02-10,SUP016,SKU0073,690,96.03,Received,2024-03-02
PO0004801,2024-01-03,SUP046,SKU0104,1707,497.5,Approved,2024-02-13
PO0004802,2023-04-19,SUP012,SKU0052,1699,15.59,In Transit,2023-05-11
PO0004803,2025-06-03,SUP022,SKU0026,2845,239.5,Approved,2025-07-04
PO0004804,2024-10-30,SUP009,SKU0040,1477,67.89,Approved,2024-11-20
PO0004805,2023-07-16,SUP019,SKU0020,1356,383.77,Received,2023-07-21
PO0004806,2025-09-10,SUP003,SKU0089,944,371.68,Received,2025-10-12
PO0004807,2024-10-16,SUP048,SKU0096,4923,420.28,Approved,2024-11-10
PO0004808,2023-07-15,SUP026,SKU0099,3576,532.65,Ordered,2023-08-22
PO0004809,2025-11-29,SUP010,SKU0113,1154,448.07,Ordered,2025-12-21
PO0004810,2024-07-23,SUP003,SKU0052,358,18.8,Ordered,2024-08-24
PO0004811,2023-09-25,SUP012,SKU0076,1542,209.13,Received,2023-10-17
PO0004812,2023-10-14,SUP042,SKU0096,325,381.22,Delayed,2023-11-21
PO0004813,2023-04-05,SUP005,SKU0050,1032,567.64,Received,2023-05-19
PO0004814,2025-12-30,SUP020,SKU0079,1812,13.89,Approved,2026-01-27
PO0004815,2024-01-30,SUP015,SKU0087,1527,524.69,In Transit,2024-03-11
PO0004816,2025-02-14,SUP008,SKU0039,1858,48.25,Delayed,2025-03-13
PO0004817,2024-06-04,SUP022,SKU0102,3472,487.65,Received,2024-07-05
PO0004818,2023-09-16,SUP014,SKU0046,2592,86.68,Received,2023-10-23
PO0004819,2024-09-03,SUP050,SKU0002,2540,184.36,Received,2024-09-22
PO0004820,2023-01-11,SUP012,SKU0018,2260,524.87,Received,2023-02-02
PO0004821,2025-05-29,SUP013,SKU0057,2292,396.41,Approved,2025-07-09
PO0004822,2024-12-31,SUP016,SKU0016,3682,227.84,Delayed,2025-01-21
PO0004823,2025-08-27,SUP041,SKU0032,2086,397.68,In Transit,2025-09-06
PO0004824,2025-01-08,SUP012,SKU0018,3965,550.34,Received,2025-01-30
PO0004825,2025-04-08,SUP050,SKU0101,854,468.28,Ordered,2025-04-27
PO0004826,2025-02-24,SUP026,SKU0028,3138,188.46,In Transit,2025-04-03
PO0004827,2023-05-16,SUP018,SKU0056,4097,188.48,Received,2023-05-21
PO0004828,2023-11-19,SUP024,SKU0096,2117,445.66,In Transit,2023-11-28
PO0004829,2023-05-05,SUP040,SKU0112,3512,253.05,Approved,2023-05-13
PO0004830,2024-06-29,SUP031,SKU0039,3126,48.88,Received,2024-08-12
PO0004831,2025-01-29,SUP011,SKU0013,2463,289.4,Received,2025-02-04
PO0004832,2025-03-17,SUP028,SKU0078,2703,538.35,Received,2025-04-10
PO0004833,2024-03-02,SUP036,SKU0035,4855,197.81,Delayed,2024-03-29
PO0004834,2025-04-15,SUP009,SKU0071,4823,146.25,Received,2025-05-06
PO0004835,2024-05-26,SUP010,SKU0082,2472,92.95,Delayed,2024-06-17
PO0004836,2025-03-06,SUP032,SKU0083,4952,358.3,Approved,2025-04-17
PO0004837,2024-11-24,SUP031,SKU0061,770,410.42,Received,2025-01-07
PO0004838,2025-05-06,SUP013,SKU0080,4581,484.85,Received,2025-06-16
PO0004839,2024-07-09,SUP014,SKU0041,2447,481.15,Received,2024-08-15
PO0004840,2025-10-21,SUP048,SKU0095,3615,182.16,In Transit,2025-11-15
PO0004841,2023-02-23,SUP027,SKU0053,929,494.21,In Transit,2023-03-04
PO0004842,2023-10-29,SUP019,SKU0111,4732,332.93,Delayed,2023-11-03
PO0004843,2024-04-29,SUP040,SKU0118,4575,420.4,Approved,2024-05-07
PO0004844,2025-04-30,SUP007,SKU0090,3003,285.86,Delayed,2025-05-13
PO0004845,2025-10-21,SUP006,SKU0077,931,307.62,In Transit,2025-11-06
PO0004846,2024-02-07,SUP045,SKU0098,3883,201.79,Ordered,2024-02-20
PO0004847,2023-02-17,SUP032,SKU0098,1805,218.75,Received,2023-03-31
PO0004848,2023-05-01,SUP031,SKU0110,1460,394.59,Approved,2023-06-14
PO0004849,2023-07-15,SUP018,SKU0051,4493,311.67,Received,2023-07-20
PO0004850,2023-02-09,SUP036,SKU0056,1246,174.97,Received,2023-03-08
PO0004851,2024-03-01,SUP008,SKU0083,1179,422.13,Received,2024-03-28
PO0004852,2025-03-26,SUP013,SKU0107,4950,585.02,Received,2025-05-06
PO0004853,2025-03-23,SUP012,SKU0020,2748,435.91,Ordered,2025-04-14
PO0004854,2023-12-03,SUP025,SKU0033,2529,510.79,Received,2024-01-09
PO0004855,2024-02-25,SUP013,SKU0087,4997,497.21,Ordered,2024-04-06
PO0004856,2024-09-07,SUP001,SKU0058,1863,170.08,In Transit,2024-09-21
PO0004857,2024-06-21,SUP033,SKU0012,754,31.88,Approved,2024-07-08
PO0004858,2024-01-07,SUP042,SKU0106,3488,506.97,Received,2024-02-14
PO0004859,2024-08-21,SUP037,SKU0004,3869,450.57,Received,2024-08-26
PO0004860,2025-07-13,SUP044,SKU0052,309,16.82,In Transit,2025-07-23
PO0004861,2024-04-04,SUP014,SKU0117,2792,304.36,Approved,2024-05-11
PO0004862,2023-03-09,SUP007,SKU0026,3291,203.97,Received,2023-03-22
PO0004863,2023-02-26,SUP008,SKU0092,3387,155.99,Ordered,2023-03-25
PO0004864,2024-07-11,SUP047,SKU0118,4893,360.49,Approved,2024-07-24
PO0004865,2024-02-03,SUP015,SKU0079,1997,14.03,Received,2024-03-15
PO0004866,2024-03-17,SUP031,SKU0115,3534,213.06,Delayed,2024-04-30
PO0004867,2024-02-25,SUP044,SKU0002,2341,181.62,Approved,2024-03-06
PO0004868,2024-07-30,SUP003,SKU0089,4714,389.47,Delayed,2024-08-31
PO0004869,2024-06-27,SUP006,SKU0004,608,535.66,Received,2024-07-13
PO0004870,2025-10-07,SUP039,SKU0010,1873,31.36,Received,2025-10-27
PO0004871,2023-07-06,SUP007,SKU0101,3380,436.88,Received,2023-07-19
PO0004872,2023-06-20,SUP050,SKU0082,304,89.89,Received,2023-07-09
PO0004873,2023-11-27,SUP003,SKU0091,1333,197.02,Received,2023-12-29
PO0004874,2025-05-04,SUP008,SKU0020,3411,459.1,Approved,2025-05-31
PO0004875,2023-05-29,SUP040,SKU0011,424,247.61,Ordered,2023-06-06
PO0004876,2023-09-07,SUP050,SKU0106,1743,463.64,Delayed,2023-09-26
PO0004877,2024-11-05,SUP020,SKU0019,4634,450.94,Ordered,2024-12-03
PO0004878,2023-05-03,SUP014,SKU0013,2715,252.77,Received,2023-06-09
PO0004879,2023-05-06,SUP045,SKU0043,4016,137.48,Delayed,2023-05-19
PO0004880,2023-07-16,SUP032,SKU0066,4947,416.15,In Transit,2023-08-27
PO0004881,2025-02-21,SUP004,SKU0110,754,360.85,Received,2025-03-03
PO0004882,2023-07-22,SUP045,SKU0014,807,377.63,Approved,2023-08-04
PO0004883,2024-02-21,SUP009,SKU0018,900,524.8,Received,2024-03-13
PO0004884,2023-02-03,SUP009,SKU0001,2585,353.62,Delayed,2023-02-24
PO0004885,2023-01-09,SUP011,SKU0090,4366,269.61,Delayed,2023-01-15
PO0004886,2023-06-30,SUP019,SKU0108,853,381.64,In Transit,2023-07-05
PO0004887,2025-07-29,SUP041,SKU0019,2550,456.24,Received,2025-08-08
PO0004888,2023-06-03,SUP050,SKU0034,1845,439.83,Received,2023-06-22
PO0004889,2025-11-10,SUP024,SKU0037,4121,351.66,Received,2025-11-19
PO0004890,2024-01-20,SUP039,SKU0040,687,67.19,Approved,2024-02-09
PO0004891,2023-03-18,SUP041,SKU0059,4190,561.64,Approved,2023-03-28
PO0004892,2025-02-15,SUP008,SKU0077,4831,345.66,Ordered,2025-03-14
PO0004893,2024-05-25,SUP042,SKU0102,1343,434.89,Received,2024-07-02
PO0004894,2023-04-09,SUP005,SKU0061,2045,403.87,Received,2023-05-23
PO0004895,2024-03-22,SUP022,SKU0116,521,136.74,Delayed,2024-04-22
PO0004896,2025-06-06,SUP043,SKU0114,1619,286.48,Received,2025-07-04
PO0004897,2024-06-02,SUP023,SKU0106,2861,454.81,Received,2024-07-03
PO0004898,2023-12-26,SUP049,SKU0078,4170,545.92,Approved,2024-01-20
PO0004899,2023-01-05,SUP009,SKU0055,3076,157.54,Delayed,2023-01-26
PO0004900,2023-05-14,SUP046,SKU0072,3921,17.54,In Transit,2023-06-24
PO0004901,2024-07-19,SUP034,SKU0101,4406,524.49,Received,2024-08-08
PO0004902,2025-05-22,SUP025,SKU0052,2412,17.14,In Transit,2025-06-28
PO0004903,2024-03-28,SUP004,SKU0013,350,262.01,In Transit,2024-04-07
PO0004904,2024-11-28,SUP028,SKU0078,3798,505.11,Delayed,2024-12-22
PO0004905,2025-04-03,SUP014,SKU0070,3095,156.16,In Transit,2025-05-10
PO0004906,2024-08-29,SUP010,SKU0112,1609,254.69,Delayed,2024-09-20
PO0004907,2023-06-26,SUP030,SKU0087,1378,527.5,Ordered,2023-07-19
PO0004908,2025-01-10,SUP026,SKU0010,3106,31.27,Received,2025-02-17
PO0004909,2023-01-17,SUP031,SKU0007,284,337.88,Approved,2023-03-02
PO0004910,2024-08-25,SUP042,SKU0009,2348,154.98,Ordered,2024-10-02
PO0004911,2023-01-11,SUP025,SKU0030,4271,486.5,Received,2023-02-17
PO0004912,2024-01-04,SUP017,SKU0038,431,224.94,In Transit,2024-01-16
PO0004913,2025-06-30,SUP050,SKU0079,940,15.81,Approved,2025-07-19
PO0004914,2025-04-23,SUP027,SKU0022,4535,390.74,Delayed,2025-05-02
PO0004915,2024-07-10,SUP049,SKU0082,921,98.55,In Transit,2024-08-04
PO0004916,2023-10-16,SUP001,SKU0027,3964,258.62,Ordered,2023-10-30
PO0004917,2025-10-24,SUP047,SKU0028,1011,163.9,Delayed,2025-11-06
PO0004918,2023-11-27,SUP009,SKU0022,1978,355.75,Ordered,2023-12-18
PO0004919,2024-01-06,SUP012,SKU0115,4655,185.97,Approved,2024-01-28
PO0004920,2024-07-22,SUP031,SKU0012,2776,31.15,In Transit,2024-09-04
PO0004921,2024-01-30,SUP023,SKU0020,4941,431.93,Approved,2024-03-01
PO0004922,2023-01-03,SUP018,SKU0076,855,208.76,In Transit,2023-01-08
PO0004923,2024-07-02,SUP029,SKU0070,1048,151.79,Approved,2024-08-05
PO0004924,2023-08-25,SUP016,SKU0078,2942,538.36,Received,2023-09-15
PO0004925,2024-02-02,SUP021,SKU0119,3729,482.92,Ordered,2024-02-18
PO0004926,2025-12-22,SUP038,SKU0096,1175,449.9,Approved,2026-01-15
PO0004927,2025-06-13,SUP019,SKU0003,1063,42.79,Delayed,2025-06-18
PO0004928,2025-01-06,SUP032,SKU0050,4659,591.65,In Transit,2025-02-17
PO0004929,2025-08-09,SUP034,SKU0007,2068,296.38,In Transit,2025-08-29
PO0004930,2023-02-05,SUP005,SKU0110,294,403.56,Approved,2023-03-21
PO0004931,2024-08-12,SUP046,SKU0038,2798,201.76,Approved,2024-09-22
PO0004932,2024-11-12,SUP049,SKU0009,1134,177.68,In Transit,2024-12-07
PO0004933,2023-07-15,SUP042,SKU0007,2251,313.31,In Transit,2023-08-22
PO0004934,2025-04-19,SUP030,SKU0045,2457,374.51,Delayed,2025-05-12
PO0004935,2023-09-21,SUP036,SKU0060,398,359.28,Delayed,2023-10-18
PO0004936,2025-11-10,SUP044,SKU0030,4650,512.78,Ordered,2025-11-20
PO0004937,2023-02-16,SUP025,SKU0072,1918,18.13,Received,2023-03-25
PO0004938,2023-02-21,SUP044,SKU0081,1962,298.95,In Transit,2023-03-03
PO0004939,2023-08-25,SUP043,SKU0097,1295,473.88,Delayed,2023-09-22
PO0004940,2025-06-29,SUP017,SKU0080,2062,475.1,Received,2025-07-11
PO0004941,2023-01-29,SUP021,SKU0083,2819,389.26,Received,2023-02-14
PO0004942,2025-10-06,SUP024,SKU0050,4952,547.56,Delayed,2025-10-15
PO0004943,2023-02-12,SUP035,SKU0112,2379,241.22,Delayed,2023-03-15
PO0004944,2023-01-02,SUP027,SKU0059,3621,592.61,Approved,2023-01-11
PO0004945,2024-09-02,SUP023,SKU0102,1355,472.64,In Transit,2024-10-03
PO0004946,2025-05-28,SUP001,SKU0043,3190,123.94,Approved,2025-06-11
PO0004947,2025-03-06,SUP022,SKU0040,3543,70.32,Ordered,2025-04-06
PO0004948,2025-07-15,SUP049,SKU0033,2339,513.62,Approved,2025-08-09
PO0004949,2023-06-19,SUP026,SKU0044,2707,480.53,Received,2023-07-27
PO0004950,2023-07-10,SUP015,SKU0102,3526,486.2,Approved,2023-08-20
PO0004951,2024-09-04,SUP038,SKU0013,4620,245.3,Received,2024-09-28
PO0004952,2024-03-26,SUP041,SKU0003,267,41.73,Ordered,2024-04-05
PO0004953,2025-09-07,SUP047,SKU0012,3364,29.69,Ordered,2025-09-20
PO0004954,2025-03-25,SUP019,SKU0085,2306,566.59,Received,2025-03-30
PO0004955,2024-01-05,SUP021,SKU0115,174,201.01,Delayed,2024-01-21
PO0004956,2024-01-13,SUP016,SKU0086,1253,101.54,Ordered,2024-02-03
PO0004957,2024-03-11,SUP020,SKU0004,4296,442.35,Approved,2024-04-08
PO0004958,2024-07-14,SUP006,SKU0076,3822,239.59,Received,2024-07-30
PO0004959,2023-08-15,SUP047,SKU0069,2811,215.44,Received,2023-08-28
PO0004960,2023-08-10,SUP021,SKU0040,4479,68.59,Received,2023-08-26
PO0004961,2024-07-31,SUP038,SKU0020,335,414.02,Received,2024-08-24
PO0004962,2025-02-14,SUP001,SKU0032,1428,397.75,Received,2025-02-28
PO0004963,2025-07-15,SUP004,SKU0119,2059,489.07,Ordered,2025-07-25
PO0004964,2024-03-29,SUP043,SKU0067,1282,212.67,Received,2024-04-26
PO0004965,2024-08-19,SUP023,SKU0015,1585,405.72,Approved,2024-09-19
PO0004966,2024-10-21,SUP041,SKU0037,4505,390.65,Ordered,2024-10-31
PO0004967,2025-12-11,SUP025,SKU0050,1954,490.77,Approved,2026-01-17
PO0004968,2023-10-14,SUP039,SKU0082,3664,96.7,Delayed,2023-11-03
PO0004969,2023-07-05,SUP029,SKU0071,1393,133.16,Received,2023-08-08
PO0004970,2023-11-18,SUP039,SKU0013,1237,286.77,Approved,2023-12-08
PO0004971,2024-09-10,SUP006,SKU0058,3436,172.46,Ordered,2024-09-26
PO0004972,2023-09-02,SUP023,SKU0025,2072,11.67,Received,2023-10-03
PO0004973,2025-02-22,SUP039,SKU0067,1819,206.62,Approved,2025-03-14
PO0004974,2025-03-22,SUP015,SKU0065,1133,338.92,Approved,2025-05-02
PO0004975,2024-03-17,SUP008,SKU0023,1989,390.47,In Transit,2024-04-13
PO0004976,2023-04-03,SUP020,SKU0100,4455,356.95,Received,2023-05-01
PO0004977,2023-01-16,SUP012,SKU0063,1338,366.32,Approved,2023-02-07
PO0004978,2023-04-10,SUP007,SKU0113,4822,458.09,Ordered,2023-04-23
PO0004979,2024-03-09,SUP024,SKU0068,1948,429.36,Received,2024-03-18
PO0004980,2023-06-23,SUP039,SKU0101,606,436.07,Delayed,2023-07-13
PO0004981,2023-02-14,SUP012,SKU0019,4865,487.58,Received,2023-03-08
PO0004982,2023-07-23,SUP025,SKU0066,1297,423.8,Received,2023-08-29
PO0004983,2025-02-10,SUP046,SKU0040,2400,73.73,Approved,2025-03-23
PO0004984,2025-11-18,SUP048,SKU0045,3118,347.39,In Transit,2025-12-13
PO0004985,2024-09-25,SUP001,SKU0010,3782,35.1,In Transit,2024-10-09
PO0004986,2023-10-20,SUP015,SKU0046,103,88.53,Received,2023-11-30
PO0004987,2024-03-20,SUP009,SKU0011,2019,239.08,Received,2024-04-10
PO0004988,2025-08-17,SUP030,SKU0006,4478,362.02,Received,2025-09-09
PO0004989,2024-11-09,SUP025,SKU0075,2472,543.87,Received,2024-12-16
PO0004990,2024-05-16,SUP029,SKU0087,205,569.86,Approved,2024-06-19
PO0004991,2024-08-28,SUP049,SKU0098,2989,206.51,In Transit,2024-09-22
PO0004992,2023-08-02,SUP006,SKU0079,3797,16.09,Received,2023-08-18
PO0004993,2025-05-11,SUP046,SKU0079,3606,14.23,Received,2025-06-21
PO0004994,2023-12-29,SUP043,SKU0009,3957,173.03,Received,2024-01-26
PO0004995,2023-05-18,SUP009,SKU0062,317,281.47,Ordered,2023-06-08
PO0004996,2023-06-27,SUP045,SKU0055,2730,163.93,Approved,2023-07-10
PO0004997,2025-04-13,SUP043,SKU0075,707,583.06,In Transit,2025-05-11
PO0004998,2023-05-03,SUP010,SKU0001,1181,310.43,Delayed,2023-05-25
PO0004999,2023-08-22,SUP026,SKU0081,4019,308.67,Delayed,2023-09-29
PO0005000,2025-06-23,SUP002,SKU0021,3265,511.69,Received,2025-08-04
